Date,Open,High,Low,Close,Volume,Currency
2016-01-03,54.97,55.69,54.27,55.55,1284666,USD
2016-01-04,55.86,56.1,53.88,54.7,1232134,USD
2016-01-05,53.47,54.25,51.84,52.31,1239999,USD
2016-01-06,51.26,51.7,49.48,49.95,1520951,USD
2016-01-07,50.45,51.08,48.97,49.01,1127383,USD
2016-01-10,49.24,49.53,47.38,48.04,1313184,USD
2016-01-11,48.79,49.18,48.05,48.95,1299073,USD
2016-01-12,49.62,51.27,47.3,47.71,1463343,USD
2016-01-13,48.03,49.65,46.84,48.9,1303152,USD
2016-01-14,47.64,48.02,45.78,47.91,1446852,USD
2016-01-18,48.48,49.5,47.57,48.42,1699817,USD
2016-01-19,47.56,48.79,46.16,48.01,1356484,USD
2016-01-20,47.99,50.74,47.42,49.43,1844342,USD
2016-01-21,50.66,52.27,50.65,51.29,1533257,USD
2016-01-24,51.09,51.25,49.7,49.98,1634121,USD
2016-01-25,50.37,52.47,50.08,51.88,1524251,USD
2016-01-26,51.55,52.26,50.44,50.93,1430109,USD
2016-01-27,51.65,52.52,51.28,51.76,1176720,USD
2016-01-28,51.79,52.66,51.15,52.64,2887743,USD
2016-01-31,51.87,52.95,50.97,52.82,1463801,USD
2016-02-01,52.17,53.02,51.35,51.86,1279462,USD
2016-02-02,52.66,53.62,51.16,53.52,1447674,USD
2016-02-03,53.64,54.26,51.23,51.95,2213785,USD
2016-02-04,51.38,52.7,50.72,51.54,1380315,USD
2016-02-07,50.91,50.91,47.49,48.79,1940734,USD
2016-02-08,48.22,50.02,48.08,49.89,1709354,USD
2016-02-09,50.6,51.05,49.41,50.09,1101431,USD
2016-02-10,48.78,50.83,48.42,50.09,1185991,USD
2016-02-11,50.68,52.02,50.04,51.38,1183953,USD
2016-02-15,52.19,52.62,51.05,52.32,1652004,USD
2016-02-16,52.94,54.25,52.51,52.77,1782805,USD
2016-02-17,51.34,55.59,50.95,54.53,3044545,USD
2016-02-18,54.42,54.54,53.27,54.48,1036930,USD
2016-02-21,54.84,55.49,54.65,54.83,1382581,USD
2016-02-22,54.47,55.59,52.51,52.66,1223886,USD
2016-02-23,51.97,53.36,51.03,53.31,971000,USD
2016-02-24,53.6,55.46,53.26,55.44,832996,USD
2016-02-25,55.94,56.86,55.55,56.56,884999,USD
2016-02-28,56.6,57.95,56.11,56.22,1447718,USD
2016-02-29,57.12,58.86,57.0,58.66,1483948,USD
2016-03-01,58.26,59.42,57.37,57.71,1144861,USD
2016-03-02,57.48,57.89,56.03,57.22,1257771,USD
2016-03-03,57.52,59.88,57.35,59.17,1394242,USD
2016-03-06,59.02,59.97,57.92,58.8,1807980,USD
2016-03-07,58.33,59.13,58.05,58.48,1502484,USD
2016-03-08,58.8,60.34,58.6,60.24,1418117,USD
2016-03-09,59.89,60.54,58.93,59.38,1365227,USD
2016-03-10,59.79,61.9,59.45,61.24,1109494,USD
2016-03-13,60.38,60.96,59.73,60.02,1350693,USD
2016-03-14,59.34,60.04,58.84,59.19,1318408,USD
2016-03-15,59.1,61.69,59.1,61.62,1461266,USD
2016-03-16,61.47,62.87,60.76,62.43,1335412,USD
2016-03-17,62.36,62.75,60.7,61.38,1907553,USD
2016-03-20,61.38,61.93,60.95,61.64,1155246,USD
2016-03-21,61.36,62.56,61.19,62.16,1225732,USD
2016-03-22,61.95,62.19,61.26,61.39,1055188,USD
2016-03-23,60.67,62.09,60.34,61.92,711052,USD
2016-03-27,61.99,62.26,61.52,62.12,811791,USD
2016-03-28,62.09,63.0,61.51,62.96,797954,USD
2016-03-29,63.29,64.25,62.91,63.99,1074272,USD
2016-03-30,63.88,64.33,63.65,63.93,1224793,USD
2016-03-31,63.44,65.5,63.4,65.2,2455911,USD
2016-04-03,65.38,65.9,64.99,65.33,1470131,USD
2016-04-04,64.62,65.48,64.06,64.5,822602,USD
2016-04-05,64.43,66.08,63.73,66.03,1237245,USD
2016-04-06,65.9,66.93,64.24,64.69,1328200,USD
2016-04-07,65.64,65.72,64.46,64.85,1559643,USD
2016-04-10,65.13,65.94,65.04,65.25,1118501,USD
2016-04-11,65.58,65.85,65.26,65.3,1070043,USD
2016-04-12,65.8,66.32,64.43,65.0,2325275,USD
2016-04-13,65.24,65.89,64.89,65.45,1849733,USD
2016-04-14,65.74,65.85,65.04,65.37,1499181,USD
2016-04-17,64.89,65.55,64.75,65.49,939645,USD
2016-04-18,65.85,65.85,64.6,65.34,1958164,USD
2016-04-19,65.23,65.76,64.5,65.65,1519109,USD
2016-04-20,65.65,65.99,65.53,65.64,1288338,USD
2016-04-21,65.66,66.71,65.66,66.24,1269617,USD
2016-04-24,66.37,66.87,66.15,66.59,1004911,USD
2016-04-25,66.97,67.95,66.78,67.76,1231918,USD
2016-04-26,67.67,68.75,67.28,67.86,817423,USD
2016-04-27,67.47,67.65,66.15,66.42,649532,USD
2016-04-28,66.45,66.45,65.57,66.16,1069378,USD
2016-05-01,66.42,68.36,66.18,67.9,1177211,USD
2016-05-02,67.56,68.09,66.83,67.33,872540,USD
2016-05-03,66.99,67.57,66.36,66.59,788408,USD
2016-05-04,66.78,68.13,66.78,67.1,1051721,USD
2016-05-05,66.97,69.07,66.67,68.63,1424514,USD
2016-05-08,68.37,70.22,67.07,67.28,1779318,USD
2016-05-09,67.38,68.41,67.06,67.86,1516058,USD
2016-05-10,70.76,75.75,70.67,74.65,5794550,USD
2016-05-11,75.61,76.43,74.76,75.87,2190989,USD
2016-05-12,75.59,76.33,74.35,76.16,2189207,USD
2016-05-15,76.82,78.4,76.75,77.81,1842477,USD
2016-05-16,77.82,78.26,75.95,76.17,1830342,USD
2016-05-17,75.83,77.25,75.77,76.17,1598910,USD
2016-05-18,75.69,76.67,75.0,75.77,1619735,USD
2016-05-19,76.42,77.38,76.12,76.36,1246737,USD
2016-05-22,75.86,76.75,75.86,76.37,1177948,USD
2016-05-23,76.89,77.48,76.31,76.34,1827404,USD
2016-05-24,76.9,79.04,76.39,78.87,1200153,USD
2016-05-25,79.27,79.73,78.15,79.04,1216755,USD
2016-05-26,79.0,80.21,78.81,80.09,1091658,USD
2016-05-30,80.0,80.07,78.01,78.5,1486695,USD
2016-05-31,78.5,80.0,77.53,79.68,1293170,USD
2016-06-01,79.13,79.95,79.12,79.84,629910,USD
2016-06-02,80.0,80.35,79.15,80.0,855054,USD
2016-06-05,80.48,82.16,80.1,80.96,1048046,USD
2016-06-06,81.39,81.82,80.8,81.29,853767,USD
2016-06-07,81.61,82.37,80.82,81.21,1524294,USD
2016-06-08,80.64,81.02,79.83,80.26,1124586,USD
2016-06-09,80.0,80.42,79.25,79.83,1024749,USD
2016-06-12,79.36,79.77,78.11,78.15,1117118,USD
2016-06-13,78.0,78.48,77.02,78.4,1162938,USD
2016-06-14,78.58,80.05,78.42,79.71,1434142,USD
2016-06-15,79.31,80.05,78.91,79.99,909058,USD
2016-06-16,83.19,84.99,82.21,82.8,3531123,USD
2016-06-19,83.51,83.98,82.66,83.01,1736873,USD
2016-06-20,82.95,83.84,82.0,83.62,1204115,USD
2016-06-21,83.62,83.87,82.81,83.32,1014086,USD
2016-06-22,83.95,84.71,83.79,84.4,798969,USD
2016-06-23,81.27,82.46,78.6,78.98,2465365,USD
2016-06-26,77.44,78.09,74.86,75.34,2711001,USD
2016-06-27,76.81,78.49,76.14,78.29,2707421,USD
2016-06-28,79.46,79.85,78.59,79.12,1928740,USD
2016-06-29,79.13,80.5,77.92,79.31,24895474,USD
2016-06-30,79.45,82.28,79.45,81.32,1588409,USD
2016-07-04,80.08,80.21,79.43,79.9,1366398,USD
2016-07-05,79.39,80.96,78.81,80.86,1341121,USD
2016-07-06,81.18,82.2,80.88,81.32,865299,USD
2016-07-07,82.2,83.99,81.99,83.58,1268457,USD
2016-07-10,83.92,84.0,83.11,83.63,1277333,USD
2016-07-11,84.38,86.07,84.25,85.22,1299116,USD
2016-07-12,85.52,85.75,85.02,85.55,955343,USD
2016-07-13,85.97,86.97,85.82,86.04,707623,USD
2016-07-14,86.42,87.29,86.01,86.35,899495,USD
2016-07-17,86.23,86.43,85.34,86.21,700926,USD
2016-07-18,85.95,86.36,85.56,85.92,630110,USD
2016-07-19,86.04,86.89,85.9,86.62,948546,USD
2016-07-20,86.26,86.6,83.85,84.27,1265574,USD
2016-07-21,84.63,85.43,84.11,85.01,875043,USD
2016-07-24,85.0,86.23,84.78,86.2,1229767,USD
2016-07-25,86.2,86.21,84.88,85.52,909348,USD
2016-07-26,85.37,85.51,84.12,84.82,841051,USD
2016-07-27,84.66,86.14,84.25,85.11,1037734,USD
2016-07-28,84.79,84.8,83.31,84.17,1702227,USD
2016-07-31,84.22,84.49,83.58,83.91,1782679,USD
2016-08-01,84.26,84.76,83.67,84.37,2035317,USD
2016-08-02,84.51,84.58,83.11,83.99,2404049,USD
2016-08-03,84.17,84.66,80.39,82.12,2906576,USD
2016-08-04,82.22,82.65,81.49,82.33,1723331,USD
2016-08-07,82.33,82.66,81.54,82.17,1495493,USD
2016-08-08,82.49,82.67,81.72,82.01,1487424,USD
2016-08-09,82.03,82.33,81.4,82.09,1298506,USD
2016-08-10,82.12,83.11,81.62,82.58,1133081,USD
2016-08-11,82.41,83.73,82.21,83.01,1139558,USD
2016-08-14,83.48,84.79,83.28,84.08,1135752,USD
2016-08-15,84.28,84.33,81.63,81.73,1066091,USD
2016-08-16,81.78,81.83,80.18,80.55,1183178,USD
2016-08-17,81.01,81.32,80.8,81.28,1070082,USD
2016-08-18,81.0,82.92,80.82,82.74,1755977,USD
2016-08-21,82.28,83.85,81.74,83.85,1088950,USD
2016-08-22,84.5,86.5,84.16,84.17,1299809,USD
2016-08-23,83.84,84.41,81.95,82.19,1566057,USD
2016-08-24,82.31,83.38,82.13,82.57,753960,USD
2016-08-25,82.92,83.52,81.33,81.79,879536,USD
2016-08-28,81.93,82.95,81.65,82.75,740881,USD
2016-08-29,82.75,83.5,81.59,81.73,760448,USD
2016-08-30,81.25,81.25,79.71,79.97,1308176,USD
2016-08-31,79.95,81.3,79.56,81.3,1181887,USD
2016-09-01,82.46,82.49,81.1,81.96,895248,USD
2016-09-05,82.13,83.04,81.85,83.04,956746,USD
2016-09-06,82.71,83.07,82.13,82.95,924661,USD
2016-09-07,82.76,83.04,80.87,80.92,984259,USD
2016-09-08,79.91,80.5,76.51,76.82,1849054,USD
2016-09-11,75.6,77.72,75.11,77.44,1525870,USD
2016-09-12,76.78,77.53,75.73,76.09,1373452,USD
2016-09-13,76.05,76.44,75.13,75.72,1657654,USD
2016-09-14,75.9,77.31,75.39,77.25,1792692,USD
2016-09-15,76.83,77.15,75.78,76.73,2304890,USD
2016-09-18,77.11,77.98,77.04,77.64,776972,USD
2016-09-19,77.93,78.56,76.79,76.79,958541,USD
2016-09-20,77.56,80.23,77.51,80.19,1483474,USD
2016-09-21,81.02,81.8,80.91,81.2,1587474,USD
2016-09-22,80.77,81.08,80.21,80.75,1193957,USD
2016-09-25,80.86,82.18,80.78,81.7,1351216,USD
2016-09-26,81.41,82.86,81.41,82.75,831857,USD
2016-09-27,83.44,84.99,83.02,84.87,1027670,USD
2016-09-28,84.87,85.31,83.07,83.15,1199944,USD
2016-09-29,83.93,85.83,83.49,85.49,1380522,USD
2016-10-02,85.2,85.45,84.09,84.83,966403,USD
2016-10-03,84.97,85.38,82.54,82.62,1056738,USD
2016-10-04,83.42,83.92,82.72,83.44,974715,USD
2016-10-05,83.03,83.87,82.91,83.64,979610,USD
2016-10-06,83.83,83.83,81.63,82.37,973986,USD
2016-10-09,83.22,84.48,83.09,83.48,623019,USD
2016-10-10,83.03,83.19,81.31,81.72,523134,USD
2016-10-11,81.71,81.71,80.27,81.15,807830,USD
2016-10-12,80.26,80.95,79.08,80.44,662936,USD
2016-10-13,81.14,81.78,80.77,80.86,621162,USD
2016-10-16,80.81,81.51,80.75,81.26,595882,USD
2016-10-17,82.47,82.71,81.63,81.66,503436,USD
2016-10-18,81.8,82.65,81.01,82.59,552876,USD
2016-10-19,81.95,83.44,81.88,83.02,437137,USD
2016-10-20,82.89,82.89,81.54,82.2,594378,USD
2016-10-23,83.04,83.48,82.2,83.36,608492,USD
2016-10-24,83.19,83.19,82.0,82.1,424553,USD
2016-10-25,81.29,82.0,80.68,81.09,697233,USD
2016-10-26,81.76,82.41,81.27,82.05,634924,USD
2016-10-27,82.25,84.04,82.23,82.91,648208,USD
2016-10-30,82.96,84.17,82.74,83.55,1105193,USD
2016-10-31,83.57,84.26,82.22,82.9,1071269,USD
2016-11-01,82.51,82.93,81.8,82.25,627028,USD
2016-11-02,82.6,84.48,82.3,83.8,1009159,USD
2016-11-03,83.6,84.41,82.7,83.48,845387,USD
2016-11-06,85.02,86.88,84.69,86.28,1412329,USD
2016-11-07,85.99,86.88,82.68,82.75,1818244,USD
2016-11-08,81.91,82.21,79.21,80.42,2626928,USD
2016-11-09,80.73,82.0,80.1,81.52,1302203,USD
2016-11-10,81.0,81.48,80.14,80.43,1115445,USD
2016-11-13,80.72,81.0,76.32,77.08,1933853,USD
2016-11-14,77.25,80.16,77.25,80.12,1270821,USD
2016-11-15,80.29,81.81,79.84,81.55,1076565,USD
2016-11-16,81.93,83.22,81.78,82.97,900278,USD
2016-11-17,82.95,83.28,82.18,82.46,529783,USD
2016-11-20,82.81,83.9,82.58,83.85,744011,USD
2016-11-21,84.01,84.6,83.52,84.3,653920,USD
2016-11-22,83.9,84.19,83.04,83.88,630260,USD
2016-11-24,83.93,84.5,83.71,84.0,200210,USD
2016-11-27,84.1,84.78,83.91,83.96,547622,USD
2016-11-28,83.58,87.17,83.1,85.95,1158604,USD
2016-11-29,86.61,88.73,86.61,87.78,1721405,USD
2016-11-30,88.29,88.29,85.4,85.65,1159052,USD
2016-12-01,85.68,85.98,84.37,84.86,677871,USD
2016-12-04,85.56,86.45,85.41,86.28,1173757,USD
2016-12-05,85.74,86.63,85.6,86.32,1332584,USD
2016-12-06,86.24,88.87,86.24,88.8,805174,USD
2016-12-07,90.0,92.24,89.31,91.8,1564406,USD
2016-12-08,91.68,91.68,90.13,90.69,869410,USD
2016-12-11,90.9,91.6,90.66,91.32,710694,USD
2016-12-12,91.47,91.74,90.29,91.12,974030,USD
2016-12-13,91.15,91.8,89.88,89.94,1428645,USD
2016-12-14,90.34,90.79,89.32,89.82,811192,USD
2016-12-15,90.05,90.51,88.08,89.23,1634576,USD
2016-12-18,89.46,89.66,88.38,89.0,811221,USD
2016-12-19,89.1,89.81,88.67,89.34,460213,USD
2016-12-20,89.34,89.99,89.08,89.28,396137,USD
2016-12-21,89.0,89.53,88.21,88.42,379060,USD
2016-12-22,88.48,88.85,87.72,88.82,226874,USD
2016-12-26,88.89,89.46,88.6,89.01,228936,USD
2016-12-27,89.05,89.41,86.5,86.58,604161,USD
2016-12-28,86.73,87.14,86.31,87.07,355199,USD
2016-12-29,87.34,87.74,85.6,86.08,470078,USD
2017-01-02,87.15,88.11,86.98,88.05,975594,USD
2017-01-03,88.72,91.15,88.69,90.7,1147617,USD
2017-01-04,90.64,91.39,89.73,90.39,913202,USD
2017-01-05,90.62,91.0,89.86,90.81,550924,USD
2017-01-08,90.73,90.98,90.37,90.48,936082,USD
2017-01-09,90.86,91.17,89.09,89.88,825022,USD
2017-01-10,90.57,94.13,90.08,93.3,1807512,USD
2017-01-11,93.53,94.31,92.2,93.75,1042241,USD
2017-01-12,94.17,94.94,93.34,94.0,603367,USD
2017-01-16,95.14,95.79,93.91,94.35,844809,USD
2017-01-17,94.84,95.01,92.3,92.6,1104758,USD
2017-01-18,92.75,94.41,92.54,93.05,609555,USD
2017-01-19,93.56,94.05,92.84,93.36,701571,USD
2017-01-22,93.38,93.91,92.85,93.7,349404,USD
2017-01-23,93.94,95.84,93.71,95.55,921858,USD
2017-01-24,95.82,95.86,93.25,94.0,1083689,USD
2017-01-25,94.09,95.89,94.04,95.48,796465,USD
2017-01-26,95.34,95.87,94.76,95.42,452959,USD
2017-01-29,94.79,94.85,93.51,94.57,677403,USD
2017-01-30,94.61,94.67,92.52,92.64,1453745,USD
2017-01-31,93.19,93.64,91.66,93.41,855154,USD
2017-02-01,93.4,93.4,91.5,92.91,589377,USD
2017-02-02,93.38,94.45,93.0,94.27,446840,USD
2017-02-05,94.04,94.47,93.77,94.29,478070,USD
2017-02-06,94.0,94.45,92.26,92.8,756853,USD
2017-02-07,92.91,94.39,92.2,94.35,661576,USD
2017-02-08,94.39,94.85,93.65,93.91,498796,USD
2017-02-09,94.45,94.45,93.27,93.7,637821,USD
2017-02-12,94.33,95.41,93.65,94.75,660451,USD
2017-02-13,94.37,94.37,90.35,91.19,1654798,USD
2017-02-14,91.31,93.01,91.02,92.76,1510466,USD
2017-02-15,92.88,93.99,92.07,92.41,593715,USD
2017-02-16,92.44,92.8,91.57,91.92,1016681,USD
2017-02-20,92.51,93.83,92.41,93.78,790165,USD
2017-02-21,93.41,93.65,92.38,92.44,652884,USD
2017-02-22,93.12,93.24,91.77,92.41,738585,USD
2017-02-23,91.93,93.14,91.02,92.93,699996,USD
2017-02-26,92.99,93.4,92.22,92.46,930582,USD
2017-02-27,95.8,102.56,95.74,101.51,4246486,USD
2017-02-28,102.9,104.33,102.0,102.66,2591772,USD
2017-03-01,102.81,104.78,102.15,103.06,2040092,USD
2017-03-02,103.4,105.2,103.08,104.77,1153370,USD
2017-03-05,101.92,102.67,98.63,102.11,2329009,USD
2017-03-06,102.11,104.82,101.57,103.79,1396714,USD
2017-03-07,103.59,103.89,102.24,102.74,1285087,USD
2017-03-08,102.96,103.37,102.03,102.5,1457145,USD
2017-03-09,102.7,104.01,102.36,103.05,1422587,USD
2017-03-12,102.58,104.55,102.15,104.5,1336579,USD
2017-03-13,104.01,104.39,103.06,103.95,752577,USD
2017-03-14,104.5,105.51,103.86,105.22,781737,USD
2017-03-15,105.1,105.73,103.71,104.01,1017449,USD
2017-03-16,104.49,106.53,104.4,106.21,1436880,USD
2017-03-19,106.04,106.19,105.12,106.07,1032380,USD
2017-03-20,106.07,107.56,104.07,104.25,1249475,USD
2017-03-21,104.6,105.47,103.3,105.22,985380,USD
2017-03-22,105.18,106.39,104.84,105.15,690021,USD
2017-03-23,105.54,106.18,104.03,104.45,527424,USD
2017-03-26,103.62,104.95,102.65,104.6,841113,USD
2017-03-27,104.58,105.46,104.13,104.88,805014,USD
2017-03-28,105.0,105.95,104.9,105.04,916612,USD
2017-03-29,105.08,106.09,104.84,105.14,671426,USD
2017-03-30,104.96,106.49,104.38,105.64,936769,USD
2017-04-02,105.73,106.3,103.83,105.03,991543,USD
2017-04-03,104.97,105.92,104.81,105.5,884044,USD
2017-04-04,105.69,106.7,104.91,105.21,1168305,USD
2017-04-05,105.33,106.17,104.9,106.03,705113,USD
2017-04-06,106.02,106.3,105.51,105.94,1211635,USD
2017-04-09,106.02,106.2,104.58,104.86,984229,USD
2017-04-10,104.56,105.7,104.33,105.61,646351,USD
2017-04-11,106.0,106.08,103.8,104.12,689988,USD
2017-04-12,104.0,104.81,103.42,103.62,500121,USD
2017-04-16,103.75,104.63,103.46,104.63,721130,USD
2017-04-17,103.95,105.81,103.95,105.77,890751,USD
2017-04-18,106.05,106.93,105.37,105.84,948677,USD
2017-04-19,106.14,106.25,105.39,105.52,888821,USD
2017-04-20,105.6,106.02,104.89,105.1,1106555,USD
2017-04-23,106.02,106.94,105.88,106.83,933994,USD
2017-04-24,107.44,108.46,107.37,108.09,706554,USD
2017-04-25,108.11,108.56,107.24,108.3,671206,USD
2017-04-26,108.28,109.23,107.78,108.18,759347,USD
2017-04-27,108.24,109.05,108.2,108.91,1206817,USD
2017-04-30,109.09,110.13,107.0,109.39,854810,USD
2017-05-01,109.34,109.34,108.0,108.38,831338,USD
2017-05-02,108.35,108.63,107.19,107.65,968585,USD
2017-05-03,111.99,112.73,108.44,108.71,1977071,USD
2017-05-04,109.36,110.9,108.85,110.01,1116535,USD
2017-05-07,110.02,110.31,108.72,109.56,864277,USD
2017-05-08,109.5,109.92,108.7,109.33,709836,USD
2017-05-09,109.5,110.6,109.16,110.57,819202,USD
2017-05-10,110.57,110.94,110.08,110.74,548953,USD
2017-05-11,110.44,110.74,110.09,110.38,601926,USD
2017-05-14,111.09,112.82,110.72,112.05,654175,USD
2017-05-15,112.45,112.88,111.7,112.37,760231,USD
2017-05-16,111.5,112.01,110.49,110.54,982141,USD
2017-05-17,109.98,110.67,108.87,110.0,921133,USD
2017-05-18,110.45,111.8,110.16,110.32,897049,USD
2017-05-21,110.91,111.06,109.74,110.58,797850,USD
2017-05-22,110.91,112.0,110.59,111.71,592074,USD
2017-05-23,111.71,112.55,111.55,112.05,548760,USD
2017-05-24,112.53,113.7,112.26,112.59,636067,USD
2017-05-25,112.5,113.06,112.2,112.86,601398,USD
2017-05-29,112.79,112.89,111.44,112.46,772013,USD
2017-05-30,112.28,113.73,111.89,113.6,1136209,USD
2017-05-31,113.68,114.29,112.89,113.36,813566,USD
2017-06-01,113.4,114.4,113.06,114.09,605087,USD
2017-06-04,113.8,114.49,113.16,113.61,689495,USD
2017-06-05,113.5,113.96,112.62,112.68,755203,USD
2017-06-06,112.68,113.17,112.38,112.8,1068495,USD
2017-06-07,113.0,114.76,112.37,114.27,1440685,USD
2017-06-08,114.75,116.64,114.09,115.4,1131451,USD
2017-06-11,115.22,115.4,110.97,111.19,1804701,USD
2017-06-12,112.33,112.91,110.98,112.66,1111736,USD
2017-06-13,112.61,112.66,108.56,109.27,1710526,USD
2017-06-14,107.96,108.0,103.63,106.05,2579368,USD
2017-06-15,106.2,108.12,105.85,108.09,1704147,USD
2017-06-18,108.5,109.23,106.9,108.33,1114684,USD
2017-06-19,107.85,109.14,107.0,107.74,805457,USD
2017-06-20,107.57,107.62,105.87,106.19,1274057,USD
2017-06-21,106.47,106.7,105.11,105.2,1180202,USD
2017-06-22,105.31,105.91,104.42,104.85,3099744,USD
2017-06-25,105.11,106.56,104.25,105.02,1826807,USD
2017-06-26,105.39,105.69,104.3,104.47,1313088,USD
2017-06-27,105.13,107.33,104.63,106.92,1201548,USD
2017-06-28,107.18,107.26,103.77,104.67,986351,USD
2017-06-29,105.22,106.53,105.12,105.54,807241,USD
2017-07-02,106.34,106.53,105.34,106.03,555424,USD
2017-07-04,106.0,108.66,106.0,108.02,1356683,USD
2017-07-05,107.86,109.08,107.3,108.05,1174492,USD
2017-07-06,108.32,110.45,108.15,109.99,1567313,USD
2017-07-09,110.21,111.9,110.0,111.34,1444322,USD
2017-07-10,111.68,113.08,110.85,112.95,1321835,USD
2017-07-11,113.5,117.13,113.38,116.54,2115634,USD
2017-07-12,116.6,119.0,116.6,117.68,2336951,USD
2017-07-13,118.37,118.99,117.01,117.57,1723286,USD
2017-07-16,117.66,117.77,116.46,116.86,863670,USD
2017-07-17,116.82,118.18,116.17,117.73,688937,USD
2017-07-18,117.97,119.59,116.66,119.16,1215388,USD
2017-07-19,119.0,119.16,117.64,117.91,928730,USD
2017-07-20,117.99,118.88,117.59,118.34,1017201,USD
2017-07-23,118.53,119.39,117.84,118.6,1596553,USD
2017-07-24,119.5,119.5,118.4,118.8,1128009,USD
2017-07-25,119.16,119.28,117.0,117.2,870720,USD
2017-07-26,117.81,118.31,115.2,116.37,955934,USD
2017-07-27,116.36,116.98,115.9,116.5,1388316,USD
2017-07-30,116.8,117.01,115.73,115.8,926758,USD
2017-07-31,116.06,117.68,115.3,117.43,916186,USD
2017-08-01,117.5,119.96,117.05,119.45,1527119,USD
2017-08-02,119.79,119.96,118.48,118.8,1321714,USD
2017-08-03,118.97,119.99,118.75,119.6,1077406,USD
2017-08-06,120.62,123.48,120.0,123.08,3815419,USD
2017-08-07,119.13,119.17,113.68,115.41,5312135,USD
2017-08-08,114.66,115.71,111.23,113.16,2603636,USD
2017-08-09,112.5,112.51,110.25,110.95,2603510,USD
2017-08-10,110.0,110.28,108.6,109.36,2138074,USD
2017-08-13,110.14,111.48,110.05,110.83,1620090,USD
2017-08-14,111.0,112.43,110.01,111.88,1179269,USD
2017-08-15,112.0,113.84,111.26,113.42,1288992,USD
2017-08-16,113.94,113.94,112.0,112.11,1045990,USD
2017-08-17,112.04,113.32,111.56,112.59,872711,USD
2017-08-20,112.65,113.59,112.23,113.48,686049,USD
2017-08-21,113.89,116.19,113.77,115.82,974201,USD
2017-08-22,115.57,116.41,115.11,115.39,609259,USD
2017-08-23,115.63,116.27,114.72,114.86,948052,USD
2017-08-24,115.13,115.46,114.26,114.95,605600,USD
2017-08-27,115.93,116.0,114.46,115.43,594832,USD
2017-08-28,114.8,114.8,113.47,114.46,627342,USD
2017-08-29,114.55,115.54,113.86,115.17,717582,USD
2017-08-30,116.22,117.15,115.96,116.26,909158,USD
2017-08-31,117.06,118.86,116.63,118.63,909314,USD
2017-09-04,119.0,120.03,116.16,116.67,1178782,USD
2017-09-05,116.95,119.65,116.22,118.66,1263021,USD
2017-09-06,118.75,119.73,117.89,118.09,891834,USD
2017-09-07,118.08,119.0,117.79,118.28,688970,USD
2017-09-10,120.12,124.32,119.52,123.85,1724152,USD
2017-09-11,124.5,126.32,124.27,124.64,1402072,USD
2017-09-12,124.66,126.15,124.44,125.6,1284967,USD
2017-09-13,125.28,126.2,124.75,126.0,1220473,USD
2017-09-14,126.3,127.83,125.3,127.29,1617766,USD
2017-09-17,128.5,131.66,128.16,131.02,1694545,USD
2017-09-18,131.5,135.26,131.22,134.65,1990943,USD
2017-09-19,135.29,136.95,134.08,136.08,2917297,USD
2017-09-20,136.5,136.5,134.08,134.89,2017905,USD
2017-09-21,134.4,134.88,133.26,134.29,1324237,USD
2017-09-24,132.28,132.65,127.31,128.89,2642543,USD
2017-09-25,129.0,129.91,127.41,128.42,1422092,USD
2017-09-26,129.16,131.12,128.88,130.02,1235632,USD
2017-09-27,130.57,132.55,130.2,132.32,1300142,USD
2017-09-28,132.8,137.48,132.5,136.31,2103581,USD
2017-10-01,136.25,136.88,133.84,136.62,1180344,USD
2017-10-02,137.22,137.83,136.32,137.42,889375,USD
2017-10-03,137.9,138.59,137.09,138.22,1113087,USD
2017-10-04,138.68,140.1,138.23,139.66,820005,USD
2017-10-05,135.69,137.22,134.54,137.19,1988359,USD
2017-10-08,137.55,138.1,135.23,136.55,893437,USD
2017-10-09,137.24,138.15,135.83,137.77,832396,USD
2017-10-10,138.0,138.22,136.37,137.42,1205423,USD
2017-10-11,137.0,138.33,136.96,137.3,932021,USD
2017-10-12,138.75,139.48,137.53,138.94,906376,USD
2017-10-15,139.84,141.31,138.61,140.16,1332644,USD
2017-10-16,140.67,140.7,138.89,139.41,1049207,USD
2017-10-17,140.06,140.28,139.3,139.66,720535,USD
2017-10-18,138.22,139.52,137.15,139.49,798724,USD
2017-10-19,140.7,141.29,140.06,140.78,925475,USD
2017-10-22,141.0,141.4,137.77,138.53,1535471,USD
2017-10-23,138.9,139.48,137.86,138.72,1332839,USD
2017-10-24,139.5,140.44,136.88,138.53,1778664,USD
2017-10-25,139.4,139.76,137.6,139.04,1375894,USD
2017-10-26,139.64,139.97,137.87,139.08,1204760,USD
2017-10-29,139.08,140.17,138.53,139.51,834834,USD
2017-10-30,139.02,140.89,139.02,140.89,1576348,USD
2017-10-31,142.0,142.42,140.85,142.33,907500,USD
2017-11-01,142.5,143.69,135.61,136.91,2363993,USD
2017-11-02,136.55,140.35,135.25,140.04,1395318,USD
2017-11-05,140.24,142.0,140.14,141.97,951093,USD
2017-11-06,142.0,143.57,141.86,143.13,1560643,USD
2017-11-07,143.53,144.99,142.5,144.58,1750031,USD
2017-11-08,142.11,142.44,136.39,140.84,2589159,USD
2017-11-09,141.02,142.69,140.42,140.62,1056337,USD
2017-11-12,139.54,143.66,139.52,143.37,949250,USD
2017-11-13,139.52,139.62,136.81,137.65,1715612,USD
2017-11-14,136.0,136.2,131.15,134.54,1987325,USD
2017-11-15,135.5,136.75,134.68,135.33,1915163,USD
2017-11-16,135.92,136.32,134.64,136.21,1441710,USD
2017-11-19,136.0,136.2,135.01,135.4,1009318,USD
2017-11-20,136.29,137.72,136.05,136.7,958517,USD
2017-11-21,137.75,137.84,135.17,135.25,715372,USD
2017-11-23,135.61,137.51,135.5,137.06,415525,USD
2017-11-26,137.06,137.35,136.19,136.23,773901,USD
2017-11-27,136.76,137.54,135.9,136.89,690668,USD
2017-11-28,137.15,137.15,130.63,131.95,1529706,USD
2017-11-29,132.03,134.81,131.76,134.32,1290966,USD
2017-11-30,134.86,135.4,130.01,132.15,1240256,USD
2017-12-03,133.43,133.9,129.17,129.35,1595558,USD
2017-12-04,128.5,130.25,127.18,127.99,1414348,USD
2017-12-05,127.53,128.2,126.31,127.48,1675339,USD
2017-12-06,127.06,130.54,127.0,129.08,979493,USD
2017-12-07,129.93,131.85,129.88,130.6,1557311,USD
2017-12-10,130.96,132.15,130.17,131.14,970922,USD
2017-12-11,131.0,131.12,130.12,130.36,1025820,USD
2017-12-12,130.37,131.1,129.78,130.1,960768,USD
2017-12-13,130.0,130.06,127.52,127.58,1015160,USD
2017-12-14,129.19,132.04,128.99,129.57,2133742,USD
2017-12-17,131.63,132.81,131.13,132.08,1387573,USD
2017-12-18,132.12,132.99,131.6,132.02,1047123,USD
2017-12-19,132.5,132.81,131.3,131.33,832288,USD
2017-12-20,131.69,131.97,128.47,128.65,1102100,USD
2017-12-21,128.37,129.46,128.0,129.29,781521,USD
2017-12-25,129.24,129.4,128.06,129.04,327031,USD
2017-12-26,129.0,129.6,128.18,128.43,667782,USD
2017-12-27,128.55,128.81,127.36,128.45,998225,USD
2017-12-28,128.77,129.2,127.52,127.89,714604,USD
2018-01-01,128.93,131.91,128.49,131.53,1118561,USD
2018-01-02,132.04,133.94,130.62,131.79,1042125,USD
2018-01-03,132.25,132.96,130.11,130.22,820939,USD
2018-01-04,131.04,132.79,130.51,131.72,807161,USD
2018-01-07,134.3,138.67,133.58,137.45,1945185,USD
2018-01-08,137.52,137.98,135.01,135.44,1198130,USD
2018-01-09,135.11,135.25,132.29,132.96,884639,USD
2018-01-10,133.3,134.76,132.6,134.69,838380,USD
2018-01-11,135.33,135.81,133.09,133.52,990097,USD
2018-01-15,134.11,134.87,125.7,128.0,2879578,USD
2018-01-16,129.2,129.45,126.0,126.95,2016991,USD
2018-01-17,115.2,118.75,112.54,117.91,8622302,USD
2018-01-18,118.9,119.4,115.5,116.01,4275098,USD
2018-01-21,115.78,115.93,113.06,113.53,3648008,USD
2018-01-22,114.31,115.0,112.12,113.0,2972124,USD
2018-01-23,114.0,114.16,112.04,112.4,2727521,USD
2018-01-24,112.66,116.94,112.66,116.9,2499828,USD
2018-01-25,117.0,117.81,114.01,114.41,1916729,USD
2018-01-28,114.23,114.46,111.31,111.68,2250814,USD
2018-01-29,112.38,113.74,111.05,111.37,2146009,USD
2018-01-30,111.85,112.08,110.25,111.59,2606203,USD
2018-01-31,110.92,111.57,108.96,109.2,1962034,USD
2018-02-01,108.52,109.12,104.92,105.51,2738581,USD
2018-02-04,104.28,109.9,102.85,105.15,3837970,USD
2018-02-05,103.51,108.52,103.31,107.54,2903894,USD
2018-02-06,107.46,109.48,106.56,106.63,1668253,USD
2018-02-07,106.94,108.7,105.14,105.18,2377485,USD
2018-02-08,106.0,108.71,103.75,107.72,2573841,USD
2018-02-11,109.28,112.15,109.01,111.59,2637077,USD
2018-02-12,111.6,112.6,108.08,108.45,2763450,USD
2018-02-13,107.18,112.16,106.63,111.72,2052269,USD
2018-02-14,112.43,114.65,111.38,114.61,1760152,USD
2018-02-15,114.36,114.59,111.96,112.24,1669248,USD
2018-02-19,112.0,115.39,112.0,114.58,1431724,USD
2018-02-20,115.35,116.5,112.87,113.01,1775001,USD
2018-02-21,113.88,114.75,113.16,113.68,1021920,USD
2018-02-22,115.84,118.83,115.61,118.75,2142290,USD
2018-02-25,114.35,114.9,107.12,110.1,7151964,USD
2018-02-26,110.56,113.1,110.56,111.57,2665690,USD
2018-02-27,112.6,112.9,98.93,100.43,6717188,USD
2018-02-28,101.27,101.31,94.7,96.01,7170806,USD
2018-03-01,95.69,95.85,90.49,95.02,5718042,USD
2018-03-04,94.22,97.66,93.5,96.44,2503289,USD
2018-03-05,98.4,100.89,97.79,100.14,3587430,USD
2018-03-06,99.0,100.62,98.58,100.05,1567896,USD
2018-03-07,100.16,101.35,98.65,99.28,1274365,USD
2018-03-08,99.71,102.42,99.08,101.76,1510621,USD
2018-03-11,101.99,103.97,101.6,102.99,1508963,USD
2018-03-12,103.0,104.39,102.55,103.13,1373073,USD
2018-03-13,103.13,104.31,100.1,100.33,1965720,USD
2018-03-14,100.53,100.93,97.85,98.07,1506883,USD
2018-03-15,97.91,98.81,96.5,98.37,2101782,USD
2018-03-18,97.57,98.0,95.81,96.91,1186260,USD
2018-03-19,96.96,96.96,94.0,95.32,3660049,USD
2018-03-20,95.68,98.77,94.61,97.47,1780347,USD
2018-03-21,96.31,97.7,94.05,94.11,1536165,USD
2018-03-22,94.0,95.58,93.03,93.24,1356673,USD
2018-03-25,94.57,95.33,93.14,94.36,1691644,USD
2018-03-26,94.78,95.75,92.81,93.43,1644717,USD
2018-03-27,93.43,93.84,89.28,89.56,2906311,USD
2018-03-28,90.46,93.69,90.05,92.74,2275749,USD
2018-04-01,92.05,92.45,88.63,88.96,1919757,USD
2018-04-02,89.58,90.65,87.56,90.42,1883826,USD
2018-04-03,87.78,91.64,86.75,91.6,2281030,USD
2018-04-04,92.28,98.49,91.86,95.77,2884327,USD
2018-04-05,94.51,95.62,91.23,91.8,2707922,USD
2018-04-08,92.77,92.77,90.78,91.22,1161478,USD
2018-04-09,92.87,93.63,91.68,92.33,1480307,USD
2018-04-10,91.84,93.99,91.21,93.31,1072775,USD
2018-04-11,93.65,94.09,92.32,93.39,1185371,USD
2018-04-12,96.14,96.44,94.44,95.5,1999271,USD
2018-04-15,96.45,97.57,94.54,96.87,1415807,USD
2018-04-16,97.64,97.96,95.84,96.63,1164197,USD
2018-04-17,97.26,99.78,97.05,98.79,1145685,USD
2018-04-18,99.0,99.7,96.92,98.59,1526433,USD
2018-04-19,98.23,98.31,97.11,97.75,912310,USD
2018-04-22,97.67,98.5,97.03,97.34,804855,USD
2018-04-23,97.85,98.5,94.11,95.78,1328573,USD
2018-04-24,95.8,96.22,94.48,95.46,870795,USD
2018-04-25,95.84,97.31,94.56,96.55,1030420,USD
2018-04-26,96.41,97.66,96.14,96.95,857223,USD
2018-04-29,96.96,98.84,96.71,96.96,1441949,USD
2018-04-30,96.27,97.62,95.66,97.62,1221587,USD
2018-05-01,97.6,99.77,97.56,97.84,1398328,USD
2018-05-02,97.85,99.24,96.51,97.89,1384027,USD
2018-05-03,97.61,100.78,97.52,100.06,1294627,USD
2018-05-06,100.11,102.38,99.69,100.11,1388214,USD
2018-05-07,100.0,101.39,99.5,100.72,1680616,USD
2018-05-08,101.72,102.77,100.17,101.75,1934866,USD
2018-05-09,101.46,101.89,96.64,98.39,3860677,USD
2018-05-10,98.0,99.03,97.76,98.54,1683234,USD
2018-05-13,99.3,101.13,98.98,99.24,1525206,USD
2018-05-14,99.08,101.75,98.03,100.81,1728376,USD
2018-05-15,101.15,102.9,101.07,102.35,1545807,USD
2018-05-16,102.62,105.87,102.5,104.8,2770397,USD
2018-05-17,105.0,106.3,104.15,104.92,2305822,USD
2018-05-20,105.5,106.4,103.51,104.07,1853949,USD
2018-05-21,104.54,105.14,102.13,102.34,1034258,USD
2018-05-22,101.34,102.25,100.8,101.84,907212,USD
2018-05-23,99.58,99.97,94.95,95.02,3516922,USD
2018-05-24,94.4,95.31,93.37,94.82,1742042,USD
2018-05-28,94.58,94.79,92.61,93.03,1612172,USD
2018-05-29,93.59,94.45,93.0,93.59,1241027,USD
2018-05-30,93.56,94.32,93.25,93.47,1430047,USD
2018-05-31,93.5,95.08,93.5,94.26,1242808,USD
2018-06-03,94.57,95.0,93.83,94.44,962280,USD
2018-06-04,94.5,95.33,94.28,94.65,973273,USD
2018-06-05,94.8,95.68,93.95,95.67,1738079,USD
2018-06-06,95.64,96.43,94.69,95.22,887529,USD
2018-06-07,95.2,95.8,94.64,95.37,1044249,USD
2018-06-10,95.45,96.38,94.63,95.37,815815,USD
2018-06-11,97.11,97.75,95.36,95.74,1584642,USD
2018-06-12,95.83,96.03,94.1,94.18,1598200,USD
2018-06-13,94.19,94.97,93.35,93.66,1148198,USD
2018-06-14,93.13,93.62,92.2,93.33,1698922,USD
2018-06-17,93.11,93.14,92.28,92.87,1675556,USD
2018-06-18,91.81,91.87,90.24,91.4,1841110,USD
2018-06-19,92.08,92.63,91.31,91.61,1333691,USD
2018-06-20,91.41,92.56,91.25,91.97,1319731,USD
2018-06-21,92.38,93.62,92.16,93.46,1449961,USD
2018-06-24,93.65,94.97,91.29,91.96,1414901,USD
2018-06-25,92.33,93.1,91.89,92.52,1070704,USD
2018-06-26,93.74,96.33,93.27,93.41,1967828,USD
2018-06-27,93.25,93.76,92.5,93.64,943660,USD
2018-06-28,94.13,96.95,93.8,94.33,1768350,USD
2018-07-01,93.94,94.79,92.98,93.48,1182361,USD
2018-07-02,96.66,97.82,95.88,96.62,1726525,USD
2018-07-04,96.88,97.37,93.3,94.78,1850864,USD
2018-07-05,94.38,96.27,93.84,95.54,1171890,USD
2018-07-08,95.75,96.52,95.48,95.98,1003615,USD
2018-07-09,95.98,96.84,95.04,95.81,1124631,USD
2018-07-10,95.0,95.21,94.1,94.68,1173253,USD
2018-07-11,95.97,96.29,94.87,95.35,996636,USD
2018-07-12,95.5,96.0,94.86,95.57,847520,USD
2018-07-15,95.49,95.71,94.67,94.96,2343218,USD
2018-07-16,94.85,97.29,94.5,96.97,1103944,USD
2018-07-17,96.91,97.86,96.06,96.74,1394591,USD
2018-07-18,95.99,96.55,95.04,96.21,975973,USD
2018-07-19,95.66,95.71,93.56,93.9,1811142,USD
2018-07-22,93.74,93.74,90.02,90.92,2490589,USD
2018-07-23,91.84,92.43,90.66,90.9,1318408,USD
2018-07-24,90.54,91.93,90.31,91.79,1115607,USD
2018-07-25,91.9,93.43,91.13,93.06,1209044,USD
2018-07-26,93.27,94.14,92.01,93.26,902519,USD
2018-07-29,93.26,93.26,91.62,92.42,1272222,USD
2018-07-30,92.63,94.53,92.31,94.2,989524,USD
2018-07-31,94.0,94.16,90.09,91.01,1763089,USD
2018-08-01,90.65,92.36,90.08,92.02,1494877,USD
2018-08-02,92.26,92.91,91.81,92.61,786737,USD
2018-08-05,92.3,92.93,91.88,92.66,1110060,USD
2018-08-06,93.0,93.73,92.6,92.81,1603559,USD
2018-08-07,97.41,100.49,96.52,98.77,5222558,USD
2018-08-08,99.15,103.11,98.62,100.76,3463892,USD
2018-08-09,100.05,100.8,98.21,98.5,1340089,USD
2018-08-12,98.13,98.42,95.55,95.63,2110936,USD
2018-08-13,95.75,97.42,95.6,97.33,1152948,USD
2018-08-14,96.17,96.7,93.54,95.54,1930581,USD
2018-08-15,96.49,98.15,96.49,97.06,1116896,USD
2018-08-16,96.61,96.72,94.28,95.44,1334868,USD
2018-08-19,95.6,96.33,95.32,95.54,1129701,USD
2018-08-20,95.47,95.61,94.44,94.84,1384282,USD
2018-08-21,95.0,95.35,94.3,94.53,1236342,USD
2018-08-22,94.5,94.6,92.41,93.77,3337389,USD
2018-08-23,94.26,96.97,94.0,96.0,1612675,USD
2018-08-26,96.3,97.99,96.1,96.89,883898,USD
2018-08-27,96.94,98.11,96.38,96.94,1058280,USD
2018-08-28,96.8,97.22,95.58,96.72,753803,USD
2018-08-29,96.19,96.46,94.56,95.05,985167,USD
2018-08-30,94.71,96.43,94.45,95.52,762929,USD
2018-09-03,97.0,97.58,95.01,96.57,1488365,USD
2018-09-04,96.57,96.86,95.06,96.45,1333764,USD
2018-09-05,96.69,98.49,96.64,97.66,1355709,USD
2018-09-06,96.9,97.97,95.78,97.19,1280108,USD
2018-09-09,97.42,97.92,96.83,97.39,1227154,USD
2018-09-10,97.08,99.46,96.39,98.84,1536388,USD
2018-09-11,98.82,100.08,98.15,99.46,1221044,USD
2018-09-12,99.86,101.24,99.6,100.61,1415077,USD
2018-09-13,100.87,101.55,99.47,100.9,1250369,USD
2018-09-16,100.9,103.49,100.63,102.45,1769549,USD
2018-09-17,102.45,103.17,101.23,103.06,1301455,USD
2018-09-18,103.35,106.35,103.33,105.49,1644830,USD
2018-09-19,105.6,107.0,105.41,106.6,1523434,USD
2018-09-20,106.97,107.42,104.54,105.42,2066854,USD
2018-09-23,105.14,106.1,104.46,104.94,1230626,USD
2018-09-24,105.3,105.45,102.32,102.53,1454815,USD
2018-09-25,102.08,102.58,101.13,101.32,1491499,USD
2018-09-26,101.41,101.76,99.73,100.95,1079086,USD
2018-09-27,100.74,101.16,99.72,99.78,1421022,USD
2018-09-30,100.67,101.13,100.1,100.84,759581,USD
2018-10-01,101.14,102.01,100.57,101.85,1035501,USD
2018-10-02,102.03,105.0,101.77,104.04,1352366,USD
2018-10-03,104.0,104.71,102.61,104.22,1168117,USD
2018-10-04,104.16,105.25,101.97,103.06,1521004,USD
2018-10-07,102.13,102.52,100.53,102.25,2145833,USD
2018-10-08,101.2,101.2,96.97,97.28,2716244,USD
2018-10-09,97.24,97.35,95.48,95.67,1833336,USD
2018-10-10,94.6,96.4,94.03,94.36,1614218,USD
2018-10-11,95.58,96.12,94.11,95.09,1048213,USD
2018-10-14,95.16,96.71,95.1,96.05,759176,USD
2018-10-15,96.47,97.42,95.4,97.14,993390,USD
2018-10-16,96.48,97.36,96.09,96.32,1183059,USD
2018-10-17,96.24,96.85,94.55,95.67,1202425,USD
2018-10-18,95.56,96.29,95.07,95.63,880271,USD
2018-10-21,96.27,98.02,95.38,97.26,1317780,USD
2018-10-22,95.63,96.78,93.76,96.16,1497988,USD
2018-10-23,96.27,96.41,93.48,93.64,1538084,USD
2018-10-24,94.37,95.57,93.68,95.41,1135943,USD
2018-10-25,94.01,95.77,92.65,95.24,1621232,USD
2018-10-28,96.5,97.9,93.96,95.16,1448624,USD
2018-10-29,95.0,97.37,93.68,97.12,1305683,USD
2018-10-30,98.09,100.25,97.88,99.22,2166773,USD
2018-10-31,100.38,105.84,100.0,105.42,2982024,USD
2018-11-01,105.81,108.47,105.59,106.44,1710766,USD
2018-11-04,106.12,106.85,104.99,106.21,829931,USD
2018-11-05,106.25,107.89,106.1,107.79,1222157,USD
2018-11-06,108.0,108.74,106.66,107.99,1751819,USD
2018-11-07,104.3,107.0,101.6,105.87,2643901,USD
2018-11-08,104.0,104.5,100.48,102.38,1455019,USD
2018-11-11,102.26,102.28,97.95,98.07,1241626,USD
2018-11-12,98.38,100.93,98.33,99.2,1454164,USD
2018-11-13,100.0,101.02,99.47,99.94,785675,USD
2018-11-14,99.73,103.37,99.07,102.7,1139682,USD
2018-11-15,102.1,102.79,99.86,100.98,1379751,USD
2018-11-18,100.64,102.2,99.31,99.61,981102,USD
2018-11-19,97.86,98.14,95.04,95.74,1643759,USD
2018-11-20,96.01,96.67,93.29,95.52,1202900,USD
2018-11-22,94.95,98.08,94.62,96.77,482864,USD
2018-11-25,97.34,98.01,95.89,96.61,977552,USD
2018-11-26,95.66,96.95,94.62,95.43,1014169,USD
2018-11-27,95.15,96.69,94.03,96.62,1093442,USD
2018-11-28,96.7,96.87,94.39,96.42,894339,USD
2018-11-29,96.0,97.29,95.22,96.32,1037824,USD
2018-12-02,98.59,100.36,97.6,98.46,1698000,USD
2018-12-03,98.18,99.82,93.01,93.19,2421548,USD
2018-12-05,92.04,92.04,88.02,91.19,2034925,USD
2018-12-06,91.32,92.23,88.08,88.65,1523483,USD
2018-12-09,88.98,89.81,87.25,89.04,1088073,USD
2018-12-10,91.03,92.09,88.71,89.08,1060166,USD
2018-12-11,90.27,90.54,88.71,88.78,973020,USD
2018-12-12,88.6,89.1,87.22,87.94,955745,USD
2018-12-13,87.07,87.64,84.01,84.97,1719894,USD
2018-12-16,84.53,84.61,79.7,80.51,2762573,USD
2018-12-17,81.22,82.67,80.64,81.03,1689974,USD
2018-12-18,81.33,82.64,79.07,79.8,1764869,USD
2018-12-19,77.56,78.14,73.67,76.16,4684530,USD
2018-12-20,76.33,77.66,74.6,74.84,2776195,USD
2018-12-23,73.96,74.83,72.44,73.13,870206,USD
2018-12-25,73.43,76.31,71.89,76.28,1500278,USD
2018-12-26,75.28,77.31,74.0,77.22,1657080,USD
2018-12-27,77.58,78.39,76.11,76.74,1202517,USD
2018-12-30,77.0,77.75,76.03,77.07,1040061,USD
2019-01-01,75.8,79.03,75.13,78.11,1052268,USD
2019-01-02,76.85,76.88,72.58,72.69,1968112,USD
2019-01-03,74.57,77.28,74.37,76.24,2089540,USD
2019-01-06,76.29,77.14,75.35,76.58,1413307,USD
2019-01-07,77.28,77.71,76.6,77.33,1622793,USD
2019-01-08,77.78,78.08,75.93,76.84,1113896,USD
2019-01-09,76.23,77.98,75.54,77.27,1929381,USD
2019-01-10,76.72,77.85,75.37,77.41,1526230,USD
2019-01-13,76.6,77.48,76.09,76.97,1374850,USD
2019-01-14,74.97,76.02,73.13,73.64,2128207,USD
2019-01-15,73.92,74.93,73.5,73.93,2634299,USD
2019-01-16,73.84,75.73,73.55,75.29,2020815,USD
2019-01-17,75.83,77.25,75.77,76.63,1457450,USD
2019-01-21,75.49,75.71,74.1,75.37,1435769,USD
2019-01-22,75.64,75.84,73.48,73.92,1271145,USD
2019-01-23,73.97,75.19,73.65,74.02,1660319,USD
2019-01-24,75.78,77.36,75.59,76.58,2234929,USD
2019-01-27,76.23,77.54,76.02,77.09,1273549,USD
2019-01-28,77.49,78.78,77.49,78.32,1815079,USD
2019-01-29,79.09,80.47,78.35,80.21,1592499,USD
2019-01-30,80.74,81.55,79.6,80.73,1971446,USD
2019-01-31,80.89,81.89,80.51,81.3,969210,USD
2019-02-03,81.3,82.0,80.97,81.94,885095,USD
2019-02-04,81.25,81.94,80.14,81.32,1410616,USD
2019-02-05,80.93,82.88,80.85,82.19,1154507,USD
2019-02-06,81.37,81.78,79.29,80.64,1222801,USD
2019-02-07,79.83,81.03,79.52,81.01,712540,USD
2019-02-10,81.57,81.89,80.31,80.86,659887,USD
2019-02-11,80.34,80.89,78.42,80.45,1947493,USD
2019-02-12,81.02,82.16,80.96,81.73,886643,USD
2019-02-13,81.41,81.86,80.4,80.42,1362539,USD
2019-02-14,81.8,81.8,80.33,81.37,1549822,USD
2019-02-18,81.05,83.47,80.42,83.13,1616143,USD
2019-02-19,83.32,84.17,82.74,82.81,1770898,USD
2019-02-20,88.59,92.0,85.83,89.26,5503529,USD
2019-02-21,89.83,89.9,88.01,89.18,1510952,USD
2019-02-24,89.99,92.0,89.94,91.57,1607633,USD
2019-02-25,91.22,92.29,90.86,91.0,1265418,USD
2019-02-26,91.01,93.14,90.65,92.28,1128364,USD
2019-02-27,92.18,92.18,90.91,91.29,1338799,USD
2019-02-28,92.0,92.48,90.61,90.79,1320900,USD
2019-03-03,91.0,91.0,87.1,88.49,1691546,USD
2019-03-04,88.35,88.66,87.37,87.93,960872,USD
2019-03-05,87.95,88.23,86.16,86.37,754808,USD
2019-03-06,85.73,86.0,83.96,84.6,1296750,USD
2019-03-07,83.14,83.24,80.8,82.97,1779478,USD
2019-03-10,83.37,85.52,83.1,85.51,1015987,USD
2019-03-11,85.86,86.13,85.04,85.47,850368,USD
2019-03-12,86.03,86.86,85.62,86.21,1013444,USD
2019-03-13,85.83,86.2,84.58,84.73,787345,USD
2019-03-14,85.07,86.0,85.07,85.42,1498756,USD
2019-03-17,85.59,86.44,85.0,86.43,759827,USD
2019-03-18,87.35,87.35,84.88,85.23,891607,USD
2019-03-19,85.25,85.33,83.91,84.44,734464,USD
2019-03-20,84.44,86.11,84.26,85.51,916918,USD
2019-03-21,85.0,85.39,82.51,82.72,890486,USD
2019-03-24,82.14,82.25,80.85,81.58,1013498,USD
2019-03-25,81.82,82.87,80.39,81.04,1568219,USD
2019-03-26,81.05,81.35,79.8,80.15,1091907,USD
2019-03-27,80.0,81.42,79.8,81.17,975298,USD
2019-03-28,81.32,82.37,80.81,81.98,1794401,USD
2019-03-31,82.43,84.56,82.43,84.2,1439073,USD
2019-04-01,84.37,84.5,82.02,82.9,1782926,USD
2019-04-02,83.72,84.55,83.39,84.21,1976502,USD
2019-04-03,84.45,85.97,84.12,85.55,1544472,USD
2019-04-04,85.86,86.63,85.42,86.14,1424455,USD
2019-04-07,86.2,86.95,85.78,86.94,964368,USD
2019-04-08,86.71,86.89,84.67,84.78,1483972,USD
2019-04-09,84.88,85.8,84.14,85.55,821549,USD
2019-04-10,85.2,85.3,82.63,82.71,1404977,USD
2019-04-11,83.08,84.25,82.74,83.66,1090203,USD
2019-04-14,83.58,83.63,81.99,82.26,1352436,USD
2019-04-15,82.53,83.45,82.11,83.21,1399330,USD
2019-04-16,83.86,85.21,82.1,82.1,1357472,USD
2019-04-17,82.18,82.65,81.19,82.57,790789,USD
2019-04-21,82.46,82.57,81.56,82.17,576362,USD
2019-04-22,81.64,81.64,77.64,79.05,2307384,USD
2019-04-23,79.1,79.68,76.68,76.8,1653931,USD
2019-04-24,76.6,76.75,74.8,74.87,1545461,USD
2019-04-25,74.7,75.86,73.57,75.56,1622346,USD
2019-04-28,75.5,76.11,74.71,75.71,1191755,USD
2019-04-29,75.85,76.31,74.93,75.06,1239932,USD
2019-04-30,75.0,75.39,73.96,74.07,1045469,USD
2019-05-01,73.88,76.17,73.25,76.09,2306425,USD
2019-05-02,76.77,77.4,76.31,77.05,1515759,USD
2019-05-05,75.66,77.22,75.09,77.05,1968331,USD
2019-05-06,76.52,76.85,75.1,75.85,2447489,USD
2019-05-07,72.03,73.48,71.23,72.58,3919108,USD
2019-05-08,71.54,73.11,69.01,72.61,3164515,USD
2019-05-09,72.73,73.06,70.2,72.63,2037076,USD
2019-05-12,71.28,71.49,68.45,68.55,3315539,USD
2019-05-13,68.86,70.56,68.76,70.22,1605830,USD
2019-05-14,69.28,70.67,69.04,69.58,2012563,USD
2019-05-15,70.1,70.41,69.22,69.41,1497322,USD
2019-05-16,68.74,68.99,67.6,67.76,1406303,USD
2019-05-19,67.55,68.17,67.06,67.78,1206279,USD
2019-05-20,68.09,69.41,67.9,68.5,1100148,USD
2019-05-21,68.08,68.61,67.86,67.96,734078,USD
2019-05-22,66.5,67.22,65.98,66.34,2144886,USD
2019-05-23,66.97,67.43,66.08,66.8,1544415,USD
2019-05-27,67.07,67.8,66.59,67.43,1514530,USD
2019-05-28,66.5,66.92,65.46,65.8,1783846,USD
2019-05-29,65.6,66.5,65.3,65.57,1167489,USD
2019-05-30,65.0,65.0,63.12,63.3,1593296,USD
2019-06-02,63.21,65.13,63.1,65.05,2087908,USD
2019-06-03,65.43,67.57,65.43,67.54,1452715,USD
2019-06-04,68.31,68.31,66.14,67.37,1044408,USD
2019-06-05,67.14,68.54,67.04,68.46,1177023,USD
2019-06-06,68.97,69.64,68.25,69.08,1311817,USD
2019-06-09,69.83,71.16,69.65,70.93,1278768,USD
2019-06-10,72.24,73.85,71.73,73.43,2485642,USD
2019-06-11,73.37,73.94,72.01,72.18,1366299,USD
2019-06-12,72.1,72.78,71.52,72.76,920612,USD
2019-06-13,72.73,72.85,70.54,70.88,966818,USD
2019-06-16,70.69,71.86,69.77,71.24,1008065,USD
2019-06-17,71.84,72.47,70.73,70.77,1230159,USD
2019-06-18,71.12,71.17,68.17,68.94,1805421,USD
2019-06-19,69.92,70.18,68.2,69.49,1999939,USD
2019-06-20,69.01,69.13,67.25,68.34,1889785,USD
2019-06-23,68.27,68.86,67.58,68.01,988041,USD
2019-06-24,68.15,68.43,67.52,67.79,1372717,USD
2019-06-25,68.22,69.4,68.01,69.16,1252143,USD
2019-06-26,69.61,70.97,69.44,69.52,778875,USD
2019-06-27,70.0,70.92,68.37,70.41,2059492,USD
2019-06-30,71.2,71.79,69.74,70.33,933360,USD
2019-07-01,70.68,70.68,69.4,69.87,682709,USD
2019-07-02,70.19,71.6,69.87,71.54,626298,USD
2019-07-04,71.25,71.33,69.97,70.51,732954,USD
2019-07-07,70.43,71.12,69.55,70.19,787925,USD
2019-07-08,69.75,70.64,69.53,70.62,926308,USD
2019-07-09,70.93,70.93,69.81,70.49,1376476,USD
2019-07-10,70.35,70.92,70.12,70.58,813420,USD
2019-07-11,70.8,72.81,70.56,72.63,1273027,USD
2019-07-14,72.84,73.01,71.06,72.42,975439,USD
2019-07-15,72.0,73.23,71.47,73.05,1188151,USD
2019-07-16,73.02,73.05,71.73,72.64,1101651,USD
2019-07-17,72.48,73.4,72.38,73.0,741158,USD
2019-07-18,73.26,75.17,73.01,74.47,1455306,USD
2019-07-21,74.55,75.33,73.08,73.18,1548942,USD
2019-07-22,73.76,74.79,73.26,74.58,818664,USD
2019-07-23,74.35,75.92,74.07,75.53,856762,USD
2019-07-24,74.92,75.06,73.94,74.61,781312,USD
2019-07-25,74.61,75.03,73.37,74.58,930563,USD
2019-07-28,74.37,74.66,72.98,73.09,1074918,USD
2019-07-29,72.67,73.8,72.06,73.6,1058348,USD
2019-07-30,73.48,74.35,72.38,72.96,1361505,USD
2019-07-31,72.55,73.39,69.17,69.59,1568849,USD
2019-08-01,68.99,70.05,67.44,68.68,1457524,USD
2019-08-04,67.2,67.2,64.35,65.41,2433071,USD
2019-08-05,65.8,66.0,64.1,65.45,1731468,USD
2019-08-06,64.6,68.01,64.5,67.59,2620822,USD
2019-08-07,74.71,74.93,69.69,73.49,4385423,USD
2019-08-08,71.9,72.33,69.39,70.25,2188023,USD
2019-08-11,69.8,70.02,67.06,67.38,1516629,USD
2019-08-12,67.4,71.18,66.8,68.45,1608852,USD
2019-08-13,66.46,66.95,64.01,64.29,2087447,USD
2019-08-14,64.34,64.34,61.24,61.66,2693849,USD
2019-08-15,62.28,63.34,61.77,63.09,1690033,USD
2019-08-18,64.21,65.33,63.94,64.92,1388241,USD
2019-08-19,64.45,64.68,63.71,64.17,1091840,USD
2019-08-20,65.32,66.29,64.7,65.91,1003836,USD
2019-08-21,64.71,65.12,62.69,63.22,1850430,USD
2019-08-22,62.57,62.69,59.71,59.95,1789215,USD
2019-08-25,60.85,61.46,60.16,60.81,805249,USD
2019-08-26,61.43,61.44,59.13,59.3,1092217,USD
2019-08-27,59.06,59.74,58.63,59.32,2293100,USD
2019-08-28,60.58,61.41,60.1,60.49,2309755,USD
2019-08-29,61.29,63.27,61.29,61.73,1404335,USD
2019-09-02,61.0,61.0,59.51,60.23,1373206,USD
2019-09-03,61.6,61.98,60.85,61.31,899209,USD
2019-09-04,62.33,63.41,62.33,62.97,1854431,USD
2019-09-05,63.04,63.78,61.93,63.23,1023677,USD
2019-09-08,63.49,65.44,63.28,65.36,1216371,USD
2019-09-09,65.49,68.5,65.49,68.28,2358114,USD
2019-09-10,68.8,69.38,67.2,69.25,1839331,USD
2019-09-11,69.2,69.96,67.82,69.28,986740,USD
2019-09-12,69.89,70.41,68.2,69.28,1169932,USD
2019-09-15,68.92,69.79,68.64,68.84,1002998,USD
2019-09-16,68.19,68.66,67.21,67.76,1120838,USD
2019-09-17,67.35,68.28,66.53,67.4,1130998,USD
2019-09-18,67.4,68.47,66.71,68.29,1239582,USD
2019-09-19,68.67,70.42,68.53,68.86,2745572,USD
2019-09-22,67.97,69.41,67.65,68.22,1016278,USD
2019-09-23,68.5,68.71,66.97,67.89,1405329,USD
2019-09-24,67.82,68.51,67.39,68.3,1003165,USD
2019-09-25,68.1,68.12,66.76,67.19,990590,USD
2019-09-26,67.37,68.22,66.77,68.14,1668176,USD
2019-09-29,68.25,69.87,67.99,69.52,1399359,USD
2019-09-30,69.95,70.84,67.91,68.31,1721419,USD
2019-10-01,67.38,67.47,66.09,66.57,1229702,USD
2019-10-02,66.05,67.23,64.9,67.23,1130417,USD
2019-10-03,67.05,67.34,65.94,66.32,974371,USD
2019-10-06,65.88,66.5,64.67,65.68,1092087,USD
2019-10-07,65.0,65.0,63.46,63.7,1170451,USD
2019-10-08,64.36,64.73,62.77,63.6,1146196,USD
2019-10-09,64.01,65.79,63.79,65.46,1100004,USD
2019-10-10,66.53,69.3,66.25,68.91,1330705,USD
2019-10-13,68.23,68.58,67.37,67.56,1197524,USD
2019-10-14,67.9,68.73,67.13,67.87,804555,USD
2019-10-15,67.86,68.93,67.46,67.58,731307,USD
2019-10-16,68.35,69.09,67.75,68.22,1079351,USD
2019-10-17,68.23,68.74,67.11,67.13,938608,USD
2019-10-20,67.91,68.18,66.81,67.24,1164656,USD
2019-10-21,67.24,67.87,64.88,66.79,1283086,USD
2019-10-22,67.39,68.16,66.94,67.46,768706,USD
2019-10-23,68.17,69.68,68.06,69.45,1395576,USD
2019-10-24,63.79,65.49,62.5,63.59,5998887,USD
2019-10-27,62.75,64.58,62.59,63.74,2790238,USD
2019-10-28,63.45,64.48,62.75,63.03,2204157,USD
2019-10-29,62.86,63.44,61.82,62.67,2237060,USD
2019-10-30,62.31,62.5,60.2,60.74,2927876,USD
2019-10-31,61.46,64.5,61.12,64.49,2351339,USD
2019-11-03,65.16,67.76,65.1,67.7,2267391,USD
2019-11-04,68.37,68.66,66.74,67.37,2020724,USD
2019-11-05,66.79,67.83,66.22,66.72,2340834,USD
2019-11-06,67.64,72.28,67.0,71.39,3041857,USD
2019-11-07,69.48,69.58,66.21,67.98,3439133,USD
2019-11-10,67.49,67.89,66.62,67.73,1165752,USD
2019-11-11,67.0,67.85,64.98,65.31,1820065,USD
2019-11-12,63.72,65.47,63.37,65.18,1554534,USD
2019-11-13,64.37,65.59,64.03,65.54,1092061,USD
2019-11-14,66.1,67.37,65.62,66.14,1057875,USD
2019-11-17,66.12,67.36,65.24,67.1,1191340,USD
2019-11-18,67.76,67.76,65.46,66.46,929209,USD
2019-11-19,65.71,66.54,64.74,65.05,1498645,USD
2019-11-20,65.29,66.24,64.53,65.13,1386750,USD
2019-11-21,64.11,65.46,63.75,64.9,1148188,USD
2019-11-24,65.11,65.89,64.66,65.14,1090698,USD
2019-11-25,65.15,65.78,64.32,65.59,1417250,USD
2019-11-26,65.73,65.94,64.74,65.5,929984,USD
2019-11-28,65.32,65.85,64.92,65.38,440523,USD
2019-12-01,65.67,66.82,64.97,65.04,1133045,USD
2019-12-02,63.66,63.87,62.11,63.65,1578384,USD
2019-12-03,64.2,65.19,62.89,62.92,1550785,USD
2019-12-04,63.27,63.97,62.61,63.68,1379611,USD
2019-12-05,64.29,64.9,63.62,64.3,1200760,USD
2019-12-08,64.25,65.5,64.0,64.72,930624,USD
2019-12-09,64.61,65.52,64.11,65.3,1020576,USD
2019-12-10,65.34,66.06,65.01,65.67,1035078,USD
2019-12-11,65.7,68.2,65.6,68.02,1771914,USD
2019-12-12,68.27,68.44,66.32,66.63,1535987,USD
2019-12-15,67.56,67.89,66.0,66.2,1431981,USD
2019-12-16,66.3,68.96,66.0,68.77,1525807,USD
2019-12-17,68.9,69.54,68.58,68.9,1382124,USD
2019-12-18,69.0,70.44,68.28,69.45,1945950,USD
2019-12-19,70.37,70.99,69.57,70.36,2492167,USD
2019-12-22,70.36,72.66,69.67,72.43,2012024,USD
2019-12-23,72.41,72.96,72.03,72.32,640728,USD
2019-12-25,72.33,72.5,71.7,72.49,730343,USD
2019-12-26,72.56,72.93,71.82,72.01,741553,USD
2019-12-29,72.1,72.85,71.7,71.93,802167,USD
2019-12-30,71.61,73.36,71.5,73.04,1016013,USD
2020-01-01,73.5,73.88,72.19,72.61,1620838,USD
2020-01-02,71.41,72.39,71.22,71.57,1337602,USD
