Date,Open,High,Low,Close,Volume,Currency
2016-01-03,30.66,30.66,29.0,29.53,18265272,USD
2016-01-04,30.05,30.3,29.6,30.0,9426355,USD
2016-01-05,29.23,30.03,29.05,29.76,12988927,USD
2016-01-06,28.34,29.15,27.65,27.95,18155684,USD
2016-01-07,28.58,28.9,27.47,27.62,15164071,USD
2016-01-10,27.35,27.73,25.97,27.03,18866572,USD
2016-01-11,27.52,28.3,27.25,28.2,11202565,USD
2016-01-12,28.37,28.5,26.78,27.1,8981127,USD
2016-01-13,27.35,28.43,26.85,28.12,9756942,USD
2016-01-14,26.5,27.29,26.35,26.99,13641516,USD
2016-01-18,28.32,28.64,26.94,27.41,14022407,USD
2016-01-19,26.5,26.88,25.36,26.38,23393332,USD
2016-01-20,26.17,27.16,25.8,26.69,8423142,USD
2016-01-21,27.89,27.89,26.95,27.27,9454409,USD
2016-01-24,27.12,27.52,26.95,27.03,6988358,USD
2016-01-25,26.75,27.2,26.09,27.0,6816336,USD
2016-01-26,27.04,27.04,25.14,25.38,21140396,USD
2016-01-27,26.0,26.08,24.97,25.37,21548344,USD
2016-01-28,25.85,26.35,25.5,26.03,11895763,USD
2016-01-31,25.62,25.96,25.14,25.59,10915508,USD
2016-02-01,25.32,25.57,24.52,24.67,11283243,USD
2016-02-02,24.68,24.79,23.37,23.81,20209972,USD
2016-02-03,24.0,25.26,23.97,24.96,20950950,USD
2016-02-04,24.69,24.95,23.51,23.64,19828476,USD
2016-02-07,23.05,23.26,22.18,23.21,30399428,USD
2016-02-08,22.7,23.52,22.47,22.88,16699044,USD
2016-02-09,23.38,23.56,22.84,23.24,12427190,USD
2016-02-10,22.53,23.13,22.14,22.9,20207588,USD
2016-02-11,23.1,23.41,22.45,23.13,13903599,USD
2016-02-15,24.76,25.99,24.18,24.98,20056886,USD
2016-02-16,25.42,26.2,24.86,25.72,17465740,USD
2016-02-17,25.9,25.9,25.01,25.33,11910918,USD
2016-02-18,25.2,25.82,24.89,25.54,7525272,USD
2016-02-21,26.09,26.47,25.67,26.32,8158183,USD
2016-02-22,26.01,26.17,25.5,25.59,5601468,USD
2016-02-23,25.1,25.76,24.3,25.68,10381304,USD
2016-02-24,24.75,25.1,24.44,24.93,10993268,USD
2016-02-25,25.66,25.8,25.16,25.41,8269343,USD
2016-02-26,25.43,25.43,25.43,25.43,7822296,USD
2016-02-28,25.33,26.0,25.28,25.71,14099064,USD
2016-02-29,26.89,27.19,26.31,26.5,17268274,USD
2016-03-01,27.12,27.13,26.26,26.64,14655409,USD
2016-03-02,26.78,26.78,25.21,25.59,15821357,USD
2016-03-03,25.94,26.55,25.68,26.48,13871774,USD
2016-03-06,26.28,26.56,25.9,26.14,12718738,USD
2016-03-07,25.85,26.34,25.76,26.07,9149137,USD
2016-03-08,26.16,26.48,25.77,26.34,6110331,USD
2016-03-09,26.48,26.82,26.01,26.39,8237536,USD
2016-03-10,26.75,27.92,26.53,27.83,11863145,USD
2016-03-13,28.0,28.25,27.69,27.74,7517202,USD
2016-03-14,27.45,27.5,26.86,27.16,6979250,USD
2016-03-15,27.03,27.96,26.95,27.84,7251802,USD
2016-03-16,27.5,28.04,26.98,27.03,9674575,USD
2016-03-17,27.17,27.36,26.52,27.08,12890744,USD
2016-03-20,27.26,27.56,26.58,26.96,10530256,USD
2016-03-21,26.7,27.04,26.58,26.99,6492039,USD
2016-03-22,26.91,27.05,26.29,26.74,8036115,USD
2016-03-23,26.46,26.46,26.1,26.36,7954765,USD
2016-03-27,26.32,26.33,25.64,25.82,9130395,USD
2016-03-28,25.84,26.63,25.59,26.42,15294069,USD
2016-03-29,26.66,27.61,26.66,27.24,12037365,USD
2016-03-30,27.37,27.48,26.42,26.5,8153707,USD
2016-03-31,26.26,27.25,26.09,26.76,10965622,USD
2016-04-03,26.76,27.05,26.37,26.64,8024295,USD
2016-04-04,26.35,26.76,26.2,26.52,6661683,USD
2016-04-05,26.74,26.99,26.18,26.74,9612340,USD
2016-04-06,26.8,27.0,26.43,26.51,7843907,USD
2016-04-07,26.94,27.34,26.71,26.86,4830820,USD
2016-04-10,27.0,27.73,26.96,27.28,8124615,USD
2016-04-11,27.19,28.17,27.19,28.1,10061790,USD
2016-04-12,28.78,29.79,28.72,29.58,13914868,USD
2016-04-13,29.49,29.87,29.3,29.63,5552938,USD
2016-04-14,29.89,30.01,29.77,29.88,7269482,USD
2016-04-17,29.73,29.86,29.0,29.34,9061136,USD
2016-04-18,29.66,29.77,28.59,28.85,9290198,USD
2016-04-19,28.6,28.79,28.41,28.68,7914234,USD
2016-04-20,28.75,29.21,28.68,28.79,6355652,USD
2016-04-21,28.6,28.77,27.66,28.3,7841393,USD
2016-04-24,28.09,28.2,27.31,27.43,7511572,USD
2016-04-25,27.43,27.58,24.55,25.07,51175808,USD
2016-04-26,25.11,25.84,25.0,25.34,22144518,USD
2016-04-27,25.36,26.3,25.36,25.65,12202852,USD
2016-04-28,25.58,26.28,24.9,25.56,13835303,USD
2016-05-01,25.52,25.65,24.97,25.29,9604735,USD
2016-05-02,25.13,25.13,24.25,24.4,12706771,USD
2016-05-03,24.31,24.72,24.14,24.22,15504116,USD
2016-05-04,25.07,25.17,24.59,24.85,13347853,USD
2016-05-05,24.93,25.45,24.48,25.2,15385510,USD
2016-05-08,23.99,23.99,22.67,23.43,45307396,USD
2016-05-09,23.23,24.19,23.22,23.77,15698241,USD
2016-05-10,24.01,24.01,23.0,23.13,19287250,USD
2016-05-11,23.53,23.68,22.02,22.11,28229912,USD
2016-05-12,22.48,22.94,22.35,22.64,16484833,USD
2016-05-15,22.82,23.51,22.82,23.37,14553164,USD
2016-05-16,23.28,24.42,23.28,23.88,14692004,USD
2016-05-17,23.74,23.93,23.31,23.6,12681852,USD
2016-05-18,23.35,23.94,22.84,23.11,12931409,USD
2016-05-19,23.18,23.91,23.18,23.45,11508744,USD
2016-05-22,23.41,23.46,22.8,22.89,8444100,USD
2016-05-23,23.19,24.04,23.01,23.79,17843252,USD
2016-05-24,23.8,23.9,22.8,22.98,18157272,USD
2016-05-25,23.31,23.39,22.86,23.17,12505389,USD
2016-05-26,23.32,24.28,23.18,24.25,16123514,USD
2016-05-30,24.57,25.0,24.17,24.61,95370800,USD
2016-05-31,24.35,24.37,23.68,23.79,17704668,USD
2016-06-01,24.0,24.22,23.45,23.66,11889680,USD
2016-06-02,23.71,23.9,22.85,22.98,13132723,USD
2016-06-05,23.16,23.5,23.12,23.32,9133421,USD
2016-06-06,23.51,23.54,21.71,22.01,35788732,USD
2016-06-07,22.2,22.27,21.21,21.24,27727728,USD
2016-06-08,21.07,21.82,20.82,21.71,20359232,USD
2016-06-09,21.4,21.53,20.89,21.06,13279993,USD
2016-06-12,20.95,21.28,20.8,20.99,9725979,USD
2016-06-13,21.06,21.14,20.38,20.9,15179061,USD
2016-06-14,21.0,21.0,19.91,20.17,19726916,USD
2016-06-15,19.95,20.51,19.51,20.43,26123204,USD
2016-06-16,20.51,20.56,19.85,20.13,14205945,USD
2016-06-19,20.68,22.04,20.6,21.06,28239264,USD
2016-06-20,21.37,21.48,20.91,21.13,11895359,USD
2016-06-21,21.12,21.52,20.77,21.2,15245784,USD
2016-06-22,21.42,21.51,21.04,21.46,6173500,USD
2016-06-23,20.39,21.25,20.25,20.64,23682964,USD
2016-06-26,20.54,20.65,19.91,20.24,11356761,USD
2016-06-27,20.53,20.99,20.18,20.32,14651559,USD
2016-06-28,20.48,20.82,20.3,20.39,11708079,USD
2016-06-29,20.39,21.34,20.34,21.23,14122861,USD
2016-06-30,21.23,21.5,20.98,21.31,8291555,USD
2016-07-04,21.18,21.3,20.4,20.86,10698089,USD
2016-07-05,20.55,20.64,20.04,20.38,13669069,USD
2016-07-06,20.46,20.66,20.31,20.57,6776143,USD
2016-07-07,20.61,20.73,20.34,20.72,9715258,USD
2016-07-10,20.88,22.01,20.85,21.76,17041840,USD
2016-07-11,22.14,22.3,21.87,22.21,12988218,USD
2016-07-12,22.2,22.3,21.51,21.68,9906981,USD
2016-07-13,21.95,21.98,21.63,21.68,8905553,USD
2016-07-14,21.73,21.78,21.31,21.41,6555430,USD
2016-07-17,21.4,22.35,21.4,22.14,10227491,USD
2016-07-18,21.85,22.6,21.85,22.42,11323702,USD
2016-07-19,22.52,22.9,22.32,22.66,12076577,USD
2016-07-20,22.87,22.87,21.94,21.99,12080374,USD
2016-07-21,22.06,22.06,21.65,21.92,7038544,USD
2016-07-24,22.0,22.02,21.51,21.85,4859823,USD
2016-07-25,21.85,22.65,21.74,22.48,10490806,USD
2016-07-26,22.5,22.64,22.2,22.36,5465712,USD
2016-07-27,22.2,22.27,21.97,22.14,5436426,USD
2016-07-28,22.11,22.13,21.55,21.65,8820690,USD
2016-07-31,21.69,22.13,21.66,21.84,7058476,USD
2016-08-01,21.86,21.98,21.56,21.8,5046648,USD
2016-08-02,21.65,21.78,21.51,21.73,6009109,USD
2016-08-03,21.65,21.73,21.22,21.37,9724768,USD
2016-08-04,21.5,22.17,21.29,21.85,8376975,USD
2016-08-07,21.82,22.37,21.55,22.35,11757581,USD
2016-08-08,22.36,22.69,22.05,22.37,19990922,USD
2016-08-09,24.11,24.6,23.26,23.41,33722232,USD
2016-08-10,23.65,24.0,23.07,23.29,17637932,USD
2016-08-11,23.27,24.89,22.93,24.65,27840240,USD
2016-08-14,24.86,25.62,24.85,25.32,16615135,USD
2016-08-15,25.57,25.58,24.75,25.02,13730805,USD
2016-08-16,24.9,25.44,24.8,25.39,12086235,USD
2016-08-17,25.34,25.52,25.12,25.4,10071253,USD
2016-08-18,26.15,26.2,25.7,25.91,20568716,USD
2016-08-21,25.95,25.99,25.52,25.77,7850838,USD
2016-08-22,25.81,26.3,25.79,25.94,9013682,USD
2016-08-23,25.97,26.08,25.51,25.56,9650367,USD
2016-08-24,25.4,25.7,25.3,25.42,9101723,USD
2016-08-25,25.46,25.99,25.42,25.79,9713367,USD
2016-08-28,25.85,25.85,25.47,25.61,5399966,USD
2016-08-29,25.71,25.95,25.5,25.59,6194472,USD
2016-08-30,25.5,25.7,25.2,25.41,10244243,USD
2016-08-31,25.41,25.73,25.33,25.71,5595909,USD
2016-09-01,25.9,26.07,25.52,25.55,9844031,USD
2016-09-05,25.72,27.0,25.72,26.54,18271836,USD
2016-09-06,26.57,26.78,26.48,26.55,9256252,USD
2016-09-07,26.6,27.08,26.55,26.86,8710167,USD
2016-09-08,26.86,26.95,26.34,26.37,13938552,USD
2016-09-11,25.6,26.57,25.55,26.5,12505496,USD
2016-09-12,26.22,26.57,26.11,26.53,10934799,USD
2016-09-13,26.59,26.69,25.71,26.01,16734216,USD
2016-09-14,26.0,26.13,25.62,26.13,12228754,USD
2016-09-15,26.23,26.55,26.01,26.23,11428241,USD
2016-09-18,26.34,26.48,25.93,26.05,8593112,USD
2016-09-19,25.88,26.16,25.68,25.85,8912956,USD
2016-09-20,25.94,26.03,25.54,25.88,12895583,USD
2016-09-21,26.0,26.4,25.86,26.3,17247472,USD
2016-09-22,26.32,26.99,26.18,26.84,13020867,USD
2016-09-25,26.54,26.61,26.35,26.54,11176748,USD
2016-09-26,26.6,27.29,26.55,26.68,12270322,USD
2016-09-27,26.64,26.87,26.01,26.29,9455705,USD
2016-09-28,26.22,26.48,25.8,25.98,16217582,USD
2016-09-29,26.01,26.32,25.92,26.09,6577301,USD
2016-10-02,26.03,26.13,25.7,26.11,9348917,USD
2016-10-03,26.15,29.23,26.12,27.49,29533272,USD
2016-10-04,27.59,28.09,27.28,27.93,23699714,USD
2016-10-05,28.45,28.53,26.96,27.4,15635288,USD
2016-10-06,27.4,27.5,26.8,27.03,9607399,USD
2016-10-09,27.04,27.51,26.77,27.3,7989085,USD
2016-10-10,27.24,27.41,26.58,26.75,7285082,USD
2016-10-11,26.61,26.82,26.34,26.59,8227576,USD
2016-10-12,26.15,26.27,25.53,26.27,14027616,USD
2016-10-13,26.72,26.78,26.27,26.5,7110387,USD
2016-10-16,26.3,26.84,26.14,26.31,5593158,USD
2016-10-17,26.78,26.79,26.2,26.26,5754426,USD
2016-10-18,26.36,26.58,26.09,26.3,6073506,USD
2016-10-19,26.17,26.86,26.17,26.65,8381403,USD
2016-10-20,26.61,26.9,26.58,26.87,5368571,USD
2016-10-23,27.0,27.12,26.09,26.5,11741345,USD
2016-10-24,26.55,26.69,26.25,26.42,4902396,USD
2016-10-25,26.32,26.57,26.14,26.48,4687801,USD
2016-10-26,26.59,26.68,25.73,25.88,9069430,USD
2016-10-27,25.7,26.05,25.38,25.9,8031905,USD
2016-10-30,26.03,26.44,25.93,25.95,5345174,USD
2016-10-31,25.9,26.04,25.18,25.31,9236391,USD
2016-11-01,25.44,25.5,24.37,24.74,14255094,USD
2016-11-02,24.54,25.05,24.51,24.67,6738788,USD
2016-11-03,24.57,24.77,24.31,24.65,7038280,USD
2016-11-06,25.18,25.71,25.0,25.46,8212158,USD
2016-11-07,25.51,25.55,25.02,25.44,6778090,USD
2016-11-08,24.6,25.58,24.6,25.13,6544750,USD
2016-11-09,25.5,25.5,23.88,24.39,10182802,USD
2016-11-10,24.25,24.52,23.68,24.04,12219739,USD
2016-11-13,24.23,24.23,23.38,23.71,15581497,USD
2016-11-14,25.69,26.96,25.29,26.41,38369212,USD
2016-11-15,25.62,26.6,25.62,26.51,9433066,USD
2016-11-16,26.5,26.93,26.33,26.75,8590293,USD
2016-11-17,26.75,26.89,26.25,26.45,5658152,USD
2016-11-20,26.5,26.56,25.89,26.0,7494752,USD
2016-11-21,26.0,26.14,25.64,25.81,7125086,USD
2016-11-22,25.76,25.95,25.65,25.74,5986269,USD
2016-11-24,25.89,25.99,25.43,25.54,6497668,USD
2016-11-27,25.56,25.95,25.54,25.83,9681689,USD
2016-11-28,25.84,27.7,25.75,26.85,29892612,USD
2016-11-29,26.85,27.4,26.66,26.87,15084817,USD
2016-11-30,26.79,26.95,26.18,26.3,11150653,USD
2016-12-01,26.32,26.45,25.72,25.88,9493292,USD
2016-12-04,25.86,26.32,25.58,25.95,7537700,USD
2016-12-05,26.09,26.26,25.77,25.83,4690779,USD
2016-12-06,25.76,27.19,25.72,26.98,17786712,USD
2016-12-07,26.99,27.2,26.69,26.97,8078966,USD
2016-12-08,26.87,26.97,26.27,26.84,7892442,USD
2016-12-11,26.38,26.62,25.82,26.16,6383423,USD
2016-12-12,26.31,26.92,25.92,26.66,7137258,USD
2016-12-13,26.69,27.38,26.51,26.95,11007725,USD
2016-12-14,26.74,26.74,25.58,25.77,9761438,USD
2016-12-15,25.73,26.16,25.57,25.61,7792460,USD
2016-12-18,25.6,25.64,25.25,25.38,4873582,USD
2016-12-19,25.72,25.72,25.31,25.52,4972665,USD
2016-12-20,25.42,25.96,25.42,25.88,3935765,USD
2016-12-21,25.86,25.9,25.49,25.62,4442017,USD
2016-12-22,25.51,25.85,25.34,25.49,5616297,USD
2016-12-26,25.52,26.21,25.45,25.93,5188205,USD
2016-12-27,26.09,26.2,25.61,25.74,2880628,USD
2016-12-28,25.76,25.91,25.56,25.64,3394780,USD
2016-12-29,25.68,25.84,25.29,25.44,3531505,USD
2017-01-02,25.95,26.11,25.64,25.82,8275311,USD
2017-01-03,26.05,26.09,25.59,25.85,7862762,USD
2017-01-04,26.15,26.8,26.05,26.3,10205559,USD
2017-01-05,26.3,26.41,25.92,26.27,6234331,USD
2017-01-08,26.64,26.95,26.14,26.26,8072075,USD
2017-01-09,26.3,27.1,26.25,26.9,20417380,USD
2017-01-10,26.76,27.18,26.45,26.77,5498066,USD
2017-01-11,26.83,26.83,26.48,26.61,4867676,USD
2017-01-12,26.77,26.9,26.52,26.84,5929707,USD
2017-01-16,26.82,27.65,26.71,27.21,7717468,USD
2017-01-17,27.34,27.5,26.86,27.16,5974390,USD
2017-01-18,27.3,27.84,27.13,27.75,10279738,USD
2017-01-19,27.96,28.14,27.54,27.6,7141958,USD
2017-01-22,27.5,28.27,27.46,28.18,9972357,USD
2017-01-23,28.5,28.91,28.22,28.54,13843192,USD
2017-01-24,28.77,28.84,28.35,28.59,7484578,USD
2017-01-25,28.8,28.8,28.18,28.32,6052070,USD
2017-01-26,28.35,28.5,28.12,28.36,3107023,USD
2017-01-29,28.17,28.64,28.06,28.56,3595494,USD
2017-01-30,28.32,28.46,28.01,28.4,4381726,USD
2017-01-31,28.59,28.59,28.02,28.13,4109167,USD
2017-02-01,28.0,28.21,27.88,28.17,4403282,USD
2017-02-02,28.28,28.4,28.08,28.32,3671480,USD
2017-02-05,28.64,28.8,28.35,28.54,3919297,USD
2017-02-06,28.66,28.94,28.46,28.81,4834574,USD
2017-02-07,28.81,29.06,28.63,28.98,3769446,USD
2017-02-08,28.96,29.2,28.76,29.01,6234699,USD
2017-02-09,29.21,29.52,29.01,29.38,4491403,USD
2017-02-12,29.52,29.65,29.11,29.52,6084490,USD
2017-02-13,29.48,29.74,29.28,29.43,3330771,USD
2017-02-14,29.5,30.25,29.4,30.14,8001239,USD
2017-02-15,30.32,30.57,30.03,30.23,7706227,USD
2017-02-16,29.57,30.27,29.51,29.85,7080140,USD
2017-02-20,30.0,30.29,29.81,30.23,5131397,USD
2017-02-21,30.27,30.67,30.1,30.47,6604605,USD
2017-02-22,30.75,30.88,30.23,30.61,9921265,USD
2017-02-23,30.5,30.52,30.03,30.27,4641515,USD
2017-02-26,30.3,30.91,30.25,30.8,5946260,USD
2017-02-27,30.97,31.16,30.36,30.57,8639465,USD
2017-02-28,30.83,30.99,30.56,30.67,7942571,USD
2017-03-01,31.74,32.47,30.48,30.93,22176036,USD
2017-03-02,31.32,31.58,30.87,30.93,9199263,USD
2017-03-05,30.97,30.98,30.24,30.41,8109765,USD
2017-03-06,30.2,30.94,29.96,30.75,7488251,USD
2017-03-07,30.61,31.64,30.6,31.34,8226569,USD
2017-03-08,31.15,31.51,30.96,31.2,5546220,USD
2017-03-09,31.35,31.55,30.95,31.06,6038544,USD
2017-03-12,31.27,31.82,31.15,31.69,6473455,USD
2017-03-13,31.46,31.59,31.11,31.37,4364713,USD
2017-03-14,31.35,31.53,31.08,31.38,4368827,USD
2017-03-15,31.87,32.21,31.44,31.54,6367450,USD
2017-03-16,31.77,31.77,31.34,31.56,6464095,USD
2017-03-19,31.57,31.87,31.54,31.72,4270760,USD
2017-03-20,31.88,31.93,30.14,30.32,9364436,USD
2017-03-21,30.18,30.61,29.88,30.58,6790040,USD
2017-03-22,30.85,31.35,30.61,31.29,8940535,USD
2017-03-23,31.42,31.84,31.1,31.26,5826837,USD
2017-03-26,31.0,31.55,30.76,31.38,4055379,USD
2017-03-27,31.33,32.0,31.21,31.46,5862345,USD
2017-03-28,31.5,31.67,31.43,31.58,3152826,USD
2017-03-29,31.5,31.89,31.47,31.56,4907678,USD
2017-03-30,31.4,31.56,31.09,31.11,5975227,USD
2017-04-02,31.43,32.1,31.27,31.92,7934878,USD
2017-04-03,31.8,31.89,31.23,31.44,4927524,USD
2017-04-04,31.58,32.06,31.44,31.53,5368448,USD
2017-04-05,31.69,32.26,31.49,32.23,5840730,USD
2017-04-06,32.2,32.25,31.57,32.01,5651022,USD
2017-04-09,32.16,32.92,32.15,32.67,8303755,USD
2017-04-10,32.7,33.28,32.22,32.3,8054205,USD
2017-04-11,32.31,32.88,32.31,32.71,6817951,USD
2017-04-12,32.74,32.87,32.45,32.47,3029646,USD
2017-04-16,32.67,33.09,32.58,32.72,4383267,USD
2017-04-17,32.67,33.01,32.55,32.84,4273453,USD
2017-04-18,33.16,34.0,33.1,33.36,10268606,USD
2017-04-19,34.04,34.14,33.45,33.97,7963522,USD
2017-04-20,34.14,34.73,34.0,34.35,11713477,USD
2017-04-23,34.78,34.94,34.36,34.57,9606789,USD
2017-04-24,35.0,35.07,34.88,34.96,6890089,USD
2017-04-25,35.06,35.08,34.8,34.94,6069918,USD
2017-04-26,35.05,35.32,34.97,35.3,4982978,USD
2017-04-27,35.5,35.5,34.73,35.07,4759964,USD
2017-04-30,35.14,35.45,35.02,35.34,5712699,USD
2017-05-01,35.35,35.56,34.87,35.45,5194750,USD
2017-05-02,35.53,35.53,34.51,35.15,7920871,USD
2017-05-03,35.26,35.49,34.96,35.4,10001587,USD
2017-05-04,35.5,35.9,35.16,35.78,9033875,USD
2017-05-07,37.88,39.09,37.69,38.55,31389644,USD
2017-05-08,38.84,38.99,38.28,38.53,16211102,USD
2017-05-09,38.55,39.36,38.42,39.32,16745122,USD
2017-05-10,39.15,40.0,38.75,39.76,13039746,USD
2017-05-11,39.82,40.72,39.77,40.56,13923142,USD
2017-05-14,40.99,41.01,39.91,40.23,12498618,USD
2017-05-15,40.28,41.0,40.23,40.77,14975910,USD
2017-05-16,40.2,40.96,39.96,40.04,10284555,USD
2017-05-17,39.02,40.4,38.59,40.16,12521356,USD
2017-05-18,40.47,41.72,40.42,41.06,12501170,USD
2017-05-21,41.61,41.97,41.2,41.66,11472038,USD
2017-05-22,41.96,41.97,40.32,40.72,11557421,USD
2017-05-23,40.86,40.91,39.77,40.44,10724131,USD
2017-05-24,41.0,41.35,40.72,41.02,9737561,USD
2017-05-25,40.93,41.1,40.62,40.99,6780278,USD
2017-05-29,41.1,41.1,40.37,40.79,7109914,USD
2017-05-30,40.72,40.79,39.69,40.03,14503580,USD
2017-05-31,40.2,40.47,39.98,40.29,10061442,USD
2017-06-01,40.32,40.37,39.86,40.23,8721058,USD
2017-06-04,40.32,40.53,40.07,40.32,5543313,USD
2017-06-05,40.2,40.55,40.07,40.18,6317790,USD
2017-06-06,40.3,41.43,40.15,41.18,7187410,USD
2017-06-07,43.41,43.8,41.22,41.92,23897036,USD
2017-06-08,42.49,42.51,38.46,39.0,23285148,USD
2017-06-11,39.0,39.62,37.98,39.22,18130800,USD
2017-06-12,39.83,40.14,38.94,39.27,11098780,USD
2017-06-13,39.57,39.57,38.2,38.4,14856262,USD
2017-06-14,38.03,38.14,36.77,38.12,17218376,USD
2017-06-15,37.92,38.59,37.73,38.17,10328759,USD
2017-06-18,39.45,40.32,39.35,39.74,17094128,USD
2017-06-19,39.6,39.84,38.75,38.9,8672760,USD
2017-06-20,39.19,41.27,38.95,41.09,16040907,USD
2017-06-21,40.62,41.45,40.6,41.33,11009132,USD
2017-06-22,41.3,43.06,41.0,42.95,15892126,USD
2017-06-25,43.31,44.18,42.05,43.08,17101002,USD
2017-06-26,42.79,42.95,40.53,40.69,16074236,USD
2017-06-27,41.49,41.52,39.63,41.28,13714726,USD
2017-06-28,41.15,41.19,39.22,39.5,14952449,USD
2017-06-29,39.87,39.95,38.74,39.22,13271219,USD
2017-07-02,39.83,39.83,38.75,38.86,5713432,USD
2017-07-04,38.95,39.92,38.51,39.76,11584563,USD
2017-07-05,39.21,39.49,38.71,39.11,8527372,USD
2017-07-06,39.1,39.66,39.1,39.22,6603165,USD
2017-07-09,39.25,40.63,39.21,40.42,9663655,USD
2017-07-10,40.59,41.34,40.32,40.81,8056330,USD
2017-07-11,41.27,41.98,41.2,41.44,8126156,USD
2017-07-12,41.5,41.91,41.01,41.43,5157757,USD
2017-07-13,41.38,42.13,41.17,42.01,7283543,USD
2017-07-16,42.05,42.14,40.97,41.63,7573539,USD
2017-07-17,41.6,43.1,41.34,42.99,10107559,USD
2017-07-18,43.4,44.09,42.77,43.22,12296654,USD
2017-07-19,43.26,43.49,42.52,42.92,5826311,USD
2017-07-20,43.0,43.23,42.4,43.08,4154836,USD
2017-07-23,43.15,43.68,43.05,43.54,5842313,USD
2017-07-24,43.75,44.73,43.27,44.46,8479143,USD
2017-07-25,44.76,46.85,44.62,45.87,15727694,USD
2017-07-26,46.5,46.85,43.88,45.16,16176911,USD
2017-07-27,44.7,45.96,44.2,45.22,8919292,USD
2017-07-30,45.27,45.98,44.44,45.17,11473065,USD
2017-07-31,45.82,45.91,45.25,45.55,6188457,USD
2017-08-01,45.55,45.75,44.16,45.25,7937703,USD
2017-08-02,45.49,45.73,44.66,45.3,8277641,USD
2017-08-03,45.6,46.41,45.34,46.4,5775836,USD
2017-08-06,46.64,47.95,46.27,47.56,10439175,USD
2017-08-07,47.92,48.99,47.63,48.15,16061883,USD
2017-08-08,47.64,47.88,46.89,47.84,10069785,USD
2017-08-09,47.5,47.85,45.76,46.09,12381885,USD
2017-08-10,45.5,46.21,44.91,45.9,16163479,USD
2017-08-13,45.0,45.45,43.06,44.25,36778832,USD
2017-08-14,44.94,44.98,43.26,44.05,18834736,USD
2017-08-15,44.47,44.95,43.46,43.65,14150306,USD
2017-08-16,43.04,43.15,40.75,40.8,30668992,USD
2017-08-17,41.06,41.17,39.93,40.13,19114596,USD
2017-08-20,40.4,41.47,40.21,41.26,17220868,USD
2017-08-21,41.87,42.22,41.15,42.15,15564082,USD
2017-08-22,42.13,43.06,41.85,42.44,14382410,USD
2017-08-23,42.81,42.96,41.45,42.07,13507718,USD
2017-08-24,42.04,42.14,40.36,40.87,15744883,USD
2017-08-27,41.0,41.12,39.43,40.35,14718931,USD
2017-08-28,39.4,41.07,39.33,40.84,9388055,USD
2017-08-29,40.9,42.05,40.9,41.94,9590317,USD
2017-08-30,42.38,42.51,41.4,41.91,9956661,USD
2017-08-31,41.93,42.49,41.68,41.99,6093375,USD
2017-09-04,41.52,41.88,40.97,41.4,9568902,USD
2017-09-05,41.7,42.18,41.13,41.64,7885979,USD
2017-09-06,41.73,42.13,41.57,41.83,5668129,USD
2017-09-07,41.76,41.96,41.07,41.15,7008346,USD
2017-09-10,41.71,42.5,41.71,42.04,10256584,USD
2017-09-11,42.36,43.5,41.81,43.29,14168299,USD
2017-09-12,43.45,45.28,43.36,45.27,20095030,USD
2017-09-13,44.84,45.93,44.52,45.25,12954291,USD
2017-09-14,45.59,45.6,44.7,44.91,16910724,USD
2017-09-17,45.45,45.83,44.71,44.74,11368523,USD
2017-09-18,45.0,45.04,43.83,44.33,9301579,USD
2017-09-19,44.39,44.55,43.72,44.44,8014207,USD
2017-09-20,43.9,43.96,42.41,42.98,14574084,USD
2017-09-21,42.48,42.68,42.16,42.37,11622080,USD
2017-09-24,42.04,42.09,40.47,40.93,17094894,USD
2017-09-25,41.56,41.78,40.11,40.32,15067466,USD
2017-09-26,40.71,40.84,39.33,39.71,20020440,USD
2017-09-27,39.48,39.5,38.21,38.65,24883300,USD
2017-09-28,38.38,38.83,37.82,38.2,23315396,USD
2017-10-01,38.4,39.94,38.3,39.1,18686052,USD
2017-10-02,39.93,40.23,39.1,39.21,15964161,USD
2017-10-03,39.21,39.21,37.61,38.34,21458574,USD
2017-10-04,38.62,39.27,38.21,39.14,11729223,USD
2017-10-05,38.98,39.72,38.93,39.24,9685899,USD
2017-10-08,39.4,39.47,38.69,38.91,9505437,USD
2017-10-09,39.29,40.29,39.1,40.17,16530284,USD
2017-10-10,40.37,40.42,39.52,39.62,14071760,USD
2017-10-11,39.6,39.62,38.44,38.51,14544883,USD
2017-10-12,38.71,38.97,38.44,38.72,13047409,USD
2017-10-15,40.14,40.15,38.96,39.67,19939444,USD
2017-10-16,39.95,40.15,39.37,39.59,12073638,USD
2017-10-17,40.0,40.77,39.57,40.32,19064604,USD
2017-10-18,39.8,40.18,39.21,39.38,16381205,USD
2017-10-19,39.7,39.75,38.69,39.0,20233520,USD
2017-10-22,39.15,39.2,38.33,38.43,13575917,USD
2017-10-23,38.66,38.81,38.46,38.52,11847132,USD
2017-10-24,38.55,38.97,37.13,37.4,22016362,USD
2017-10-25,37.56,37.68,36.71,36.81,19145512,USD
2017-10-26,37.01,37.47,35.79,37.36,23630700,USD
2017-10-29,37.81,37.87,36.94,37.42,15653058,USD
2017-10-30,37.84,38.03,37.27,37.52,13581668,USD
2017-10-31,38.0,38.31,37.72,37.86,15800077,USD
2017-11-01,38.24,38.67,37.67,37.88,17726780,USD
2017-11-02,38.4,38.61,38.21,38.42,15409232,USD
2017-11-05,39.01,39.18,38.6,39.01,14493508,USD
2017-11-06,39.69,39.9,39.09,39.79,14580119,USD
2017-11-07,39.91,40.83,39.85,40.33,17107204,USD
2017-11-08,40.19,40.22,38.89,39.8,16914758,USD
2017-11-09,39.83,40.4,39.17,39.96,16868912,USD
2017-11-12,41.97,42.77,40.85,41.34,43667304,USD
2017-11-13,41.0,41.05,38.25,38.9,38892756,USD
2017-11-14,38.5,39.38,37.79,39.35,19456414,USD
2017-11-15,39.64,40.58,39.34,40.22,18078564,USD
2017-11-16,40.34,40.73,39.95,40.25,16665643,USD
2017-11-19,40.36,40.45,38.9,39.2,20091060,USD
2017-11-20,39.49,40.37,39.49,39.88,13821446,USD
2017-11-21,40.2,40.46,39.45,39.79,9319989,USD
2017-11-23,39.72,39.73,39.05,39.21,7256261,USD
2017-11-26,39.0,39.13,38.52,38.66,9577508,USD
2017-11-27,38.76,38.96,38.3,38.57,8241815,USD
2017-11-28,38.4,38.61,37.1,37.83,18255650,USD
2017-11-29,37.87,38.0,37.12,37.45,16357653,USD
2017-11-30,37.02,37.68,36.54,37.27,13552493,USD
2017-12-03,37.77,38.25,36.66,36.75,15756822,USD
2017-12-04,36.04,37.63,35.81,37.3,16057285,USD
2017-12-05,36.71,37.85,36.55,37.82,14647381,USD
2017-12-06,37.83,38.33,37.73,38.13,16026007,USD
2017-12-07,38.41,38.78,37.92,38.01,9479338,USD
2017-12-10,38.05,38.55,37.61,38.46,9114520,USD
2017-12-11,38.24,38.81,38.03,38.56,9126401,USD
2017-12-12,39.02,40.91,38.9,40.8,28073692,USD
2017-12-13,40.4,40.99,39.88,40.63,22350232,USD
2017-12-14,40.46,40.59,39.9,40.32,24030540,USD
2017-12-17,42.0,42.09,41.36,41.68,20053328,USD
2017-12-18,41.61,43.48,41.61,42.97,31675294,USD
2017-12-19,42.71,43.09,41.44,42.16,21883584,USD
2017-12-20,42.2,42.7,41.97,42.27,7217729,USD
2017-12-21,42.31,42.86,41.9,42.19,7162121,USD
2017-12-25,41.96,42.42,41.65,42.14,6323869,USD
2017-12-26,42.18,42.63,41.71,42.29,7002242,USD
2017-12-27,42.31,42.47,41.6,41.63,6835649,USD
2017-12-28,41.67,41.86,41.31,41.42,4815885,USD
2018-01-01,42.14,43.5,41.9,43.28,18131166,USD
2018-01-02,43.72,43.9,43.11,43.51,12451049,USD
2018-01-03,43.96,44.08,43.13,43.67,9994171,USD
2018-01-04,44.0,45.83,43.89,45.64,18182596,USD
2018-01-07,45.67,46.5,45.56,46.1,14483436,USD
2018-01-08,46.49,46.8,45.79,46.13,12380892,USD
2018-01-09,45.44,46.5,45.17,46.45,11890770,USD
2018-01-10,46.5,46.73,45.82,46.61,9719167,USD
2018-01-11,46.68,47.23,46.28,46.4,9367176,USD
2018-01-15,47.32,47.4,45.92,46.46,13359672,USD
2018-01-16,46.9,46.93,46.02,46.61,6980679,USD
2018-01-17,46.69,46.8,45.6,45.9,10400935,USD
2018-01-18,46.15,46.4,45.57,46.02,6650566,USD
2018-01-21,45.51,45.6,43.34,45.26,18430400,USD
2018-01-22,45.4,45.7,44.34,45.18,13589749,USD
2018-01-23,45.43,47.94,45.42,46.74,20874638,USD
2018-01-24,46.74,47.74,46.35,47.38,14501113,USD
2018-01-25,48.23,50.55,48.11,50.5,25705402,USD
2018-01-28,50.6,50.68,49.71,49.94,15783464,USD
2018-01-29,48.75,49.43,48.22,49.26,13417983,USD
2018-01-30,49.74,50.17,49.03,49.23,18376314,USD
2018-01-31,46.89,49.25,45.5,47.55,19814438,USD
2018-02-01,47.99,48.02,45.92,46.03,15944181,USD
2018-02-04,45.03,47.64,44.11,44.6,19415652,USD
2018-02-05,43.06,45.3,42.6,45.05,20648878,USD
2018-02-06,44.97,45.33,44.22,44.39,14960187,USD
2018-02-07,44.84,44.84,42.17,42.25,16458352,USD
2018-02-08,42.62,43.41,40.93,42.93,18336748,USD
2018-02-11,43.68,44.09,43.04,43.72,11475842,USD
2018-02-12,43.77,44.74,43.57,44.55,8432096,USD
2018-02-13,44.84,47.25,44.72,46.86,16726990,USD
2018-02-14,47.78,47.91,46.26,47.11,9799789,USD
2018-02-15,47.1,47.3,46.3,46.42,7362644,USD
2018-02-19,46.34,47.92,46.3,46.93,10756846,USD
2018-02-20,47.53,48.8,47.13,47.16,14555629,USD
2018-02-21,47.93,48.01,47.16,47.81,9622201,USD
2018-02-22,48.22,48.36,47.48,48.35,9730492,USD
2018-02-25,49.0,49.0,48.19,48.8,9126891,USD
2018-02-26,48.57,48.72,46.99,47.04,12688574,USD
2018-02-27,47.46,48.18,46.8,47.15,12227796,USD
2018-02-28,47.1,47.65,45.05,46.21,15883160,USD
2018-03-01,42.98,43.99,41.8,43.8,34896968,USD
2018-03-04,43.37,43.65,41.89,42.99,22091042,USD
2018-03-05,43.53,43.71,42.69,43.14,14014384,USD
2018-03-06,42.8,44.54,42.61,44.41,11848606,USD
2018-03-07,44.51,45.71,44.5,45.39,15116811,USD
2018-03-08,45.71,46.13,45.29,45.71,10069730,USD
2018-03-11,46.02,46.31,45.45,46.01,8896163,USD
2018-03-12,46.0,46.0,43.9,44.32,15869334,USD
2018-03-13,44.77,45.15,44.05,44.09,11801596,USD
2018-03-14,45.08,45.48,44.38,44.94,14188053,USD
2018-03-15,44.99,45.22,44.75,44.97,14659384,USD
2018-03-18,44.26,44.69,43.43,44.15,19223716,USD
2018-03-19,44.24,44.36,43.75,44.0,11270567,USD
2018-03-20,44.36,44.67,43.4,43.51,14568919,USD
2018-03-21,42.94,43.06,41.6,42.51,18312596,USD
2018-03-22,42.3,42.89,40.66,40.87,18935912,USD
2018-03-25,41.97,42.4,41.0,41.85,13573792,USD
2018-03-26,42.2,42.29,40.33,40.71,15262397,USD
2018-03-27,40.34,40.4,39.12,40.01,21590678,USD
2018-03-28,40.24,41.0,40.18,40.49,11619609,USD
2018-04-01,40.09,40.52,38.68,39.08,14019012,USD
2018-04-02,39.6,39.66,38.44,38.98,9496666,USD
2018-04-03,37.8,39.63,37.75,39.44,11933675,USD
2018-04-04,40.0,40.44,39.91,40.19,10002821,USD
2018-04-05,39.55,40.04,38.91,39.23,12637015,USD
2018-04-08,39.89,41.05,39.56,40.07,9335177,USD
2018-04-09,41.27,41.3,40.18,40.7,7752378,USD
2018-04-10,40.44,41.05,40.41,40.46,6299632,USD
2018-04-11,40.63,40.99,40.42,40.6,5957260,USD
2018-04-12,40.4,40.52,39.58,39.8,8288471,USD
2018-04-15,39.89,40.07,39.49,39.93,5445277,USD
2018-04-16,40.12,40.58,39.81,40.27,9740181,USD
2018-04-17,40.5,40.5,39.51,40.18,9516578,USD
2018-04-18,40.14,40.34,38.61,38.9,16780072,USD
2018-04-19,37.34,37.49,36.5,37.44,25691736,USD
2018-04-22,37.41,37.76,36.74,37.0,12407811,USD
2018-04-23,37.37,37.55,35.46,35.87,19627300,USD
2018-04-24,35.79,36.24,34.88,35.88,10914321,USD
2018-04-25,36.13,36.9,36.12,36.5,9146258,USD
2018-04-26,37.1,37.19,36.33,36.76,8360286,USD
2018-04-29,37.08,37.09,36.15,36.51,8537939,USD
2018-04-30,36.3,37.5,36.29,37.47,10001093,USD
2018-05-01,37.27,37.49,36.94,37.08,8285234,USD
2018-05-02,36.9,37.44,36.2,37.2,11486386,USD
2018-05-03,36.55,37.85,36.4,37.67,14010723,USD
2018-05-06,38.24,38.91,38.0,38.72,19097224,USD
2018-05-07,38.18,38.29,36.55,36.94,26166380,USD
2018-05-08,36.75,37.4,36.51,37.14,13651153,USD
2018-05-09,37.14,37.25,36.66,36.85,9592065,USD
2018-05-10,37.02,37.2,36.69,36.95,6867176,USD
2018-05-13,37.25,37.76,37.07,37.17,8145757,USD
2018-05-14,36.73,36.93,35.93,36.12,11197141,USD
2018-05-15,36.4,36.76,36.16,36.43,9408383,USD
2018-05-16,36.34,36.74,35.69,35.96,10110133,USD
2018-05-17,36.0,36.02,35.55,35.71,9266909,USD
2018-05-20,36.21,36.95,36.07,36.28,13780821,USD
2018-05-21,36.27,36.87,36.27,36.36,9000118,USD
2018-05-22,36.18,37.18,36.01,36.72,18619478,USD
2018-05-23,36.9,37.14,36.48,36.7,13873029,USD
2018-05-24,36.8,37.15,36.75,36.87,7837963,USD
2018-05-28,36.7,37.0,36.1,36.53,9715383,USD
2018-05-29,36.35,36.54,35.67,35.8,10801618,USD
2018-05-30,35.93,36.02,34.76,35.18,20143472,USD
2018-05-31,35.57,36.26,35.54,36.09,12420436,USD
2018-06-03,36.49,38.18,36.38,38.16,20428816,USD
2018-06-04,39.0,39.46,38.51,38.87,19386852,USD
2018-06-05,39.25,40.68,39.2,40.4,21989232,USD
2018-06-06,40.79,40.84,38.92,39.5,13793243,USD
2018-06-07,38.99,40.41,38.96,39.92,12679772,USD
2018-06-10,40.08,40.08,39.23,39.64,8980102,USD
2018-06-11,39.86,41.47,39.7,41.47,16751856,USD
2018-06-12,41.46,41.88,40.56,41.25,15571156,USD
2018-06-13,41.12,43.96,41.11,43.75,28735660,USD
2018-06-14,42.81,43.88,42.05,43.59,24615496,USD
2018-06-17,45.03,45.23,43.12,43.76,45450776,USD
2018-06-18,42.0,42.37,40.89,41.89,27377464,USD
2018-06-19,42.66,42.72,41.36,41.68,16169897,USD
2018-06-20,41.47,41.59,40.41,40.82,14422135,USD
2018-06-21,41.14,41.19,40.37,40.82,9409922,USD
2018-06-24,39.94,40.0,38.8,39.18,17566696,USD
2018-06-25,39.56,39.76,39.05,39.47,10262158,USD
2018-06-26,39.5,40.21,38.29,38.39,15703974,USD
2018-06-27,38.41,38.98,37.93,38.93,9852722,USD
2018-06-28,39.15,39.87,38.75,38.95,10243902,USD
2018-07-01,38.01,38.8,37.87,38.79,12932283,USD
2018-07-02,39.18,39.21,38.35,38.38,5953279,USD
2018-07-04,38.54,38.87,37.78,38.54,9390632,USD
2018-07-05,38.28,39.53,38.16,39.46,11616782,USD
2018-07-08,39.99,40.04,39.29,39.4,9902588,USD
2018-07-09,39.49,39.96,38.42,38.59,10153736,USD
2018-07-10,37.86,38.23,37.39,37.95,10935294,USD
2018-07-11,38.27,38.77,38.01,38.52,9926551,USD
2018-07-12,38.53,38.77,37.96,38.27,6950126,USD
2018-07-15,38.3,38.31,37.79,38.04,6270887,USD
2018-07-16,37.7,38.17,37.6,37.99,8431792,USD
2018-07-17,37.96,38.09,37.05,37.53,15027502,USD
2018-07-18,37.19,37.24,36.78,36.88,8132852,USD
2018-07-19,36.85,36.9,35.26,35.51,30286724,USD
2018-07-22,35.94,36.14,35.47,35.66,9977670,USD
2018-07-23,36.27,36.7,35.22,35.31,13768076,USD
2018-07-24,35.58,37.11,35.38,36.92,17815896,USD
2018-07-25,36.22,37.4,36.22,36.64,10394162,USD
2018-07-26,37.15,37.37,35.86,36.21,10426677,USD
2018-07-29,36.18,36.29,34.86,35.16,13689195,USD
2018-07-30,35.19,35.89,34.9,35.86,14307819,USD
2018-07-31,35.58,36.89,35.56,36.28,13061326,USD
2018-08-01,35.4,36.34,35.13,36.29,12221626,USD
2018-08-02,36.48,36.71,35.81,36.17,6753957,USD
2018-08-05,36.06,36.11,35.53,35.9,9665768,USD
2018-08-06,36.29,36.7,35.92,36.5,9422945,USD
2018-08-07,36.57,36.8,35.96,36.0,8679785,USD
2018-08-08,36.27,36.62,35.96,36.02,8158397,USD
2018-08-09,35.62,35.91,35.47,35.79,8679163,USD
2018-08-12,35.58,35.66,34.54,35.07,15529476,USD
2018-08-13,34.59,34.59,33.02,33.87,33338462,USD
2018-08-14,32.13,32.56,31.48,32.36,46803336,USD
2018-08-15,32.0,33.2,31.18,31.97,46628208,USD
2018-08-16,31.83,32.45,31.07,32.22,20065932,USD
2018-08-19,32.61,33.28,32.6,33.04,15729420,USD
2018-08-20,33.41,33.6,32.46,32.8,12379431,USD
2018-08-21,32.75,32.85,32.31,32.34,15485850,USD
2018-08-22,32.74,33.05,31.13,31.39,23523292,USD
2018-08-23,31.55,31.66,31.27,31.4,12823198,USD
2018-08-26,31.98,32.8,31.77,32.67,16679765,USD
2018-08-27,32.98,32.99,31.81,32.16,14949805,USD
2018-08-28,32.03,32.39,31.91,31.95,9592608,USD
2018-08-29,31.65,31.82,30.76,31.0,15360709,USD
2018-08-30,30.66,31.46,30.52,31.3,10738237,USD
2018-09-03,30.01,30.03,29.06,29.43,47842232,USD
2018-09-04,27.96,28.05,26.0,26.3,82488000,USD
2018-09-05,27.24,27.93,26.56,27.25,41710616,USD
2018-09-06,27.21,27.41,26.7,26.95,26661476,USD
2018-09-09,26.75,26.85,26.11,26.53,21667312,USD
2018-09-10,26.04,27.4,25.9,27.09,22625832,USD
2018-09-11,26.98,27.76,26.72,27.63,21283728,USD
2018-09-12,28.31,29.02,27.55,27.76,28412940,USD
2018-09-13,27.91,28.03,27.04,27.11,16352879,USD
2018-09-16,26.12,26.18,25.33,25.73,27869820,USD
2018-09-17,25.9,26.09,25.27,25.75,17188066,USD
2018-09-18,26.12,27.11,26.12,26.92,16091864,USD
2018-09-19,27.2,27.27,26.65,26.93,15145065,USD
2018-09-20,27.31,27.35,26.25,26.49,14918432,USD
2018-09-23,25.06,25.53,24.38,24.51,34559248,USD
2018-09-24,24.8,24.84,24.4,24.54,19370204,USD
2018-09-25,24.72,25.86,24.66,25.2,31064332,USD
2018-09-26,25.4,25.89,25.28,25.43,15062048,USD
2018-09-27,25.3,26.23,25.3,26.09,13787550,USD
2018-09-30,26.03,26.26,25.38,25.49,11217325,USD
2018-10-01,25.1,25.4,24.54,24.9,14443522,USD
2018-10-02,25.15,25.44,24.79,25.14,10944377,USD
2018-10-03,24.78,24.85,24.06,24.32,15836821,USD
2018-10-04,24.2,24.25,23.37,23.62,18050490,USD
2018-10-07,23.02,24.24,22.65,23.89,18179768,USD
2018-10-08,23.45,24.2,23.34,23.78,13748110,USD
2018-10-09,23.45,23.55,22.7,22.71,21411572,USD
2018-10-10,22.52,23.66,22.5,23.48,25139994,USD
2018-10-11,24.54,24.9,23.74,24.45,20258472,USD
2018-10-14,24.11,24.64,23.8,24.14,11138163,USD
2018-10-15,24.5,24.7,24.08,24.63,11689496,USD
2018-10-16,24.52,24.61,23.46,23.68,15378695,USD
2018-10-17,23.5,24.13,23.22,23.33,15585013,USD
2018-10-18,23.94,23.95,22.95,23.01,12969982,USD
2018-10-21,23.86,24.11,23.3,23.54,13939869,USD
2018-10-22,22.61,23.59,22.33,23.23,17949568,USD
2018-10-23,23.18,23.2,21.69,21.76,22822220,USD
2018-10-24,22.05,22.59,21.91,22.56,13330225,USD
2018-10-25,21.67,22.93,21.58,22.58,18085102,USD
2018-10-28,22.7,23.02,21.69,21.98,15114546,USD
2018-10-29,22.07,22.47,21.7,22.38,12069075,USD
2018-10-30,22.87,23.59,22.57,23.52,19094116,USD
2018-10-31,23.72,25.76,23.2,25.45,25744038,USD
2018-11-01,25.54,25.6,23.84,24.05,26777620,USD
2018-11-04,23.94,24.46,23.65,24.15,10519571,USD
2018-11-05,24.1,24.47,23.45,23.6,10321399,USD
2018-11-06,24.02,24.16,23.47,24.07,10476661,USD
2018-11-07,23.85,23.87,22.38,22.4,17331566,USD
2018-11-08,22.0,22.48,21.58,21.7,17573406,USD
2018-11-11,21.92,22.38,21.46,22.01,14257134,USD
2018-11-12,22.24,22.79,22.17,22.39,14807614,USD
2018-11-13,22.75,23.08,22.5,22.76,11823938,USD
2018-11-14,22.9,24.27,22.81,24.2,24377712,USD
2018-11-15,23.68,24.0,22.6,23.05,23225860,USD
2018-11-18,22.45,22.83,20.93,21.11,42137008,USD
2018-11-19,20.48,20.5,19.27,19.49,41354952,USD
2018-11-20,20.0,20.69,19.92,20.34,29173366,USD
2018-11-22,19.86,19.88,19.21,19.27,18858158,USD
2018-11-25,19.76,20.78,19.75,20.46,22571788,USD
2018-11-26,20.19,21.03,20.11,20.84,14539302,USD
2018-11-27,21.32,21.41,20.61,21.38,16977744,USD
2018-11-28,21.05,21.15,20.38,20.97,13441364,USD
2018-11-29,21.0,21.26,20.56,21.23,10591081,USD
2018-12-02,22.36,22.49,21.77,22.01,19812620,USD
2018-12-03,21.92,22.26,21.39,21.45,18051442,USD
2018-12-05,20.45,21.49,20.11,21.23,20377416,USD
2018-12-06,21.07,21.75,20.92,20.93,13522873,USD
2018-12-09,20.75,21.19,20.12,20.51,14536256,USD
2018-12-10,20.95,21.34,20.82,20.91,13446140,USD
2018-12-11,21.3,22.32,21.27,21.89,19667956,USD
2018-12-12,22.0,23.35,22.0,22.71,25480952,USD
2018-12-13,22.04,22.94,22.01,22.17,14871264,USD
2018-12-16,22.04,22.26,21.17,21.35,16535305,USD
2018-12-17,21.47,21.84,20.91,21.04,14271821,USD
2018-12-18,20.95,21.48,20.0,20.17,15276032,USD
2018-12-19,20.09,20.21,19.64,19.91,17860264,USD
2018-12-20,20.09,21.99,19.52,21.08,49686108,USD
2018-12-23,21.49,21.51,19.26,19.75,28037348,USD
2018-12-25,20.32,21.13,19.75,21.1,25225336,USD
2018-12-26,20.5,22.06,20.5,21.7,31047510,USD
2018-12-27,21.78,22.0,21.15,21.71,16643548,USD
2018-12-30,22.04,22.48,20.77,20.93,19422400,USD
2019-01-01,20.31,21.48,20.18,21.27,15840004,USD
2019-01-02,20.89,21.14,20.25,20.35,18607994,USD
2019-01-03,20.98,22.68,20.75,22.27,25156940,USD
2019-01-06,22.43,22.85,22.26,22.76,18889810,USD
2019-01-07,22.99,23.18,22.43,22.95,15180422,USD
2019-01-08,23.24,24.12,23.22,23.69,21656218,USD
2019-01-09,23.0,23.55,22.83,23.4,12368422,USD
2019-01-10,23.19,23.75,22.69,22.88,10034434,USD
2019-01-13,22.25,22.3,21.53,22.04,14129934,USD
2019-01-14,22.25,22.74,22.12,22.25,11862905,USD
2019-01-15,22.37,22.68,22.28,22.33,9761001,USD
2019-01-16,22.05,22.48,22.02,22.14,12013731,USD
2019-01-17,22.45,23.85,22.3,23.26,23275226,USD
2019-01-21,22.88,22.91,21.5,21.68,19538292,USD
2019-01-22,22.05,22.6,21.75,21.97,11262156,USD
2019-01-23,21.98,22.26,21.5,22.1,13846291,USD
2019-01-24,22.48,23.93,22.47,23.63,28039860,USD
2019-01-27,23.43,24.14,23.06,23.72,13925836,USD
2019-01-28,23.74,23.87,23.31,23.52,11310381,USD
2019-01-29,24.01,24.72,23.76,24.64,19832308,USD
2019-01-30,24.5,25.45,24.47,24.85,19318412,USD
2019-01-31,24.74,25.31,24.31,24.63,11938167,USD
2019-02-03,24.5,24.54,24.16,24.29,9054280,USD
2019-02-04,24.45,25.98,24.41,25.42,19165648,USD
2019-02-05,25.47,25.71,24.96,25.11,11083109,USD
2019-02-06,24.77,24.93,23.52,23.98,15836102,USD
2019-02-07,23.65,24.28,23.6,23.99,8246200,USD
2019-02-10,24.35,24.73,24.15,24.28,9035113,USD
2019-02-11,24.67,25.35,24.57,24.68,10932834,USD
2019-02-12,25.0,25.56,24.49,24.61,12449904,USD
2019-02-13,24.54,24.62,23.89,24.33,10126762,USD
2019-02-14,24.51,24.57,23.91,23.96,11489361,USD
2019-02-18,23.66,24.77,23.65,24.64,12430949,USD
2019-02-19,24.81,25.42,24.51,24.68,13209231,USD
2019-02-20,24.82,24.88,24.01,24.27,13542641,USD
2019-02-21,24.55,25.96,24.48,25.95,27113292,USD
2019-02-24,27.11,27.38,26.04,26.19,29338464,USD
2019-02-25,25.98,26.82,25.66,26.59,20278754,USD
2019-02-26,26.42,26.9,25.87,25.97,22994172,USD
2019-02-27,28.58,28.62,26.58,27.71,66593108,USD
2019-02-28,28.03,29.39,27.97,28.73,37083592,USD
2019-03-03,29.04,29.2,28.14,28.89,23454404,USD
2019-03-04,28.88,29.7,28.7,29.35,19982866,USD
2019-03-05,29.25,29.66,28.72,29.03,21316910,USD
2019-03-06,28.5,28.64,27.6,27.84,20959536,USD
2019-03-07,26.71,27.25,26.37,27.05,28554012,USD
2019-03-10,27.46,27.89,27.16,27.62,21410836,USD
2019-03-11,27.95,28.43,27.53,28.11,18551088,USD
2019-03-12,28.27,28.42,27.86,28.13,13941520,USD
2019-03-13,27.75,27.97,27.39,27.89,17280892,USD
2019-03-14,28.16,28.71,27.78,27.93,16302283,USD
2019-03-17,28.25,28.69,27.92,28.14,12513807,USD
2019-03-18,28.3,28.67,28.01,28.31,12356530,USD
2019-03-19,28.16,28.29,27.67,28.08,12752388,USD
2019-03-20,27.97,28.82,27.87,28.76,14343004,USD
2019-03-21,28.41,28.76,27.84,28.0,13944213,USD
2019-03-24,27.69,28.55,27.47,28.39,14183103,USD
2019-03-25,28.5,29.05,28.32,28.81,17986930,USD
2019-03-26,28.81,29.71,28.81,29.16,20596578,USD
2019-03-27,29.23,29.45,28.86,29.41,9747253,USD
2019-03-28,29.77,30.53,29.69,30.15,22128180,USD
2019-03-31,30.93,31.62,30.78,31.26,25515796,USD
2019-04-01,31.14,31.2,30.1,30.29,20620250,USD
2019-04-02,30.71,30.93,30.23,30.31,15451489,USD
2019-04-03,29.73,30.66,29.68,30.25,14536882,USD
2019-04-04,30.5,31.57,30.37,31.24,17824342,USD
2019-04-07,30.92,31.18,30.67,30.79,11378684,USD
2019-04-08,30.75,31.32,30.39,30.9,13887319,USD
2019-04-09,30.63,30.84,29.81,30.17,20472728,USD
2019-04-10,29.81,30.35,29.55,30.2,10818929,USD
2019-04-11,30.63,31.19,30.32,30.57,11289259,USD
2019-04-14,30.4,30.66,29.12,29.66,16600408,USD
2019-04-15,30.08,30.53,29.4,29.91,15046318,USD
2019-04-16,29.97,30.64,29.21,29.85,17614872,USD
2019-04-17,29.84,30.02,29.48,30.01,9563677,USD
2019-04-21,29.66,29.74,29.08,29.65,11174106,USD
2019-04-22,29.5,30.14,29.35,29.78,12297111,USD
2019-04-23,29.7,29.9,29.34,29.66,7644512,USD
2019-04-24,29.42,29.5,28.42,29.23,14814006,USD
2019-04-25,29.03,29.28,28.25,29.13,17751712,USD
2019-04-28,29.24,29.98,29.14,29.86,10643739,USD
2019-04-29,30.53,30.89,30.01,30.27,18458592,USD
2019-04-30,30.34,31.0,30.18,30.2,12212129,USD
2019-05-01,30.13,30.89,29.88,29.99,11682451,USD
2019-05-02,30.26,30.88,30.05,30.05,14887116,USD
2019-05-05,28.24,28.93,27.0,28.7,27358736,USD
2019-05-06,28.3,28.5,26.78,27.13,28758618,USD
2019-05-07,26.95,27.44,26.7,26.89,18499860,USD
2019-05-08,26.39,27.77,25.81,27.51,33001332,USD
2019-05-09,30.19,30.47,27.91,28.17,57736632,USD
2019-05-12,26.93,28.45,26.82,28.18,30821652,USD
2019-05-13,28.63,29.8,28.26,29.67,22847856,USD
2019-05-14,29.62,30.76,29.45,30.44,21663136,USD
2019-05-15,30.25,30.89,29.88,30.46,14903211,USD
2019-05-16,29.58,30.02,29.15,29.31,18158376,USD
2019-05-19,28.75,28.97,28.08,28.36,17371484,USD
2019-05-20,28.67,29.27,28.49,29.05,10069403,USD
2019-05-21,28.76,29.04,28.19,28.23,12794509,USD
2019-05-22,27.5,27.63,26.24,26.7,27158074,USD
2019-05-23,27.08,27.22,26.17,26.32,17438246,USD
2019-05-27,26.45,26.77,26.22,26.27,14073776,USD
2019-05-28,25.97,26.13,25.48,26.01,12530113,USD
2019-05-29,26.03,26.63,26.03,26.35,8466589,USD
2019-05-30,25.81,25.9,25.52,25.76,11156154,USD
2019-06-02,25.81,26.5,25.5,25.76,11858986,USD
2019-06-03,26.18,26.9,26.09,26.8,11199007,USD
2019-06-04,26.95,26.99,25.67,26.19,11011591,USD
2019-06-05,26.18,26.38,25.81,26.24,7660507,USD
2019-06-06,26.36,27.16,26.35,26.8,9518317,USD
2019-06-09,27.44,27.76,27.14,27.26,14453017,USD
2019-06-10,27.87,28.46,27.61,28.0,15134729,USD
2019-06-11,27.47,27.49,27.01,27.24,8873706,USD
2019-06-12,27.33,27.87,27.26,27.54,6933508,USD
2019-06-13,27.11,27.12,26.64,27.05,9140221,USD
2019-06-16,27.1,27.5,26.82,27.33,6570249,USD
2019-06-17,27.6,28.88,27.47,28.26,19526192,USD
2019-06-18,28.26,28.88,27.89,28.66,10938156,USD
2019-06-19,29.25,29.8,28.82,29.12,14674389,USD
2019-06-20,28.97,29.55,28.85,29.06,13397489,USD
2019-06-23,29.19,29.27,28.89,28.91,6070818,USD
2019-06-24,28.69,28.71,28.07,28.5,11002640,USD
2019-06-25,28.91,30.32,28.84,30.14,23418816,USD
2019-06-26,30.25,30.68,30.17,30.29,12985342,USD
2019-06-27,30.29,30.49,30.03,30.29,10410082,USD
2019-06-30,31.36,32.0,30.89,31.19,17367068,USD
2019-07-01,31.06,31.96,31.04,31.45,13148697,USD
2019-07-02,31.4,31.54,30.82,31.5,6008799,USD
2019-07-04,30.97,31.2,30.72,31.03,7070810,USD
2019-07-07,30.4,30.66,30.23,30.57,8808827,USD
2019-07-08,30.38,30.81,30.29,30.75,7317716,USD
2019-07-09,30.99,31.1,30.16,30.71,13297307,USD
2019-07-10,30.79,30.97,30.32,30.51,7386210,USD
2019-07-11,30.69,31.41,30.6,31.08,11766899,USD
2019-07-14,31.36,31.67,31.0,31.03,7110150,USD
2019-07-15,31.0,31.1,30.52,30.72,9375528,USD
2019-07-16,30.84,31.08,30.6,30.71,5349021,USD
2019-07-17,30.5,30.6,30.16,30.58,5784092,USD
2019-07-18,30.81,31.29,30.81,30.99,8153818,USD
2019-07-21,30.91,30.95,30.48,30.66,6677647,USD
2019-07-22,30.9,31.92,30.84,31.85,11159519,USD
2019-07-23,31.74,32.33,31.6,32.2,11972573,USD
2019-07-24,32.04,32.38,31.68,31.83,7397747,USD
2019-07-25,31.93,32.01,31.52,31.55,5591966,USD
2019-07-28,31.45,31.45,30.78,31.39,10329248,USD
2019-07-29,30.85,30.99,30.38,30.42,8441212,USD
2019-07-30,30.49,30.5,29.35,29.91,11912790,USD
2019-07-31,29.91,30.59,27.64,28.61,23027102,USD
2019-08-01,28.18,28.34,27.65,28.01,14058721,USD
2019-08-04,26.65,26.91,25.77,26.17,23682890,USD
2019-08-05,26.91,27.01,26.29,26.48,11748879,USD
2019-08-06,26.12,26.77,25.84,26.57,12524045,USD
2019-08-07,27.04,27.64,26.84,27.54,11652846,USD
2019-08-08,27.31,27.41,26.82,27.1,8960062,USD
2019-08-11,26.8,27.36,26.53,27.16,20672928,USD
2019-08-12,28.64,30.98,28.15,30.66,46373484,USD
2019-08-13,29.7,30.7,29.55,29.63,30022928,USD
2019-08-14,30.16,30.79,30.08,30.16,18150764,USD
2019-08-15,30.5,31.45,30.08,31.29,19520106,USD
2019-08-18,31.92,32.28,31.41,31.58,15395593,USD
2019-08-19,31.49,31.82,31.37,31.42,11922779,USD
2019-08-20,31.67,31.8,30.7,30.74,16914432,USD
2019-08-21,30.57,30.71,29.21,29.49,19843264,USD
2019-08-22,28.9,29.67,28.55,28.77,22038390,USD
2019-08-25,29.18,29.82,29.08,29.74,12503980,USD
2019-08-26,30.0,30.3,29.73,29.92,7959361,USD
2019-08-27,29.7,30.49,29.63,30.3,6625711,USD
2019-08-28,30.69,31.24,30.64,30.74,9605386,USD
2019-08-29,30.91,31.43,30.36,30.5,10090641,USD
2019-09-02,30.1,30.2,29.4,29.45,7635475,USD
2019-09-03,30.27,30.29,29.84,29.88,6568644,USD
2019-09-04,30.32,31.08,30.25,30.84,11759956,USD
2019-09-05,30.89,31.4,30.76,31.08,6435782,USD
2019-09-08,31.12,31.57,30.89,31.48,7537556,USD
2019-09-09,31.2,31.24,30.13,30.87,11056023,USD
2019-09-10,31.2,31.72,30.64,31.07,12261793,USD
2019-09-11,31.54,31.99,31.2,31.52,11849033,USD
2019-09-12,31.66,31.79,31.13,31.23,7025846,USD
2019-09-15,30.74,31.03,30.73,30.85,5453848,USD
2019-09-16,30.74,31.3,30.52,31.17,6015459,USD
2019-09-17,31.1,31.18,30.66,31.04,5229386,USD
2019-09-18,31.0,32.0,30.91,31.05,12773579,USD
2019-09-19,31.45,31.69,30.5,30.94,14097190,USD
2019-09-22,31.36,31.47,30.29,30.33,9702109,USD
2019-09-23,30.48,30.48,29.29,29.41,16542263,USD
2019-09-24,29.15,30.06,29.0,29.99,13039071,USD
2019-09-25,29.98,30.25,29.11,29.58,11151385,USD
2019-09-26,29.71,30.01,27.47,27.82,28127838,USD
2019-09-29,28.47,28.64,27.95,28.21,13148977,USD
2019-09-30,28.22,28.57,27.97,28.19,10640461,USD
2019-10-01,28.0,28.22,27.53,28.06,9525754,USD
2019-10-02,28.11,28.97,27.82,28.8,8772344,USD
2019-10-03,28.88,29.19,28.65,28.99,7430948,USD
2019-10-06,28.84,29.4,28.6,28.85,9085193,USD
2019-10-07,28.19,28.61,27.72,27.73,11739396,USD
2019-10-08,28.28,28.6,27.96,28.38,8449093,USD
2019-10-09,28.32,28.95,28.2,28.58,8209170,USD
2019-10-10,29.45,30.32,29.45,29.71,17451608,USD
2019-10-13,29.5,29.91,29.5,29.83,6061510,USD
2019-10-14,29.99,31.07,29.96,31.0,10364215,USD
2019-10-15,30.83,31.45,30.83,31.24,9817280,USD
2019-10-16,31.29,31.44,30.61,30.74,6552544,USD
2019-10-17,30.77,30.84,29.74,29.93,9017000,USD
2019-10-20,30.31,31.08,30.26,31.03,9036983,USD
2019-10-21,31.0,31.24,30.12,30.27,8929143,USD
2019-10-22,30.31,30.9,30.25,30.76,5742237,USD
2019-10-23,31.0,31.17,30.59,30.72,9570713,USD
2019-10-24,30.58,31.25,30.25,31.16,16642390,USD
2019-10-27,31.45,31.95,31.12,31.73,12037564,USD
2019-10-28,31.41,31.8,31.13,31.78,8676115,USD
2019-10-29,31.6,31.89,31.4,31.69,6421913,USD
2019-10-30,31.8,31.8,30.9,31.15,7731937,USD
2019-10-31,31.64,31.83,31.17,31.49,10471963,USD
2019-11-03,32.04,33.29,32.02,33.12,18576692,USD
2019-11-04,33.26,33.79,32.74,32.98,12870292,USD
2019-11-05,33.14,33.15,32.61,32.87,6789658,USD
2019-11-06,33.64,33.76,33.06,33.28,9687540,USD
2019-11-07,33.23,33.45,32.96,33.23,6369356,USD
2019-11-10,32.77,33.55,32.42,33.21,10772254,USD
2019-11-11,33.48,34.09,33.25,33.57,13923521,USD
2019-11-12,33.4,33.6,33.0,33.37,9111073,USD
2019-11-13,33.36,33.59,32.87,33.57,15344714,USD
2019-11-14,35.05,35.43,32.93,33.55,39411616,USD
2019-11-17,33.95,34.26,32.73,32.8,18133098,USD
2019-11-18,33.09,33.44,32.16,32.44,12460495,USD
2019-11-19,31.99,32.32,31.43,31.68,14073462,USD
2019-11-20,31.64,32.17,31.51,32.17,7905770,USD
2019-11-21,32.23,32.3,31.78,31.95,6055074,USD
2019-11-24,32.71,32.76,32.26,32.64,9645429,USD
2019-11-25,32.58,32.95,32.3,32.86,11910410,USD
2019-11-26,32.93,33.18,32.61,33.15,7146023,USD
2019-11-28,32.72,32.96,32.5,32.65,5963968,USD
2019-12-01,32.69,32.69,31.72,32.29,11144367,USD
2019-12-02,31.54,32.1,30.84,32.03,12044528,USD
2019-12-03,32.17,32.48,31.53,31.56,12522742,USD
2019-12-04,31.8,32.65,31.71,32.54,11698247,USD
2019-12-05,32.97,33.18,32.78,32.93,8519800,USD
2019-12-08,33.0,33.66,32.95,33.25,9406898,USD
2019-12-09,33.27,33.72,33.16,33.26,7735581,USD
2019-12-10,33.31,33.35,32.73,33.24,8136661,USD
2019-12-11,33.19,34.2,33.08,33.82,12614185,USD
2019-12-12,34.0,34.74,33.93,34.0,12290013,USD
2019-12-15,34.46,34.92,34.41,34.64,11775277,USD
2019-12-16,34.76,34.84,34.51,34.69,6385778,USD
2019-12-17,34.7,34.75,34.33,34.44,7205668,USD
2019-12-18,34.45,34.88,34.38,34.78,8117097,USD
2019-12-19,34.94,35.52,34.87,35.31,14969561,USD
2019-12-22,36.02,36.8,35.96,36.26,14705104,USD
2019-12-23,36.56,36.56,36.06,36.28,3206253,USD
2019-12-25,36.17,36.37,36.0,36.24,4387974,USD
2019-12-26,36.36,36.42,35.83,35.93,5159205,USD
2019-12-29,36.0,36.0,35.34,35.4,6831653,USD
2019-12-30,35.3,35.51,35.2,35.23,4816197,USD
2020-01-01,35.96,37.76,35.9,37.73,22704892,USD
2020-01-02,36.78,38.54,36.68,37.99,16932480,USD
