Date,Open,High,Low,Close,Adj Close,Volume,Sector,IPOyear
2016-01-04,28.559999465942383,28.579999923706055,27.920000076293945,27.989999771118164,25.152719497680664,874200,Finance,2014.0
2016-01-05,27.989999771118164,28.149999618530273,27.639999389648438,27.65999984741211,24.856172561645508,544800,Finance,2014.0
2016-01-06,27.219999313354492,27.969999313354492,27.209999084472656,27.809999465942383,24.99095916748047,715500,Finance,2014.0
2016-01-07,27.34000015258789,27.6200008392334,26.7549991607666,26.809999465942383,24.092330932617188,316600,Finance,2014.0
2016-01-08,27.0,27.079999923706055,26.690000534057617,26.770000457763672,24.05638885498047,485400,Finance,2014.0
2016-01-11,26.799999237060547,27.040000915527344,26.260000228881836,26.440000534057617,23.759841918945312,297400,Finance,2014.0
2016-01-12,26.729999542236328,26.729999542236328,25.809999465942383,26.309999465942383,23.64301300048828,584300,Finance,2014.0
2016-01-13,26.309999465942383,26.469999313354492,24.809999465942383,25.6200008392334,23.022964477539062,583800,Finance,2014.0
2016-01-14,25.75,26.020000457763672,25.239999771118164,25.360000610351562,22.789318084716797,447200,Finance,2014.0
2016-01-15,24.729999542236328,25.030000686645508,24.459999084472656,24.940000534057617,22.411890029907227,452000,Finance,2014.0
2016-01-19,25.239999771118164,25.280000686645508,24.190000534057617,24.450000762939453,21.971559524536133,276100,Finance,2014.0
2016-01-20,24.06999969482422,24.110000610351562,23.190000534057617,23.700000762939453,21.297590255737305,1210100,Finance,2014.0
2016-01-21,23.729999542236328,23.969999313354492,23.049999237060547,23.110000610351562,20.767393112182617,806700,Finance,2014.0
2016-01-22,23.420000076293945,23.979999542236328,23.190000534057617,23.959999084472656,21.531227111816406,588200,Finance,2014.0
2016-01-25,23.889999389648438,23.93000030517578,22.90999984741211,22.950000762939453,20.623611450195312,460200,Finance,2014.0
2016-01-26,23.1200008392334,24.040000915527344,23.040000915527344,23.709999084472656,21.30657386779785,774600,Finance,2014.0
2016-01-27,24.649999618530273,24.920000076293945,23.520000457763672,24.649999618530273,22.151287078857422,1134400,Finance,2014.0
2016-01-28,25.010000228881836,25.579999923706055,24.889999389648438,25.049999237060547,22.510738372802734,823900,Finance,2014.0
2016-01-29,25.15999984741211,26.1299991607666,24.850000381469727,26.1200008392334,23.472278594970703,810900,Finance,2014.0
2016-02-01,25.969999313354492,26.200000762939453,25.40999984741211,26.049999237060547,23.40937042236328,546800,Finance,2014.0
2016-02-02,25.68000030517578,25.799999237060547,24.940000534057617,25.049999237060547,22.510738372802734,562700,Finance,2014.0
2016-02-03,25.350000381469727,25.450000762939453,24.270000457763672,25.110000610351562,22.56465721130371,464400,Finance,2014.0
2016-02-04,25.1200008392334,25.829999923706055,24.90999984741211,25.329999923706055,22.76235580444336,421900,Finance,2014.0
2016-02-05,25.5,25.739999771118164,24.18000030517578,24.459999084472656,21.980541229248047,788200,Finance,2014.0
2016-02-08,24.40999984741211,24.40999984741211,22.719999313354492,23.219999313354492,20.866243362426758,938900,Finance,2014.0
2016-02-09,22.850000381469727,24.040000915527344,22.700000762939453,23.6299991607666,21.363487243652344,749800,Finance,2014.0
2016-02-10,23.84000015258789,24.309999465942383,23.540000915527344,23.81999969482422,21.535261154174805,562800,Finance,2014.0
2016-02-11,23.110000610351562,23.6200008392334,22.889999389648438,23.100000381469727,20.884321212768555,667900,Finance,2014.0
2016-02-12,23.40999984741211,24.31999969482422,23.25,23.959999084472656,21.661834716796875,446700,Finance,2014.0
2016-02-16,24.34000015258789,24.780000686645508,23.760000228881836,24.719999313354492,22.348939895629883,467500,Finance,2014.0
2016-02-17,24.850000381469727,25.0,23.770000457763672,23.829999923706055,21.544309616088867,771400,Finance,2014.0
2016-02-18,23.860000610351562,23.8799991607666,22.68000030517578,23.440000534057617,21.191715240478516,781800,Finance,2014.0
2016-02-19,23.3700008392334,23.969999313354492,23.225000381469727,23.889999389648438,21.598554611206055,392400,Finance,2014.0
2016-02-22,24.1200008392334,24.4950008392334,23.924999237060547,24.200000762939453,21.878814697265625,377400,Finance,2014.0
2016-02-23,24.149999618530273,24.31999969482422,23.899999618530273,24.270000457763672,21.94210433959961,732300,Finance,2014.0
2016-02-24,24.0,24.34000015258789,23.764999389648438,24.229999542236328,21.905935287475586,542900,Finance,2014.0
2016-02-25,24.299999237060547,24.68000030517578,24.15999984741211,24.5,22.150041580200195,353600,Finance,2014.0
2016-02-26,24.809999465942383,25.270000457763672,24.59000015258789,25.100000381469727,22.69249153137207,422300,Finance,2014.0
2016-02-29,25.030000686645508,25.290000915527344,24.5,24.610000610351562,22.24949073791504,417000,Finance,2014.0
2016-03-01,24.75,25.530000686645508,24.68000030517578,25.3799991607666,22.945632934570312,331600,Finance,2014.0
2016-03-02,25.40999984741211,25.700000762939453,25.03499984741211,25.68000030517578,23.216859817504883,268900,Finance,2014.0
2016-03-03,25.68000030517578,25.93000030517578,25.479999542236328,25.920000076293945,23.433841705322266,275200,Finance,2014.0
2016-03-04,26.149999618530273,26.440000534057617,25.670000076293945,26.280000686645508,23.759309768676758,415000,Finance,2014.0
2016-03-07,26.1200008392334,26.364999771118164,26.040000915527344,26.309999465942383,23.78643226623535,376200,Finance,2014.0
2016-03-08,26.100000381469727,26.184999465942383,25.8700008392334,25.969999313354492,23.479040145874023,416600,Finance,2014.0
2016-03-09,26.049999237060547,26.389999389648438,25.950000762939453,26.100000381469727,23.596572875976562,601200,Finance,2014.0
2016-03-10,26.31999969482422,27.06999969482422,26.110000610351562,27.06999969482422,24.473535537719727,1203800,Finance,2014.0
2016-03-11,27.299999237060547,28.0,27.06999969482422,27.860000610351562,25.187763214111328,670300,Finance,2014.0
2016-03-14,27.780000686645508,27.8799991607666,27.170000076293945,27.360000610351562,24.7357234954834,540300,Finance,2014.0
2016-03-15,27.09000015258789,27.434999465942383,26.8799991607666,27.25,24.636268615722656,409300,Finance,2014.0
2016-03-16,27.079999923706055,27.770000457763672,27.079999923706055,27.260000228881836,24.645313262939453,498400,Finance,2014.0
2016-03-17,27.219999313354492,27.700000762939453,26.969999313354492,27.530000686645508,24.889415740966797,591200,Finance,2014.0
2016-03-18,27.700000762939453,28.0,27.260000228881836,27.579999923706055,24.93461799621582,853900,Finance,2014.0
2016-03-21,27.469999313354492,27.81999969482422,27.200000762939453,27.709999084472656,25.052146911621094,508600,Finance,2014.0
2016-03-22,27.520000457763672,27.889999389648438,27.209999084472656,27.690000534057617,25.034067153930664,316000,Finance,2014.0
2016-03-23,27.639999389648438,27.850000381469727,27.239999771118164,27.3700008392334,24.74476432800293,323100,Finance,2014.0
2016-03-24,27.059999465942383,27.43000030517578,26.729999542236328,27.40999984741211,24.78092384338379,313100,Finance,2014.0
2016-03-28,27.489999771118164,27.719999313354492,27.31999969482422,27.450000762939453,24.81708526611328,189700,Finance,2014.0
2016-03-29,27.299999237060547,27.5049991607666,26.93000030517578,27.420000076293945,24.78996467590332,331400,Finance,2014.0
2016-03-30,27.600000381469727,27.850000381469727,27.389999389648438,27.700000762939453,25.043107986450195,446000,Finance,2014.0
2016-03-31,27.600000381469727,27.649999618530273,27.25,27.270000457763672,24.65435028076172,295600,Finance,2014.0
2016-04-01,27.25,27.8799991607666,27.1200008392334,27.790000915527344,25.12447738647461,416200,Finance,2014.0
2016-04-04,27.75,27.860000610351562,27.299999237060547,27.610000610351562,24.961740493774414,343200,Finance,2014.0
2016-04-05,27.34000015258789,27.450000762939453,27.049999237060547,27.350000381469727,24.726680755615234,365800,Finance,2014.0
2016-04-06,27.299999237060547,27.399999618530273,27.149999618530273,27.3700008392334,24.74476432800293,335500,Finance,2014.0
2016-04-07,27.229999542236328,27.239999771118164,26.43000030517578,26.770000457763672,24.202314376831055,392500,Finance,2014.0
2016-04-08,27.059999465942383,27.5,26.790000915527344,26.860000610351562,24.28367805480957,259400,Finance,2014.0
2016-04-11,27.049999237060547,27.5,26.829999923706055,26.969999313354492,24.38312530517578,332200,Finance,2014.0
2016-04-12,28.100000381469727,28.475000381469727,27.885000228881836,28.280000686645508,25.567476272583008,2635400,Finance,2014.0
2016-04-13,28.520000457763672,29.040000915527344,28.325000762939453,28.8799991607666,26.10993003845215,6831300,Finance,2014.0
2016-04-14,28.780000686645508,29.149999618530273,28.690000534057617,28.93000030517578,26.155128479003906,897600,Finance,2014.0
2016-04-15,28.940000534057617,28.979999542236328,28.729999542236328,28.959999084472656,26.182254791259766,458100,Finance,2014.0
2016-04-18,28.829999923706055,29.360000610351562,28.670000076293945,29.209999084472656,26.40827178955078,411000,Finance,2014.0
2016-04-19,29.139999389648438,29.540000915527344,29.06999969482422,29.389999389648438,26.571006774902344,377900,Finance,2014.0
2016-04-20,29.329999923706055,29.770000457763672,29.270000457763672,29.739999771118164,26.88743782043457,532400,Finance,2014.0
2016-04-21,29.770000457763672,29.81999969482422,29.334999084472656,29.420000076293945,26.59813117980957,553600,Finance,2014.0
2016-04-22,29.31999969482422,29.860000610351562,29.31999969482422,29.860000610351562,26.995929718017578,420200,Finance,2014.0
2016-04-25,29.729999542236328,29.954999923706055,29.424999237060547,29.729999542236328,26.878400802612305,474100,Finance,2014.0
2016-04-26,29.760000228881836,30.239999771118164,29.760000228881836,30.209999084472656,27.312355041503906,869000,Finance,2014.0
2016-04-27,30.18000030517578,30.270000457763672,29.40999984741211,29.75,26.8964786529541,540600,Finance,2014.0
2016-04-28,29.469999313354492,32.099998474121094,29.469999313354492,31.110000610351562,28.12603187561035,1187400,Finance,2014.0
2016-04-29,31.31999969482422,31.559999465942383,31.0,31.520000457763672,28.496707916259766,884300,Finance,2014.0
2016-05-02,31.6299991607666,31.690000534057617,31.139999389648438,31.450000762939453,28.433422088623047,512100,Finance,2014.0
2016-05-03,31.049999237060547,31.209999084472656,30.6200008392334,31.139999389648438,28.153148651123047,419400,Finance,2014.0
2016-05-04,30.920000076293945,31.114999771118164,30.39299964904785,30.65999984741211,27.719196319580078,360500,Finance,2014.0
2016-05-05,30.84000015258789,30.989999771118164,30.31999969482422,30.559999465942383,27.628782272338867,463300,Finance,2014.0
2016-05-06,30.350000381469727,30.780000686645508,30.25,30.780000686645508,27.95575523376465,398700,Finance,2014.0
2016-05-09,30.8700008392334,30.989999771118164,30.450000762939453,30.899999618530273,28.064743041992188,518100,Finance,2014.0
2016-05-10,31.0,31.440000534057617,30.979999542236328,31.229999542236328,28.364463806152344,575100,Finance,2014.0
2016-05-11,31.229999542236328,31.610000610351562,30.899999618530273,31.350000381469727,28.473451614379883,463800,Finance,2014.0
2016-05-12,31.399999618530273,31.399999618530273,30.649999618530273,31.110000610351562,28.255477905273438,522100,Finance,2014.0
2016-05-13,31.18000030517578,31.600000381469727,30.600000381469727,31.170000076293945,28.309968948364258,1946100,Finance,2014.0
2016-05-16,31.049999237060547,31.969999313354492,31.030000686645508,31.850000381469727,28.92757225036621,691600,Finance,2014.0
2016-05-17,31.5,31.93000030517578,31.100000381469727,31.549999237060547,28.655101776123047,1138900,Finance,2014.0
2016-05-18,31.59000015258789,32.4900016784668,31.540000915527344,32.439998626708984,29.463438034057617,625700,Finance,2014.0
2016-05-19,32.38999938964844,32.75,32.09000015258789,32.439998626708984,29.463438034057617,677200,Finance,2014.0
2016-05-20,32.59000015258789,33.025001525878906,32.5,33.0099983215332,29.981136322021484,428300,Finance,2014.0
2016-05-23,33.0,33.1510009765625,32.46500015258789,32.95000076293945,29.926645278930664,689500,Finance,2014.0
2016-05-24,33.189998626708984,33.88999938964844,33.15999984741211,33.63999938964844,30.553335189819336,488500,Finance,2014.0
2016-05-25,33.790000915527344,34.2400016784668,33.7400016784668,33.849998474121094,30.744060516357422,629200,Finance,2014.0
2016-05-26,33.959999084472656,34.099998474121094,33.63999938964844,33.7400016784668,30.64415168762207,415700,Finance,2014.0
2016-05-27,33.720001220703125,33.95000076293945,33.470001220703125,33.880001068115234,30.77131462097168,402800,Finance,2014.0
2016-05-31,34.04999923706055,34.099998474121094,33.65999984741211,34.02000045776367,30.89845848083496,489900,Finance,2014.0
2016-06-01,33.880001068115234,34.45000076293945,33.66999816894531,34.15999984741211,31.025619506835938,397700,Finance,2014.0
2016-06-02,34.029998779296875,34.189998626708984,33.720001220703125,34.119998931884766,30.989288330078125,412800,Finance,2014.0
2016-06-03,33.779998779296875,33.779998779296875,33.040000915527344,33.56999969482422,30.4897518157959,465000,Finance,2014.0
2016-06-06,33.56999969482422,34.040000915527344,33.400001525878906,33.790000915527344,30.689571380615234,376400,Finance,2014.0
2016-06-07,34.11000061035156,34.130001068115234,33.720001220703125,33.900001525878906,30.789478302001953,499100,Finance,2014.0
2016-06-08,33.88999938964844,34.0099983215332,33.619998931884766,33.70000076293945,30.607830047607422,364500,Finance,2014.0
2016-06-09,33.45000076293945,33.689998626708984,33.040000915527344,33.279998779296875,30.226360321044922,463100,Finance,2014.0
2016-06-10,32.790000915527344,33.369998931884766,32.72999954223633,33.08000183105469,30.044727325439453,432000,Finance,2014.0
2016-06-13,33.0,33.369998931884766,32.72999954223633,33.040000915527344,30.008384704589844,465400,Finance,2014.0
2016-06-14,32.86000061035156,33.27000045776367,32.220001220703125,32.43000030517578,29.454360961914062,343000,Finance,2014.0
2016-06-15,32.33000183105469,32.720001220703125,32.11000061035156,32.13999938964844,29.190969467163086,300600,Finance,2014.0
2016-06-16,31.829999923706055,31.969999313354492,30.99799919128418,31.209999084472656,28.346298217773438,670700,Finance,2014.0
2016-06-17,31.1200008392334,31.760000228881836,31.030000686645508,31.270000457763672,28.400794982910156,640800,Finance,2014.0
2016-06-20,31.75,32.40999984741211,31.71500015258789,31.940000534057617,29.00931739807129,313200,Finance,2014.0
2016-06-21,31.940000534057617,32.025001525878906,31.540000915527344,31.860000610351562,28.93665885925293,255200,Finance,2014.0
2016-06-22,31.84000015258789,32.27000045776367,31.739999771118164,31.950000762939453,29.018400192260742,349500,Finance,2014.0
2016-06-23,32.38999938964844,33.16999816894531,32.38999938964844,32.97999954223633,29.953895568847656,475400,Finance,2014.0
2016-06-24,31.18000030517578,31.729999542236328,30.860000610351562,30.899999618530273,28.064743041992188,2673900,Finance,2014.0
2016-06-27,30.459999084472656,30.459999084472656,29.309999465942383,29.8799991607666,27.138336181640625,593600,Finance,2014.0
2016-06-28,30.190000534057617,30.450000762939453,29.8799991607666,30.18000030517578,27.410810470581055,418200,Finance,2014.0
2016-06-29,30.530000686645508,31.020000457763672,30.399999618530273,31.010000228881836,28.16465187072754,377300,Finance,2014.0
2016-06-30,31.1299991607666,31.610000610351562,30.610000610351562,31.540000915527344,28.646020889282227,591500,Finance,2014.0
2016-07-01,31.420000076293945,31.59000015258789,30.729999542236328,31.040000915527344,28.191898345947266,340200,Finance,2014.0
2016-07-05,30.3700008392334,30.889999389648438,30.280000686645508,30.59000015258789,27.783184051513672,303800,Finance,2014.0
2016-07-06,30.149999618530273,31.280000686645508,30.149999618530273,30.950000762939453,28.110157012939453,265400,Finance,2014.0
2016-07-07,30.940000534057617,31.5,30.790000915527344,31.459999084472656,28.57335662841797,353200,Finance,2014.0
2016-07-08,31.829999923706055,32.31999969482422,31.700000762939453,32.08000183105469,29.136474609375,368700,Finance,2014.0
2016-07-11,32.31999969482422,32.91999816894531,32.119998931884766,32.869998931884766,29.853984832763672,431400,Finance,2014.0
2016-07-12,33.040000915527344,33.7400016784668,32.900001525878906,33.619998931884766,30.535165786743164,571600,Finance,2014.0
2016-07-13,33.650001525878906,33.869998931884766,33.38999938964844,33.869998931884766,30.762226104736328,480300,Finance,2014.0
2016-07-14,33.869998931884766,34.7400016784668,33.869998931884766,34.59000015258789,31.41616439819336,622200,Finance,2014.0
2016-07-15,34.83000183105469,35.0099983215332,34.54999923706055,34.61000061035156,31.4343318939209,551700,Finance,2014.0
2016-07-18,34.66999816894531,34.81999969482422,34.38800048828125,34.5,31.33442497253418,261700,Finance,2014.0
2016-07-19,34.310001373291016,34.7599983215332,34.2599983215332,34.630001068115234,31.45249366760254,282400,Finance,2014.0
2016-07-20,34.63999938964844,34.95000076293945,34.45000076293945,34.61000061035156,31.4343318939209,387200,Finance,2014.0
2016-07-21,34.599998474121094,34.599998474121094,33.61000061035156,33.81999969482422,30.716815948486328,441800,Finance,2014.0
2016-07-22,33.7400016784668,34.130001068115234,33.70000076293945,34.040000915527344,30.916627883911133,222200,Finance,2014.0
2016-07-25,34.099998474121094,34.099998474121094,33.709999084472656,33.7400016784668,30.64415168762207,267900,Finance,2014.0
2016-07-26,33.790000915527344,34.08000183105469,33.66999816894531,34.08000183105469,30.95295524597168,325400,Finance,2014.0
2016-07-27,34.15999984741211,34.29999923706055,33.93000030517578,34.099998474121094,30.971120834350586,270100,Finance,2014.0
2016-07-28,34.119998931884766,34.540000915527344,33.35499954223633,33.5099983215332,30.435253143310547,476100,Finance,2014.0
2016-07-29,33.849998474121094,33.88999938964844,32.900001525878906,33.16999816894531,30.126455307006836,698300,Finance,2014.0
2016-08-01,33.22999954223633,33.4900016784668,32.612998962402344,32.7400016784668,29.735912322998047,465900,Finance,2014.0
2016-08-02,32.650001525878906,32.709999084472656,31.739999771118164,32.040000915527344,29.100143432617188,448400,Finance,2014.0
2016-08-03,32.060001373291016,32.540000915527344,32.040000915527344,32.400001525878906,29.427112579345703,221700,Finance,2014.0
2016-08-04,32.29999923706055,32.650001525878906,32.290000915527344,32.47999954223633,29.499771118164062,201500,Finance,2014.0
2016-08-05,32.81999969482422,33.68000030517578,32.81999969482422,33.68000030517578,30.58966636657715,329400,Finance,2014.0
2016-08-08,33.63999938964844,33.73500061035156,33.290000915527344,33.439998626708984,30.37168312072754,319200,Finance,2014.0
2016-08-09,33.439998626708984,33.54999923706055,33.20000076293945,33.45000076293945,30.380765914916992,162600,Finance,2014.0
2016-08-10,32.61000061035156,33.34000015258789,32.56999969482422,32.599998474121094,29.733203887939453,261600,Finance,2014.0
2016-08-11,32.689998626708984,33.040000915527344,32.4900016784668,32.86000061035156,29.9703369140625,384900,Finance,2014.0
2016-08-12,32.61000061035156,32.97999954223633,32.36000061035156,32.86000061035156,29.9703369140625,426900,Finance,2014.0
2016-08-15,33.0099983215332,33.08000183105469,32.83000183105469,32.84000015258789,29.952102661132812,281400,Finance,2014.0
2016-08-16,32.66999816894531,32.900001525878906,32.33000183105469,32.349998474121094,29.50518798828125,478500,Finance,2014.0
2016-08-17,32.279998779296875,32.599998474121094,32.165000915527344,32.56999969482422,29.705841064453125,237500,Finance,2014.0
2016-08-18,32.630001068115234,32.7599983215332,32.439998626708984,32.540000915527344,29.67848014831543,197000,Finance,2014.0
2016-08-19,32.439998626708984,32.650001525878906,32.380001068115234,32.54999923706055,29.687599182128906,205200,Finance,2014.0
2016-08-22,32.5099983215332,32.560001373291016,32.310001373291016,32.43000030517578,29.57815170288086,160000,Finance,2014.0
2016-08-23,32.61000061035156,32.66999816894531,32.369998931884766,32.52000045776367,29.660236358642578,166200,Finance,2014.0
2016-08-24,32.58000183105469,32.779998779296875,32.310001373291016,32.540000915527344,29.67848014831543,205700,Finance,2014.0
2016-08-25,32.459999084472656,33.13999938964844,32.45000076293945,33.099998474121094,30.18922996520996,338300,Finance,2014.0
2016-08-26,33.2400016784668,33.720001220703125,32.9900016784668,33.38999938964844,30.453731536865234,367700,Finance,2014.0
2016-08-29,33.41999816894531,33.77000045776367,33.400001525878906,33.599998474121094,30.645267486572266,192300,Finance,2014.0
2016-08-30,33.689998626708984,34.220001220703125,33.65999984741211,34.150001525878906,31.146896362304688,272700,Finance,2014.0
2016-08-31,34.22999954223633,34.474998474121094,33.93000030517578,34.2400016784668,31.22899055480957,614000,Finance,2014.0
2016-09-01,34.36000061035156,34.47999954223633,33.4900016784668,33.77000045776367,30.800323486328125,215900,Finance,2014.0
2016-09-02,33.939998626708984,34.33000183105469,33.65599822998047,34.220001220703125,31.210742950439453,352000,Finance,2014.0
2016-09-06,34.2599983215332,34.2599983215332,33.119998931884766,33.16999816894531,30.25307846069336,270500,Finance,2014.0
2016-09-07,33.04999923706055,33.13999938964844,32.68000030517578,33.02000045776367,30.116268157958984,417700,Finance,2014.0
2016-09-08,33.08000183105469,33.08000183105469,31.649999618530273,32.2599983215332,29.4231014251709,542900,Finance,2014.0
2016-09-09,32.15999984741211,32.54999923706055,32.0,32.029998779296875,29.21332550048828,396900,Finance,2014.0
2016-09-12,31.889999389648438,32.54999923706055,31.860000610351562,32.529998779296875,29.669357299804688,579200,Finance,2014.0
2016-09-13,32.20000076293945,32.41999816894531,31.90999984741211,32.20000076293945,29.368379592895508,345300,Finance,2014.0
2016-09-14,32.150001525878906,32.529998779296875,31.969999313354492,32.09000015258789,29.268051147460938,394600,Finance,2014.0
2016-09-15,32.09000015258789,32.79999923706055,31.9950008392334,32.79999923706055,29.915618896484375,321400,Finance,2014.0
2016-09-16,32.52000045776367,32.7400016784668,31.75,31.780000686645508,28.98531723022461,1026000,Finance,2014.0
2016-09-19,31.959999084472656,32.47999954223633,31.850000381469727,32.040000915527344,29.222448348999023,248000,Finance,2014.0
2016-09-20,32.349998474121094,32.59000015258789,32.099998474121094,32.439998626708984,29.58727264404297,331800,Finance,2014.0
2016-09-21,32.779998779296875,32.95000076293945,32.5,32.65999984741211,29.787921905517578,302800,Finance,2014.0
2016-09-22,32.720001220703125,33.59000015258789,32.57500076293945,33.54999923706055,30.59966278076172,422500,Finance,2014.0
2016-09-23,33.47999954223633,33.75,33.13999938964844,33.16999816894531,30.25307846069336,470200,Finance,2014.0
2016-09-26,32.900001525878906,33.38999938964844,32.70000076293945,32.900001525878906,30.006824493408203,580200,Finance,2014.0
2016-09-27,32.72999954223633,33.36000061035156,32.54999923706055,33.150001525878906,30.234838485717773,335700,Finance,2014.0
2016-09-28,33.2400016784668,33.599998474121094,33.029998779296875,33.560001373291016,30.608779907226562,152200,Finance,2014.0
2016-09-29,33.59000015258789,33.59000015258789,32.7400016784668,32.93000030517578,30.0341854095459,467000,Finance,2014.0
2016-09-30,33.25,33.619998931884766,32.90999984741211,33.31999969482422,30.3898868560791,407400,Finance,2014.0
2016-10-03,33.11000061035156,33.27000045776367,32.810001373291016,32.9900016784668,30.088909149169922,210900,Finance,2014.0
2016-10-04,32.9900016784668,33.790000915527344,32.58000183105469,33.65999984741211,30.69998550415039,516200,Finance,2014.0
2016-10-05,33.83000183105469,34.290000915527344,33.58000183105469,34.22999954223633,31.219860076904297,462700,Finance,2014.0
2016-10-06,33.959999084472656,34.54999923706055,33.959999084472656,34.27000045776367,31.256345748901367,395900,Finance,2014.0
2016-10-07,34.13999938964844,34.209999084472656,33.54499816894531,33.97999954223633,30.99184226989746,379600,Finance,2014.0
2016-10-10,34.220001220703125,34.29999923706055,34.11000061035156,34.290000915527344,31.274585723876953,209600,Finance,2014.0
2016-10-11,34.119998931884766,34.290000915527344,33.42900085449219,33.630001068115234,30.672624588012695,253600,Finance,2014.0
2016-10-12,33.689998626708984,33.959999084472656,33.5,33.560001373291016,30.608779907226562,345600,Finance,2014.0
2016-10-13,33.310001373291016,33.310001373291016,32.5099983215332,32.630001068115234,29.760562896728516,302400,Finance,2014.0
2016-10-14,33.0099983215332,33.2599983215332,32.790000915527344,32.83000183105469,29.942981719970703,199600,Finance,2014.0
2016-10-17,32.84000015258789,32.92499923706055,32.5,32.619998931884766,29.75144386291504,190700,Finance,2014.0
2016-10-18,33.02000045776367,33.029998779296875,32.61000061035156,32.900001525878906,30.006824493408203,189200,Finance,2014.0
2016-10-19,32.93000030517578,33.45000076293945,32.834999084472656,33.25,30.326045989990234,272000,Finance,2014.0
2016-10-20,33.13999938964844,33.36000061035156,32.970001220703125,33.09000015258789,30.180110931396484,117000,Finance,2014.0
2016-10-21,32.75,33.130001068115234,32.75,33.08000183105469,30.170995712280273,187700,Finance,2014.0
2016-10-24,33.31999969482422,33.79999923706055,33.25,33.529998779296875,30.5814151763916,171900,Finance,2014.0
2016-10-25,33.619998931884766,33.939998626708984,33.189998626708984,33.380001068115234,30.444610595703125,152100,Finance,2014.0
2016-10-26,33.209999084472656,33.47999954223633,32.869998931884766,33.060001373291016,30.15275001525879,218200,Finance,2014.0
2016-10-27,34.560001373291016,34.560001373291016,32.84000015258789,32.849998474121094,29.96121597290039,378900,Finance,2014.0
2016-10-28,32.68000030517578,32.81999969482422,32.18000030517578,32.22999954223633,29.395740509033203,203000,Finance,2014.0
2016-10-31,32.290000915527344,32.369998931884766,31.940000534057617,32.2400016784668,29.404857635498047,317900,Finance,2014.0
2016-11-01,32.380001068115234,32.540000915527344,31.65999984741211,32.06999969482422,29.24981117248535,247200,Finance,2014.0
2016-11-02,31.920000076293945,32.16999816894531,31.507999420166016,31.760000228881836,28.967069625854492,246300,Finance,2014.0
2016-11-03,31.950000762939453,32.75,31.700000762939453,31.860000610351562,29.058277130126953,401000,Finance,2014.0
2016-11-04,31.90999984741211,32.20000076293945,31.65999984741211,31.8700008392334,29.067399978637695,264300,Finance,2014.0
2016-11-07,32.52000045776367,32.939998626708984,32.47999954223633,32.900001525878906,30.006824493408203,237600,Finance,2014.0
2016-11-08,32.61000061035156,32.845001220703125,32.25,32.560001373291016,29.850963592529297,210700,Finance,2014.0
2016-11-09,32.959999084472656,34.779998779296875,32.959999084472656,34.65999984741211,31.7762393951416,575900,Finance,2014.0
2016-11-10,35.09000015258789,36.47999954223633,34.959999084472656,36.0099983215332,33.013912200927734,595100,Finance,2014.0
2016-11-11,35.970001220703125,37.400001525878906,35.58000183105469,37.310001373291016,34.20576095581055,504000,Finance,2014.0
2016-11-14,37.900001525878906,39.70000076293945,37.619998931884766,38.58000183105469,35.37009811401367,591200,Finance,2014.0
2016-11-15,37.9900016784668,38.88999938964844,37.2599983215332,38.68000030517578,35.46177673339844,631800,Finance,2014.0
2016-11-16,38.40999984741211,39.09000015258789,38.047000885009766,38.849998474121094,35.61762619018555,527000,Finance,2014.0
2016-11-17,38.849998474121094,39.77000045776367,38.849998474121094,39.150001525878906,35.892669677734375,654800,Finance,2014.0
2016-11-18,39.2400016784668,39.43000030517578,39.0099983215332,39.29999923706055,36.030181884765625,522600,Finance,2014.0
2016-11-21,39.459999084472656,39.69499969482422,38.61000061035156,39.0,35.75515365600586,439700,Finance,2014.0
2016-11-22,39.279998779296875,39.505001068115234,38.75,39.209999084472656,35.94767761230469,389100,Finance,2014.0
2016-11-23,39.369998931884766,39.619998931884766,38.849998474121094,39.439998626708984,36.158538818359375,349000,Finance,2014.0
2016-11-25,39.380001068115234,39.5,39.0099983215332,39.189998626708984,35.92934036254883,171500,Finance,2014.0
2016-11-28,38.93000030517578,39.209999084472656,38.31999969482422,38.40999984741211,35.214237213134766,287000,Finance,2014.0
2016-11-29,38.459999084472656,38.95000076293945,38.459999084472656,38.79999923706055,35.57179260253906,366500,Finance,2014.0
2016-11-30,39.45000076293945,40.04999923706055,38.75,40.0,36.67194366455078,484600,Finance,2014.0
2016-12-01,40.130001068115234,40.689998626708984,39.65999984741211,40.27000045776367,36.91947937011719,575500,Finance,2014.0
2016-12-02,40.04999923706055,40.28499984741211,39.34000015258789,39.43000030517578,36.149375915527344,450300,Finance,2014.0
2016-12-05,39.91999816894531,40.52000045776367,39.7400016784668,40.41999816894531,37.057003021240234,416300,Finance,2014.0
2016-12-06,40.540000915527344,40.97999954223633,40.060001373291016,40.83000183105469,37.432891845703125,369100,Finance,2014.0
2016-12-07,40.790000915527344,41.18000030517578,40.720001220703125,41.06999969482422,37.65292739868164,531000,Finance,2014.0
2016-12-08,41.439998626708984,42.40999984741211,41.279998779296875,42.02000045776367,38.52388381958008,334200,Finance,2014.0
2016-12-09,41.9900016784668,42.369998931884766,41.040000915527344,42.0,38.50554656982422,290400,Finance,2014.0
2016-12-12,41.439998626708984,41.88999938964844,40.75,41.02000045776367,37.607086181640625,580300,Finance,2014.0
2016-12-13,41.33000183105469,41.64500045776367,40.720001220703125,41.380001068115234,37.9371337890625,290200,Finance,2014.0
2016-12-14,40.959999084472656,41.869998931884766,40.900001525878906,41.27000045776367,37.83628845214844,297600,Finance,2014.0
2016-12-15,41.630001068115234,42.43000030517578,41.459999084472656,42.20000076293945,38.68890380859375,451000,Finance,2014.0
2016-12-16,42.599998474121094,43.09000015258789,42.15999984741211,42.290000915527344,38.771419525146484,970000,Finance,2014.0
2016-12-19,42.189998626708984,42.93000030517578,41.529998779296875,42.88999938964844,39.321495056152344,364500,Finance,2014.0
2016-12-20,43.369998931884766,43.959999084472656,43.16999816894531,43.95000076293945,40.29330825805664,299100,Finance,2014.0
2016-12-21,43.959999084472656,44.0,43.369998931884766,43.40999984741211,39.7982292175293,517300,Finance,2014.0
2016-12-22,43.36000061035156,43.709999084472656,42.720001220703125,43.16999816894531,39.57819747924805,216000,Finance,2014.0
2016-12-23,43.27000045776367,43.38999938964844,43.0099983215332,43.34000015258789,39.73406219482422,167000,Finance,2014.0
2016-12-27,43.459999084472656,44.11000061035156,43.33000183105469,43.970001220703125,40.31163787841797,147600,Finance,2014.0
2016-12-28,44.0099983215332,44.0099983215332,43.47999954223633,43.63999938964844,40.009098052978516,172000,Finance,2014.0
2016-12-29,43.63999938964844,43.91999816894531,43.189998626708984,43.5,39.8807373046875,261800,Finance,2014.0
2016-12-30,43.58000183105469,43.88999938964844,43.25,43.59000015258789,39.963260650634766,265900,Finance,2014.0
2017-01-03,44.0,44.5,43.40999984741211,43.77000045776367,40.12828063964844,220300,Finance,2014.0
2017-01-04,44.0,44.61000061035156,43.86000061035156,44.25,40.56834411621094,374200,Finance,2014.0
2017-01-05,44.189998626708984,44.279998779296875,42.959999084472656,43.43000030517578,39.816566467285156,202600,Finance,2014.0
2017-01-06,43.689998626708984,43.77000045776367,43.18000030517578,43.459999084472656,39.844078063964844,220200,Finance,2014.0
2017-01-09,43.099998474121094,43.220001220703125,42.68000030517578,42.939998626708984,39.36733627319336,392800,Finance,2014.0
2017-01-10,42.9900016784668,43.45000076293945,42.47999954223633,43.43000030517578,39.816566467285156,434000,Finance,2014.0
2017-01-11,43.43000030517578,43.79999923706055,42.959999084472656,43.709999084472656,40.073272705078125,249200,Finance,2014.0
2017-01-12,43.349998474121094,43.400001525878906,42.25,42.77000045776367,39.211490631103516,172500,Finance,2014.0
2017-01-13,43.220001220703125,44.459999084472656,42.9900016784668,43.290000915527344,39.6882209777832,229500,Finance,2014.0
2017-01-17,42.779998779296875,42.779998779296875,41.529998779296875,41.68000030517578,38.21217346191406,315800,Finance,2014.0
2017-01-18,41.79999923706055,41.970001220703125,41.22999954223633,41.939998626708984,38.450538635253906,321900,Finance,2014.0
2017-01-19,42.15999984741211,42.36000061035156,41.369998931884766,41.59000015258789,38.12965774536133,148200,Finance,2014.0
2017-01-20,41.65999984741211,42.4900016784668,41.4900016784668,42.45000076293945,38.91810989379883,236700,Finance,2014.0
2017-01-23,42.099998474121094,42.560001373291016,42.060001373291016,42.150001525878906,38.64306640625,297700,Finance,2014.0
2017-01-24,42.220001220703125,42.97999954223633,42.0099983215332,42.84000015258789,39.27565383911133,297900,Finance,2014.0
2017-01-25,43.4900016784668,44.11000061035156,43.04999923706055,44.099998474121094,40.430824279785156,205000,Finance,2014.0
2017-01-26,42.9900016784668,44.986000061035156,42.904998779296875,44.650001525878906,40.93505859375,435900,Finance,2014.0
2017-01-27,44.66999816894531,44.66999816894531,43.70000076293945,43.959999084472656,40.30246353149414,272100,Finance,2014.0
2017-01-30,43.599998474121094,43.599998474121094,42.459999084472656,43.34000015258789,39.73406219482422,328400,Finance,2014.0
2017-01-31,43.060001373291016,43.4900016784668,42.56999969482422,42.75,39.19314193725586,312600,Finance,2014.0
2017-02-01,43.33000183105469,43.91999816894531,42.619998931884766,42.7400016784668,39.183982849121094,227800,Finance,2014.0
2017-02-02,42.33000183105469,42.52000045776367,41.70000076293945,42.130001068115234,38.624725341796875,263300,Finance,2014.0
2017-02-03,42.97999954223633,43.790000915527344,42.68000030517578,43.72999954223633,40.09160614013672,308000,Finance,2014.0
2017-02-06,43.43000030517578,43.709999084472656,42.959999084472656,43.11000061035156,39.523197174072266,195800,Finance,2014.0
2017-02-07,43.43000030517578,43.43000030517578,42.5,42.84000015258789,39.27565383911133,258000,Finance,2014.0
2017-02-08,42.459999084472656,42.459999084472656,41.72999954223633,42.04999923706055,38.70497131347656,191200,Finance,2014.0
2017-02-09,42.20000076293945,42.91999816894531,42.13999938964844,42.52000045776367,39.13758850097656,174900,Finance,2014.0
2017-02-10,42.90999984741211,43.119998931884766,42.29999923706055,42.529998779296875,39.14678955078125,181400,Finance,2014.0
2017-02-13,42.83000183105469,43.349998474121094,42.32500076293945,42.61000061035156,39.22043228149414,217700,Finance,2014.0
2017-02-14,42.5,43.2400016784668,42.27000045776367,43.0,39.57939910888672,361200,Finance,2014.0
2017-02-15,43.130001068115234,43.47999954223633,43.02000045776367,43.06999969482422,39.64384078979492,417600,Finance,2014.0
2017-02-16,43.0,43.06999969482422,42.15999984741211,42.34000015258789,38.97190475463867,418700,Finance,2014.0
2017-02-17,42.119998931884766,42.275001525878906,41.650001525878906,42.099998474121094,38.75100326538086,354400,Finance,2014.0
2017-02-21,42.439998626708984,42.54999923706055,41.9900016784668,42.38999938964844,39.01792907714844,316900,Finance,2014.0
2017-02-22,42.06999969482422,42.59000015258789,41.93000030517578,42.4900016784668,39.109981536865234,148800,Finance,2014.0
2017-02-23,42.400001525878906,42.81999969482422,41.720001220703125,42.810001373291016,39.404518127441406,265300,Finance,2014.0
2017-02-24,42.08000183105469,42.720001220703125,42.040000915527344,42.70000076293945,39.30326843261719,190300,Finance,2014.0
2017-02-27,42.650001525878906,43.47999954223633,42.4900016784668,43.36000061035156,39.9107666015625,291000,Finance,2014.0
2017-02-28,43.0,43.150001525878906,42.529998779296875,42.7400016784668,39.340091705322266,282500,Finance,2014.0
2017-03-01,44.47999954223633,44.720001220703125,43.790000915527344,44.369998931884766,40.840423583984375,260000,Finance,2014.0
2017-03-02,44.4900016784668,44.4900016784668,43.91999816894531,44.119998931884766,40.610313415527344,464800,Finance,2014.0
2017-03-03,44.27000045776367,45.349998474121094,43.974998474121094,44.720001220703125,41.16258239746094,680200,Finance,2014.0
2017-03-06,44.38999938964844,44.9900016784668,44.16999816894531,44.869998931884766,41.30065155029297,407100,Finance,2014.0
2017-03-07,44.7599983215332,45.61000061035156,44.2599983215332,45.13999938964844,41.54916763305664,467000,Finance,2014.0
2017-03-08,45.5,45.5,44.75,45.08000183105469,41.49393844604492,657300,Finance,2014.0
2017-03-09,45.2400016784668,45.400001525878906,44.59000015258789,44.650001525878906,41.098148345947266,338700,Finance,2014.0
2017-03-10,44.90999984741211,44.90999984741211,43.58000183105469,44.20000076293945,40.6839485168457,390100,Finance,2014.0
2017-03-13,44.13999938964844,44.4900016784668,43.97999954223633,44.290000915527344,40.76679229736328,374700,Finance,2014.0
2017-03-14,43.939998626708984,44.459999084472656,43.46500015258789,44.33000183105469,40.80360412597656,201400,Finance,2014.0
2017-03-15,44.47999954223633,45.209999084472656,44.380001068115234,44.63999938964844,41.08894348144531,274600,Finance,2014.0
2017-03-16,44.93000030517578,45.130001068115234,44.310001373291016,44.90999984741211,41.33747100830078,283200,Finance,2014.0
2017-03-17,44.9900016784668,45.599998474121094,44.154998779296875,45.38999938964844,41.7792854309082,790400,Finance,2014.0
2017-03-20,45.099998474121094,45.099998474121094,43.91999816894531,43.97999954223633,40.481441497802734,309000,Finance,2014.0
2017-03-21,44.31999969482422,44.31999969482422,40.459999084472656,40.47999954223633,37.25986862182617,542400,Finance,2014.0
2017-03-22,40.04999923706055,40.41899871826172,39.099998474121094,39.90999984741211,36.73520278930664,617100,Finance,2014.0
2017-03-23,39.849998474121094,41.0099983215332,39.790000915527344,41.0099983215332,37.74769973754883,345200,Finance,2014.0
2017-03-24,41.15999984741211,41.33000183105469,40.400001525878906,40.849998474121094,37.600433349609375,221600,Finance,2014.0
2017-03-27,40.0,40.79999923706055,39.349998474121094,40.790000915527344,37.54521179199219,239400,Finance,2014.0
2017-03-28,40.58000183105469,41.86000061035156,40.439998626708984,41.81999969482422,38.49326705932617,375400,Finance,2014.0
2017-03-29,41.689998626708984,42.099998474121094,41.4900016784668,41.72999954223633,38.410430908203125,338100,Finance,2014.0
2017-03-30,41.720001220703125,42.84000015258789,41.689998626708984,42.52000045776367,39.13758850097656,593200,Finance,2014.0
2017-03-31,42.45000076293945,43.099998474121094,42.040000915527344,42.40999984741211,39.036338806152344,395000,Finance,2014.0
2017-04-03,42.529998779296875,42.70000076293945,41.06999969482422,41.75,38.42884063720703,380000,Finance,2014.0
2017-04-04,41.529998779296875,42.189998626708984,41.529998779296875,41.75,38.42884063720703,341100,Finance,2014.0
2017-04-05,42.27000045776367,42.41999816894531,41.189998626708984,41.27000045776367,37.987030029296875,351900,Finance,2014.0
2017-04-06,41.209999084472656,41.7400016784668,40.81999969482422,41.720001220703125,38.401222229003906,255900,Finance,2014.0
2017-04-07,41.18000030517578,41.709999084472656,40.97999954223633,41.63999938964844,38.32759094238281,323200,Finance,2014.0
2017-04-10,41.70000076293945,41.9900016784668,40.90999984741211,41.16999816894531,37.89497756958008,172300,Finance,2014.0
2017-04-11,41.119998931884766,42.13999938964844,41.119998931884766,42.0099983215332,38.66815948486328,458200,Finance,2014.0
2017-04-12,42.06999969482422,42.13999938964844,41.13999938964844,41.619998931884766,38.309181213378906,251900,Finance,2014.0
2017-04-13,41.279998779296875,41.36000061035156,40.4900016784668,40.52000045776367,37.29669189453125,288900,Finance,2014.0
2017-04-17,40.70000076293945,41.2400016784668,40.06999969482422,41.099998474121094,37.83054733276367,346300,Finance,2014.0
2017-04-18,40.68000030517578,41.349998474121094,40.279998779296875,41.130001068115234,37.8581657409668,212500,Finance,2014.0
2017-04-19,41.5099983215332,42.0099983215332,41.2599983215332,41.290000915527344,38.00543212890625,203000,Finance,2014.0
2017-04-20,41.5,42.31999969482422,41.400001525878906,42.16999816894531,38.8154296875,319000,Finance,2014.0
2017-04-21,41.939998626708984,42.75,41.470001220703125,42.560001373291016,39.174407958984375,212700,Finance,2014.0
2017-04-24,43.970001220703125,44.81999969482422,43.34000015258789,43.529998779296875,40.0672492980957,263700,Finance,2014.0
2017-04-25,43.88999938964844,44.435001373291016,43.23500061035156,44.16999816894531,40.656333923339844,192500,Finance,2014.0
2017-04-26,44.16999816894531,45.619998931884766,43.96500015258789,44.84000015258789,41.273033142089844,355600,Finance,2014.0
2017-04-27,42.61000061035156,44.23500061035156,42.29999923706055,43.11000061035156,39.680660247802734,436800,Finance,2014.0
2017-04-28,42.130001068115234,43.16999816894531,41.16999816894531,41.20000076293945,37.92259979248047,520600,Finance,2014.0
2017-05-01,41.529998779296875,42.22999954223633,40.91999816894531,42.060001373291016,38.71417999267578,366000,Finance,2014.0
2017-05-02,42.060001373291016,42.34000015258789,41.41999816894531,41.93000030517578,38.59452438354492,287700,Finance,2014.0
2017-05-03,41.650001525878906,42.58000183105469,41.650001525878906,42.529998779296875,39.14678955078125,178100,Finance,2014.0
2017-05-04,42.970001220703125,43.54999923706055,42.130001068115234,42.220001220703125,38.86145782470703,290200,Finance,2014.0
2017-05-05,42.43000030517578,42.54999923706055,41.040000915527344,41.15999984741211,37.88577651977539,594100,Finance,2014.0
2017-05-08,41.27000045776367,41.349998474121094,40.689998626708984,40.779998779296875,37.53600311279297,628000,Finance,2014.0
2017-05-09,40.900001525878906,41.209999084472656,40.630001068115234,40.7400016784668,37.49917984008789,1486200,Finance,2014.0
2017-05-10,40.5,40.90999984741211,40.380001068115234,40.72999954223633,37.67493438720703,487700,Finance,2014.0
2017-05-11,40.540000915527344,41.11000061035156,40.22999954223633,40.689998626708984,37.6379280090332,387300,Finance,2014.0
2017-05-12,40.31999969482422,40.65999984741211,40.08000183105469,40.2400016784668,37.2216911315918,257400,Finance,2014.0
2017-05-15,40.349998474121094,40.709999084472656,40.16999816894531,40.290000915527344,37.26793670654297,342200,Finance,2014.0
2017-05-16,40.470001220703125,40.56999969482422,39.88999938964844,40.099998474121094,37.092185974121094,348100,Finance,2014.0
2017-05-17,40.099998474121094,40.099998474121094,37.83000183105469,38.27000045776367,35.399452209472656,525500,Finance,2014.0
2017-05-18,37.95000076293945,38.61000061035156,37.90999984741211,38.150001525878906,35.288455963134766,598800,Finance,2014.0
2017-05-19,38.15999984741211,38.619998931884766,37.709999084472656,37.720001220703125,34.89070510864258,661100,Finance,2014.0
2017-05-22,37.810001373291016,38.560001373291016,37.689998626708984,38.45000076293945,35.565956115722656,431000,Finance,2014.0
2017-05-23,38.650001525878906,39.400001525878906,38.36000061035156,39.13999938964844,36.20420455932617,270300,Finance,2014.0
2017-05-24,39.29999923706055,39.505001068115234,38.599998474121094,39.060001373291016,36.13019943237305,319800,Finance,2014.0
2017-05-25,39.15999984741211,39.40999984741211,38.68000030517578,38.83000183105469,35.917449951171875,281900,Finance,2014.0
2017-05-26,38.68000030517578,38.81999969482422,38.36000061035156,38.439998626708984,35.55670166015625,186400,Finance,2014.0
2017-05-30,38.29999923706055,38.45199966430664,37.5099983215332,38.08000183105469,35.22370147705078,290500,Finance,2014.0
2017-05-31,38.15999984741211,38.20000076293945,37.47999954223633,37.86000061035156,35.020206451416016,384700,Finance,2014.0
2017-06-01,38.13999938964844,38.16999816894531,37.61000061035156,37.91999816894531,35.07570266723633,598600,Finance,2014.0
2017-06-02,37.5,38.189998626708984,37.41999816894531,37.5,34.68720626831055,489500,Finance,2014.0
2017-06-05,37.52000045776367,37.95000076293945,37.0,37.0099983215332,34.23395919799805,387300,Finance,2014.0
2017-06-06,36.630001068115234,37.18000030517578,36.415000915527344,36.880001068115234,34.11370849609375,421600,Finance,2014.0
2017-06-07,37.029998779296875,37.470001220703125,36.959999084472656,37.470001220703125,34.659454345703125,307400,Finance,2014.0
2017-06-08,37.4900016784668,39.77000045776367,37.380001068115234,39.20000076293945,36.25969696044922,458600,Finance,2014.0
2017-06-09,39.5,40.959999084472656,39.36000061035156,40.70000076293945,37.64719009399414,513200,Finance,2014.0
2017-06-12,40.7599983215332,41.58000183105469,40.7599983215332,41.0,37.9246826171875,642300,Finance,2014.0
2017-06-13,41.150001525878906,41.369998931884766,40.75,41.02000045776367,37.943180084228516,377400,Finance,2014.0
2017-06-14,40.59000015258789,40.720001220703125,40.040000915527344,40.5,37.462188720703125,376900,Finance,2014.0
2017-06-15,40.099998474121094,40.75,39.970001220703125,40.43000030517578,37.397438049316406,170100,Finance,2014.0
2017-06-16,39.93000030517578,40.2400016784668,39.45000076293945,39.779998779296875,36.79619216918945,625200,Finance,2014.0
2017-06-19,40.09000015258789,40.529998779296875,39.47999954223633,39.619998931884766,36.64818572998047,193400,Finance,2014.0
2017-06-20,39.34000015258789,39.5099983215332,38.915000915527344,38.91999816894531,36.000694274902344,145300,Finance,2014.0
2017-06-21,38.9900016784668,39.029998779296875,38.209999084472656,38.209999084472656,35.34395217895508,195200,Finance,2014.0
2017-06-22,38.130001068115234,38.900001525878906,37.84000015258789,38.83000183105469,35.917449951171875,403700,Finance,2014.0
2017-06-23,39.06999969482422,39.25,38.790000915527344,39.09000015258789,36.15794372558594,572400,Finance,2014.0
2017-06-26,39.099998474121094,39.50400161743164,38.650001525878906,39.0099983215332,36.08393859863281,331100,Finance,2014.0
2017-06-27,39.279998779296875,39.91999816894531,38.939998626708984,39.470001220703125,36.509437561035156,334900,Finance,2014.0
2017-06-28,39.689998626708984,40.310001373291016,39.529998779296875,40.08000183105469,37.07368469238281,284200,Finance,2014.0
2017-06-29,41.279998779296875,41.66999816894531,40.22999954223633,40.779998779296875,37.72118377685547,226300,Finance,2014.0
2017-06-30,40.90999984741211,41.2400016784668,40.474998474121094,40.810001373291016,37.74893569946289,324200,Finance,2014.0
2017-07-03,41.040000915527344,41.869998931884766,40.72999954223633,41.45000076293945,38.34092330932617,240900,Finance,2014.0
2017-07-05,41.560001373291016,41.689998626708984,40.810001373291016,41.25,38.15592956542969,134000,Finance,2014.0
2017-07-06,41.15999984741211,41.4900016784668,40.66999816894531,40.84000015258789,37.77668380737305,297700,Finance,2014.0
2017-07-07,41.060001373291016,41.060001373291016,40.130001068115234,40.47999954223633,37.44367980957031,282100,Finance,2014.0
2017-07-10,40.31999969482422,40.90999984741211,40.25,40.630001068115234,37.582427978515625,279300,Finance,2014.0
2017-07-11,40.4900016784668,40.630001068115234,39.904998779296875,40.599998474121094,37.5546760559082,250900,Finance,2014.0
2017-07-12,40.459999084472656,40.86000061035156,40.220001220703125,40.529998779296875,37.48993682861328,138400,Finance,2014.0
2017-07-13,40.66999816894531,40.720001220703125,40.150001525878906,40.380001068115234,37.35118865966797,228200,Finance,2014.0
2017-07-14,39.869998931884766,40.290000915527344,39.47999954223633,40.029998779296875,37.027442932128906,177200,Finance,2014.0
2017-07-17,39.95000076293945,40.22999954223633,39.470001220703125,39.90999984741211,36.91643524169922,220100,Finance,2014.0
2017-07-18,39.63999938964844,39.970001220703125,39.43000030517578,39.91999816894531,36.92569351196289,172700,Finance,2014.0
2017-07-19,39.97999954223633,40.56999969482422,39.97999954223633,40.400001525878906,37.36968231201172,207700,Finance,2014.0
2017-07-20,40.36000061035156,40.61000061035156,40.060001373291016,40.279998779296875,37.25868225097656,179300,Finance,2014.0
2017-07-21,40.7599983215332,40.7599983215332,39.779998779296875,39.849998474121094,36.860939025878906,146400,Finance,2014.0
2017-07-24,39.900001525878906,40.45000076293945,39.900001525878906,40.369998931884766,37.34193420410156,127800,Finance,2014.0
2017-07-25,41.16999816894531,41.25,40.619998931884766,40.72999954223633,37.67493438720703,468200,Finance,2014.0
2017-07-26,40.7400016784668,40.869998931884766,39.75,40.040000915527344,37.036685943603516,304000,Finance,2014.0
2017-07-27,39.97999954223633,39.97999954223633,38.43000030517578,38.709999084472656,35.806453704833984,482300,Finance,2014.0
2017-07-28,38.470001220703125,38.619998931884766,37.97999954223633,38.0099983215332,35.15895080566406,263000,Finance,2014.0
2017-07-31,38.22999954223633,39.2599983215332,38.04999923706055,39.0099983215332,36.08393859863281,258800,Finance,2014.0
2017-08-01,39.2400016784668,39.400001525878906,38.88999938964844,39.279998779296875,36.33369445800781,139000,Finance,2014.0
2017-08-02,39.13999938964844,39.459999084472656,38.91999816894531,39.290000915527344,36.34294509887695,209000,Finance,2014.0
2017-08-03,39.209999084472656,39.22999954223633,37.2400016784668,38.66999816894531,35.769447326660156,180400,Finance,2014.0
2017-08-04,39.099998474121094,39.78499984741211,38.875,39.63999938964844,36.66668701171875,224900,Finance,2014.0
2017-08-07,39.650001525878906,39.810001373291016,38.75,38.79999923706055,35.88969802856445,184000,Finance,2014.0
2017-08-08,38.7400016784668,39.720001220703125,38.54999923706055,38.91999816894531,36.000694274902344,183000,Finance,2014.0
2017-08-09,38.43000030517578,38.88999938964844,37.78499984741211,37.9900016784668,35.32196807861328,257100,Finance,2014.0
2017-08-10,37.630001068115234,37.75,36.529998779296875,36.540000915527344,33.97380065917969,210800,Finance,2014.0
2017-08-11,36.29999923706055,36.900001525878906,35.86000061035156,36.52000045776367,33.95520782470703,312700,Finance,2014.0
2017-08-14,36.869998931884766,37.63999938964844,36.709999084472656,37.63999938964844,34.99654769897461,283000,Finance,2014.0
2017-08-15,37.97999954223633,38.185001373291016,37.43000030517578,37.65999984741211,35.01514434814453,243200,Finance,2014.0
2017-08-16,37.72999954223633,37.900001525878906,37.09000015258789,37.31999969482422,34.69902038574219,277200,Finance,2014.0
2017-08-17,37.16999816894531,37.349998474121094,36.20500183105469,36.29999923706055,33.750648498535156,263100,Finance,2014.0
2017-08-18,35.970001220703125,36.59000015258789,35.86800003051758,36.189998626708984,33.64837646484375,164000,Finance,2014.0
2017-08-21,36.13999938964844,36.189998626708984,35.720001220703125,35.95000076293945,33.425235748291016,166900,Finance,2014.0
2017-08-22,36.189998626708984,36.459999084472656,36.06999969482422,36.36000061035156,33.80644226074219,122700,Finance,2014.0
2017-08-23,36.08000183105469,36.54999923706055,36.08000183105469,36.31999969482422,33.76925277709961,124400,Finance,2014.0
2017-08-24,36.52000045776367,36.59600067138672,36.220001220703125,36.400001525878906,33.8436279296875,146000,Finance,2014.0
2017-08-25,36.540000915527344,36.83000183105469,36.209999084472656,36.540000915527344,33.97380065917969,184400,Finance,2014.0
2017-08-28,36.720001220703125,36.90999984741211,36.209999084472656,36.31999969482422,33.76925277709961,154900,Finance,2014.0
2017-08-29,35.86000061035156,36.189998626708984,35.70000076293945,35.90999984741211,33.38804244995117,188600,Finance,2014.0
2017-08-30,36.02000045776367,36.099998474121094,35.65999984741211,35.77000045776367,33.25787353515625,182700,Finance,2014.0
2017-08-31,35.90999984741211,36.130001068115234,35.709999084472656,35.91999816894531,33.397335052490234,157400,Finance,2014.0
2017-09-01,35.970001220703125,36.14500045776367,35.88999938964844,36.0099983215332,33.481021881103516,125200,Finance,2014.0
2017-09-05,35.810001373291016,35.810001373291016,34.63999938964844,34.90999984741211,32.458274841308594,239600,Finance,2014.0
2017-09-06,35.13999938964844,35.40999984741211,34.86000061035156,35.060001373291016,32.597740173339844,335700,Finance,2014.0
2017-09-07,34.97999954223633,34.97999954223633,33.27000045776367,33.459999084472656,31.110109329223633,350600,Finance,2014.0
2017-09-08,33.400001525878906,35.060001373291016,33.400001525878906,34.720001220703125,32.281620025634766,314400,Finance,2014.0
2017-09-11,35.400001525878906,35.91999816894531,35.11000061035156,35.310001373291016,32.83018112182617,301400,Finance,2014.0
2017-09-12,35.47999954223633,36.310001373291016,35.47999954223633,35.9900016784668,33.46242141723633,249400,Finance,2014.0
2017-09-13,35.900001525878906,36.57500076293945,35.834999084472656,36.38999938964844,33.83433532714844,220800,Finance,2014.0
2017-09-14,36.369998931884766,36.79999923706055,35.93000030517578,36.04999923706055,33.518211364746094,185300,Finance,2014.0
2017-09-15,36.040000915527344,36.25,35.81999969482422,36.150001525878906,33.61118698120117,820700,Finance,2014.0
2017-09-18,36.220001220703125,37.22999954223633,36.220001220703125,37.119998931884766,34.51306915283203,232600,Finance,2014.0
2017-09-19,37.11000061035156,37.45000076293945,36.90999984741211,37.2599983215332,34.64323806762695,186400,Finance,2014.0
2017-09-20,37.34000015258789,38.119998931884766,36.58000183105469,37.83000183105469,35.17320251464844,257500,Finance,2014.0
2017-09-21,37.880001068115234,38.41999816894531,37.75,38.209999084472656,35.52651596069336,180500,Finance,2014.0
2017-09-22,38.099998474121094,38.779998779296875,37.97999954223633,38.56999969482422,35.86123275756836,241000,Finance,2014.0
2017-09-25,38.40999984741211,38.90999984741211,38.29499816894531,38.650001525878906,35.93561553955078,154300,Finance,2014.0
2017-09-26,38.81999969482422,39.5099983215332,38.60499954223633,39.060001373291016,36.31682205200195,284300,Finance,2014.0
2017-09-27,39.70000076293945,40.58000183105469,39.439998626708984,40.459999084472656,37.61849594116211,317400,Finance,2014.0
2017-09-28,40.459999084472656,40.970001220703125,40.099998474121094,40.869998931884766,37.999698638916016,300600,Finance,2014.0
2017-09-29,40.790000915527344,41.66999816894531,40.7599983215332,41.279998779296875,38.38091278076172,380800,Finance,2014.0
2017-10-02,41.20000076293945,41.529998779296875,40.875,41.40999984741211,38.501773834228516,425200,Finance,2014.0
2017-10-03,41.38999938964844,41.56999969482422,40.029998779296875,40.4900016784668,37.646392822265625,429400,Finance,2014.0
2017-10-04,39.75,40.0,38.81999969482422,39.61000061035156,36.82819747924805,310500,Finance,2014.0
2017-10-05,39.86000061035156,40.36000061035156,39.56999969482422,40.0,37.19080352783203,311000,Finance,2014.0
2017-10-06,40.2599983215332,40.529998779296875,39.939998626708984,40.22999954223633,37.4046516418457,317800,Finance,2014.0
2017-10-09,40.22999954223633,40.36000061035156,39.95000076293945,39.97999954223633,37.172203063964844,159000,Finance,2014.0
2017-10-10,40.20000076293945,40.95000076293945,40.099998474121094,40.83000183105469,37.96250915527344,241000,Finance,2014.0
2017-10-11,40.779998779296875,40.84000015258789,40.380001068115234,40.459999084472656,37.61849594116211,201200,Finance,2014.0
2017-10-12,40.400001525878906,40.75,40.084999084472656,40.34000015258789,37.506919860839844,255300,Finance,2014.0
2017-10-13,40.189998626708984,40.810001373291016,39.82500076293945,40.43000030517578,37.590606689453125,220300,Finance,2014.0
2017-10-16,40.38999938964844,41.13999938964844,40.38999938964844,40.939998626708984,38.064781188964844,136700,Finance,2014.0
2017-10-17,41.02000045776367,41.02000045776367,40.27000045776367,40.36000061035156,37.5255241394043,181300,Finance,2014.0
2017-10-18,40.599998474121094,41.06999969482422,40.599998474121094,40.9900016784668,38.11128234863281,226800,Finance,2014.0
2017-10-19,40.63999938964844,41.6150016784668,40.63999938964844,41.43000030517578,38.52037048339844,231800,Finance,2014.0
2017-10-20,42.06999969482422,42.099998474121094,41.529998779296875,41.59000015258789,38.66913986206055,183500,Finance,2014.0
2017-10-23,41.58000183105469,41.849998474121094,40.619998931884766,40.68000030517578,37.82304763793945,139800,Finance,2014.0
2017-10-24,41.09000015258789,41.619998931884766,41.06999969482422,41.41999816894531,38.51107406616211,154800,Finance,2014.0
2017-10-25,41.54999923706055,41.86000061035156,40.75,41.380001068115234,38.47388458251953,153300,Finance,2014.0
2017-10-26,42.040000915527344,42.31999969482422,40.560001373291016,42.150001525878906,39.189815521240234,190800,Finance,2014.0
2017-10-27,42.0,42.5,41.439998626708984,42.279998779296875,39.310672760009766,188200,Finance,2014.0
2017-10-30,41.79999923706055,42.02000045776367,40.720001220703125,40.900001525878906,38.02759552001953,189100,Finance,2014.0
2017-10-31,39.720001220703125,41.31999969482422,39.65999984741211,40.59000015258789,37.7393684387207,320300,Finance,2014.0
2017-11-01,40.93000030517578,41.41699981689453,40.27000045776367,40.84000015258789,37.9718132019043,177100,Finance,2014.0
2017-11-02,40.72999954223633,41.939998626708984,40.529998779296875,41.79999923706055,38.8643913269043,236900,Finance,2014.0
2017-11-03,41.52000045776367,41.52000045776367,40.58000183105469,40.790000915527344,37.925331115722656,201200,Finance,2014.0
2017-11-06,40.75,40.810001373291016,40.36000061035156,40.59000015258789,37.7393684387207,135100,Finance,2014.0
2017-11-07,40.59000015258789,40.59000015258789,39.25,39.290000915527344,36.53066635131836,156200,Finance,2014.0
2017-11-08,39.04999923706055,39.4900016784668,38.599998474121094,39.20000076293945,36.446990966796875,167300,Finance,2014.0
2017-11-09,38.54999923706055,38.91999816894531,37.66999816894531,38.369998931884766,35.85822677612305,178900,Finance,2014.0
2017-11-10,38.47999954223633,38.95000076293945,38.279998779296875,38.279998779296875,35.77411651611328,181700,Finance,2014.0
2017-11-13,37.93000030517578,39.09000015258789,37.650001525878906,38.959999084472656,36.40960693359375,179200,Finance,2014.0
2017-11-14,38.61000061035156,39.3849983215332,38.61000061035156,39.34000015258789,36.76472854614258,181700,Finance,2014.0
2017-11-15,38.70000076293945,39.779998779296875,38.70000076293945,39.310001373291016,36.736698150634766,151000,Finance,2014.0
2017-11-16,39.599998474121094,39.869998931884766,39.34000015258789,39.650001525878906,37.054443359375,126700,Finance,2014.0
2017-11-17,39.34000015258789,40.209999084472656,39.26499938964844,39.95000076293945,37.33480453491211,156300,Finance,2014.0
2017-11-20,40.040000915527344,40.20000076293945,39.70000076293945,40.16999816894531,37.5403938293457,175000,Finance,2014.0
2017-11-21,40.290000915527344,40.619998931884766,40.04499816894531,40.5099983215332,37.85813522338867,204800,Finance,2014.0
2017-11-22,40.560001373291016,40.709999084472656,40.275001525878906,40.4900016784668,37.839454650878906,144000,Finance,2014.0
2017-11-24,40.58000183105469,40.58000183105469,39.540000915527344,39.93000030517578,37.31610870361328,104700,Finance,2014.0
2017-11-27,39.900001525878906,40.18000030517578,39.72999954223633,39.7599983215332,37.15723419189453,172800,Finance,2014.0
2017-11-28,39.81999969482422,41.5099983215332,39.81999969482422,41.369998931884766,38.661842346191406,226000,Finance,2014.0
2017-11-29,41.560001373291016,43.36000061035156,41.41999816894531,42.540000915527344,39.755252838134766,318600,Finance,2014.0
2017-11-30,42.93000030517578,43.13999938964844,41.29999923706055,41.31999969482422,38.6151123046875,310100,Finance,2014.0
2017-12-01,41.43000030517578,41.58000183105469,39.650001525878906,41.06999969482422,38.3814811706543,297400,Finance,2014.0
2017-12-04,41.970001220703125,42.650001525878906,41.470001220703125,41.4900016784668,38.77397918701172,263300,Finance,2014.0
2017-12-05,41.560001373291016,41.75,40.77000045776367,40.81999969482422,38.14784240722656,318600,Finance,2014.0
2017-12-06,40.56999969482422,41.310001373291016,40.56999969482422,40.84000015258789,38.16653823852539,240700,Finance,2014.0
2017-12-07,40.79999923706055,41.119998931884766,40.540000915527344,40.650001525878906,37.98897171020508,226900,Finance,2014.0
2017-12-08,41.0,41.0,40.119998931884766,40.13999938964844,37.51235580444336,105600,Finance,2014.0
2017-12-11,40.18000030517578,40.2400016784668,39.66999816894531,39.7400016784668,37.138545989990234,198600,Finance,2014.0
2017-12-12,40.040000915527344,40.40999984741211,39.66999816894531,39.970001220703125,37.35348892211914,324800,Finance,2014.0
2017-12-13,40.33000183105469,40.75,39.709999084472656,39.81999969482422,37.21331024169922,360400,Finance,2014.0
2017-12-14,40.02000045776367,40.06999969482422,39.04499816894531,39.099998474121094,36.54043197631836,256900,Finance,2014.0
2017-12-15,39.27000045776367,40.7599983215332,39.18000030517578,40.40999984741211,37.76468276977539,1036100,Finance,2014.0
2017-12-18,40.849998474121094,41.47999954223633,40.66999816894531,41.0099983215332,38.32540512084961,199500,Finance,2014.0
2017-12-19,41.13999938964844,41.630001068115234,40.310001373291016,40.31999969482422,37.680580139160156,168800,Finance,2014.0
2017-12-20,40.86000061035156,41.084999084472656,40.16999816894531,40.72999954223633,38.06373977661133,202200,Finance,2014.0
2017-12-21,40.93000030517578,41.599998474121094,40.7599983215332,41.22999954223633,38.531009674072266,153100,Finance,2014.0
2017-12-22,41.20000076293945,41.20000076293945,40.369998931884766,40.58000183105469,37.92354965209961,176400,Finance,2014.0
2017-12-26,40.79999923706055,40.79999923706055,40.150001525878906,40.18000030517578,37.549739837646484,135500,Finance,2014.0
2017-12-27,40.15999984741211,40.27000045776367,39.81999969482422,39.849998474121094,37.2413444519043,268000,Finance,2014.0
2017-12-28,39.93000030517578,40.29999923706055,39.720001220703125,40.290000915527344,37.65254211425781,184300,Finance,2014.0
2017-12-29,40.33000183105469,40.33000183105469,39.68000030517578,39.79999923706055,37.194618225097656,208900,Finance,2014.0
2018-01-02,40.06999969482422,40.43000030517578,39.560001373291016,39.9900016784668,37.37218475341797,251300,Finance,2014.0
2018-01-03,40.0,40.130001068115234,39.36000061035156,39.790000915527344,37.18527603149414,179900,Finance,2014.0
2018-01-04,40.2400016784668,40.60499954223633,39.95000076293945,40.09000015258789,37.46563720703125,285800,Finance,2014.0
2018-01-05,40.33000183105469,40.7599983215332,40.150001525878906,40.7599983215332,38.09177017211914,230500,Finance,2014.0
2018-01-08,40.56999969482422,41.0,40.33000183105469,40.970001220703125,38.288028717041016,278500,Finance,2014.0
2018-01-09,41.040000915527344,41.560001373291016,40.7400016784668,41.29999923706055,38.59642028808594,430900,Finance,2014.0
2018-01-10,41.38999938964844,42.250999450683594,41.20000076293945,41.54999923706055,38.83006286621094,226600,Finance,2014.0
2018-01-11,41.72999954223633,42.939998626708984,41.72700119018555,42.869998931884766,40.06365203857422,276600,Finance,2014.0
2018-01-12,42.9900016784668,43.20000076293945,42.61000061035156,42.97999954223633,40.166446685791016,208600,Finance,2014.0
2018-01-16,43.349998474121094,43.459999084472656,42.24800109863281,42.470001220703125,39.6898307800293,198200,Finance,2014.0
2018-01-17,42.880001068115234,42.88999938964844,42.150001525878906,42.84000015258789,40.03561019897461,204500,Finance,2014.0
2018-01-18,42.77000045776367,43.2400016784668,42.650001525878906,42.88999938964844,40.08233642578125,232700,Finance,2014.0
2018-01-19,42.75,43.599998474121094,42.75,43.599998474121094,40.7458610534668,187900,Finance,2014.0
2018-01-22,43.61000061035156,43.84000015258789,43.11000061035156,43.7599983215332,40.895389556884766,181800,Finance,2014.0
2018-01-23,43.560001373291016,44.31999969482422,43.470001220703125,44.290000915527344,41.39069747924805,255800,Finance,2014.0
2018-01-24,44.52000045776367,44.54999923706055,43.90999984741211,44.08000183105469,41.19443893432617,293400,Finance,2014.0
2018-01-25,44.599998474121094,44.7599983215332,42.33000183105469,44.7599983215332,41.82992172241211,485300,Finance,2014.0
2018-01-26,45.0,45.0,42.849998474121094,43.31999969482422,40.48419189453125,270200,Finance,2014.0
2018-01-29,43.08000183105469,43.41999816894531,42.86000061035156,42.880001068115234,40.072998046875,189400,Finance,2014.0
2018-01-30,42.61000061035156,42.939998626708984,42.209999084472656,42.380001068115234,39.60572814941406,251800,Finance,2014.0
2018-01-31,42.459999084472656,42.779998779296875,42.11000061035156,42.150001525878906,39.390785217285156,156000,Finance,2014.0
2018-02-01,41.810001373291016,43.189998626708984,41.54999923706055,43.189998626708984,40.362701416015625,356100,Finance,2014.0
2018-02-02,43.099998474121094,43.56999969482422,42.54999923706055,42.689998626708984,39.89543151855469,269500,Finance,2014.0
2018-02-05,41.869998931884766,42.88999938964844,41.09000015258789,41.09000015258789,38.400169372558594,377000,Finance,2014.0
2018-02-06,40.0,42.06999969482422,39.689998626708984,41.790000915527344,39.054351806640625,337400,Finance,2014.0
2018-02-07,41.65999984741211,42.189998626708984,41.459999084472656,41.58000183105469,38.858097076416016,250300,Finance,2014.0
2018-02-08,41.560001373291016,41.560001373291016,39.7400016784668,39.75,37.32743835449219,193300,Finance,2014.0
2018-02-09,40.43000030517578,41.189998626708984,39.52000045776367,40.79999923706055,38.31344223022461,224400,Finance,2014.0
2018-02-12,40.970001220703125,41.220001220703125,40.36000061035156,40.720001220703125,38.23832321166992,204400,Finance,2014.0
2018-02-13,40.56999969482422,41.349998474121094,40.459999084472656,41.20000076293945,38.689064025878906,235100,Finance,2014.0
2018-02-14,40.90999984741211,42.02000045776367,40.90999984741211,41.9900016784668,39.43091583251953,136600,Finance,2014.0
2018-02-15,42.400001525878906,42.400001525878906,41.869998931884766,42.279998779296875,39.703243255615234,80300,Finance,2014.0
2018-02-16,41.9900016784668,43.0,41.95000076293945,42.689998626708984,40.088253021240234,123100,Finance,2014.0
2018-02-20,42.619998931884766,43.08000183105469,42.310001373291016,42.41999816894531,39.8347053527832,147200,Finance,2014.0
2018-02-21,42.4900016784668,43.400001525878906,42.209999084472656,42.810001373291016,40.2009391784668,137300,Finance,2014.0
2018-02-22,43.029998779296875,43.16999816894531,42.130001068115234,42.25,39.675071716308594,127400,Finance,2014.0
2018-02-23,42.43000030517578,42.869998931884766,42.25,42.869998931884766,40.25728225708008,128700,Finance,2014.0
2018-02-26,43.0,43.0,42.27000045776367,42.97999954223633,40.36058044433594,95200,Finance,2014.0
2018-02-27,42.959999084472656,43.720001220703125,41.93000030517578,41.93000030517578,39.374568939208984,156600,Finance,2014.0
2018-02-28,42.04999923706055,42.349998474121094,40.869998931884766,40.88999938964844,38.39795684814453,201200,Finance,2014.0
2018-03-01,40.939998626708984,41.70000076293945,40.58000183105469,41.41999816894531,38.895652770996094,149000,Finance,2014.0
2018-03-02,41.18000030517578,42.31999969482422,41.04999923706055,42.209999084472656,39.63750457763672,235100,Finance,2014.0
2018-03-05,41.84000015258789,43.0,41.36000061035156,42.7599983215332,40.153987884521484,162600,Finance,2014.0
2018-03-06,42.91999816894531,43.27000045776367,42.34000015258789,43.2599983215332,40.623512268066406,286800,Finance,2014.0
2018-03-07,42.7599983215332,43.70000076293945,42.7599983215332,43.43000030517578,40.78315734863281,180600,Finance,2014.0
2018-03-08,43.439998626708984,43.564998626708984,42.50699996948242,42.7400016784668,40.13520812988281,108400,Finance,2014.0
2018-03-09,42.93000030517578,43.65999984741211,42.790000915527344,43.5,40.84889602661133,147700,Finance,2014.0
2018-03-12,43.66999816894531,44.18000030517578,43.29999923706055,43.7599983215332,41.09304428100586,200500,Finance,2014.0
2018-03-13,44.0,44.0,43.15999984741211,43.400001525878906,40.75498962402344,201300,Finance,2014.0
2018-03-14,43.540000915527344,43.56999969482422,42.77000045776367,42.849998474121094,40.23850631713867,271800,Finance,2014.0
2018-03-15,43.02000045776367,43.61000061035156,42.779998779296875,43.400001525878906,40.75498962402344,163500,Finance,2014.0
2018-03-16,43.52000045776367,44.290000915527344,43.3650016784668,44.09000015258789,41.40293884277344,656400,Finance,2014.0
2018-03-19,44.02000045776367,44.02000045776367,42.939998626708984,43.810001373291016,41.13999557495117,151900,Finance,2014.0
2018-03-20,43.91999816894531,43.9900016784668,42.95000076293945,42.959999084472656,40.341796875,223400,Finance,2014.0
2018-03-21,43.060001373291016,43.2599983215332,42.470001220703125,42.630001068115234,40.03190994262695,348400,Finance,2014.0
2018-03-22,42.09000015258789,42.5,40.4900016784668,40.4900016784668,38.022335052490234,537600,Finance,2014.0
2018-03-23,40.56999969482422,40.56999969482422,39.11000061035156,39.189998626708984,36.80156707763672,628400,Finance,2014.0
2018-03-26,40.029998779296875,40.439998626708984,39.45000076293945,40.34000015258789,37.88147735595703,319700,Finance,2014.0
2018-03-27,40.52000045776367,40.54999923706055,38.86000061035156,39.16999816894531,36.782779693603516,408400,Finance,2014.0
2018-03-28,39.290000915527344,40.38999938964844,38.81999969482422,40.150001525878906,37.70305633544922,491800,Finance,2014.0
2018-03-29,40.5,40.755001068115234,39.88999938964844,40.27000045776367,37.81574249267578,472100,Finance,2014.0
2018-04-02,40.25,40.31999969482422,38.869998931884766,39.470001220703125,37.06449890136719,203000,Finance,2014.0
2018-04-03,39.650001525878906,39.91999816894531,39.099998474121094,39.75,37.32743835449219,352400,Finance,2014.0
2018-04-04,39.0099983215332,39.7599983215332,38.91999816894531,39.540000915527344,37.13022994995117,389100,Finance,2014.0
2018-04-05,39.77000045776367,39.97999954223633,39.334999084472656,39.880001068115234,37.44951248168945,351500,Finance,2014.0
2018-04-06,39.5,39.779998779296875,38.36000061035156,38.779998779296875,36.41655349731445,200400,Finance,2014.0
2018-04-09,38.849998474121094,39.38999938964844,38.2599983215332,38.349998474121094,36.012760162353516,170600,Finance,2014.0
2018-04-10,38.970001220703125,39.58000183105469,38.810001373291016,39.439998626708984,37.03632354736328,321000,Finance,2014.0
2018-04-11,39.369998931884766,39.540000915527344,39.029998779296875,39.41999816894531,37.017547607421875,201400,Finance,2014.0
2018-04-12,39.619998931884766,40.15999984741211,39.439998626708984,39.869998931884766,37.44011688232422,344400,Finance,2014.0
2018-04-13,40.20000076293945,40.20000076293945,39.369998931884766,39.529998779296875,37.1208381652832,221200,Finance,2014.0
2018-04-16,39.81999969482422,39.9900016784668,39.400001525878906,39.91999816894531,37.4870719909668,141100,Finance,2014.0
2018-04-17,40.08000183105469,40.08000183105469,39.29999923706055,39.61000061035156,37.19596862792969,221800,Finance,2014.0
2018-04-18,39.790000915527344,40.029998779296875,39.400001525878906,39.45000076293945,37.045719146728516,210000,Finance,2014.0
2018-04-19,39.54999923706055,39.92499923706055,39.52000045776367,39.79999923706055,37.374385833740234,238400,Finance,2014.0
2018-04-20,39.720001220703125,40.06999969482422,39.599998474121094,39.790000915527344,37.364994049072266,133900,Finance,2014.0
2018-04-23,39.900001525878906,40.4900016784668,39.900001525878906,40.310001373291016,37.853302001953125,133600,Finance,2014.0
2018-04-24,40.41999816894531,40.880001068115234,40.189998626708984,40.22999954223633,37.77818298339844,264200,Finance,2014.0
2018-04-25,40.20000076293945,40.529998779296875,39.75,40.43000030517578,37.96599197387695,394200,Finance,2014.0
2018-04-26,40.75,41.599998474121094,40.0,41.439998626708984,38.9144401550293,482100,Finance,2014.0
2018-04-27,41.43000030517578,41.689998626708984,40.880001068115234,41.13999938964844,38.63271713256836,189000,Finance,2014.0
2018-04-30,41.40999984741211,42.06999969482422,41.13999938964844,41.13999938964844,38.63271713256836,277100,Finance,2014.0
2018-05-01,41.09000015258789,41.68000030517578,40.189998626708984,41.63999938964844,39.10224914550781,210000,Finance,2014.0
2018-05-02,41.59000015258789,42.310001373291016,41.33000183105469,41.880001068115234,39.32762145996094,246200,Finance,2014.0
2018-05-03,41.65999984741211,41.900001525878906,41.150001525878906,41.68000030517578,39.13981246948242,275000,Finance,2014.0
2018-05-04,41.470001220703125,42.349998474121094,41.22999954223633,42.02000045776367,39.45908737182617,144500,Finance,2014.0
2018-05-07,42.20000076293945,42.47999954223633,41.880001068115234,42.25,39.675071716308594,137700,Finance,2014.0
2018-05-08,42.33000183105469,42.9900016784668,42.33000183105469,42.650001525878906,40.050697326660156,296500,Finance,2014.0
2018-05-09,42.70000076293945,43.43000030517578,42.529998779296875,42.9900016784668,40.369972229003906,310900,Finance,2014.0
2018-05-10,42.83000183105469,43.06999969482422,42.47999954223633,42.810001373291016,40.436092376708984,176200,Finance,2014.0
2018-05-11,42.95000076293945,43.150001525878906,42.709999084472656,42.75,40.37942123413086,170800,Finance,2014.0
2018-05-14,42.79999923706055,43.130001068115234,42.45000076293945,42.470001220703125,40.11494827270508,164500,Finance,2014.0
2018-05-15,42.52000045776367,43.040000915527344,42.439998626708984,42.689998626708984,40.3227424621582,210300,Finance,2014.0
2018-05-16,42.720001220703125,43.279998779296875,42.65999984741211,42.79999923706055,40.4266471862793,341400,Finance,2014.0
2018-05-17,42.810001373291016,43.56999969482422,42.810001373291016,43.2599983215332,40.86113739013672,230700,Finance,2014.0
2018-05-18,43.36000061035156,43.52000045776367,43.08000183105469,43.25,40.851688385009766,188500,Finance,2014.0
2018-05-21,43.16999816894531,43.95000076293945,43.16999816894531,43.880001068115234,41.44675827026367,126700,Finance,2014.0
2018-05-22,43.81999969482422,44.369998931884766,43.77000045776367,43.790000915527344,41.36174774169922,154200,Finance,2014.0
2018-05-23,43.79999923706055,43.93000030517578,43.59000015258789,43.86000061035156,41.4278678894043,204600,Finance,2014.0
2018-05-24,43.75,43.75,42.810001373291016,43.560001373291016,41.14450454711914,197100,Finance,2014.0
2018-05-25,43.25,43.529998779296875,43.06999969482422,43.349998474121094,40.94614791870117,129600,Finance,2014.0
2018-05-29,42.81999969482422,43.2400016784668,42.380001068115234,42.709999084472656,40.34164047241211,339500,Finance,2014.0
2018-05-30,43.25,43.93000030517578,43.130001068115234,43.720001220703125,41.29563903808594,204500,Finance,2014.0
2018-05-31,43.720001220703125,44.189998626708984,43.59000015258789,43.59000015258789,41.17284393310547,424800,Finance,2014.0
2018-06-01,44.2400016784668,44.65999984741211,44.08000183105469,44.29999923706055,41.843467712402344,199800,Finance,2014.0
2018-06-04,44.540000915527344,45.0,44.380001068115234,44.97999954223633,42.48575973510742,282100,Finance,2014.0
2018-06-05,44.790000915527344,45.130001068115234,44.470001220703125,44.9900016784668,42.495208740234375,252000,Finance,2014.0
2018-06-06,45.08000183105469,45.69499969482422,45.08000183105469,45.459999084472656,42.939144134521484,198400,Finance,2014.0
2018-06-07,45.779998779296875,46.02899932861328,45.25,45.45000076293945,42.9296989440918,185900,Finance,2014.0
2018-06-08,45.33000183105469,45.65999984741211,45.150001525878906,45.25,42.74078369140625,173800,Finance,2014.0
2018-06-11,45.27000045776367,45.349998474121094,44.369998931884766,44.4900016784668,42.02293395996094,214000,Finance,2014.0
2018-06-12,44.77000045776367,44.83300018310547,44.189998626708984,44.209999084472656,41.75845718383789,141600,Finance,2014.0
2018-06-13,44.209999084472656,44.630001068115234,43.849998474121094,44.15999984741211,41.71123504638672,163600,Finance,2014.0
2018-06-14,44.27000045776367,44.27000045776367,43.54999923706055,44.15999984741211,41.71123504638672,128300,Finance,2014.0
2018-06-15,43.9900016784668,44.290000915527344,43.27000045776367,44.220001220703125,41.76790237426758,418500,Finance,2014.0
2018-06-18,44.02000045776367,44.619998931884766,43.720001220703125,44.41999816894531,41.95681381225586,154600,Finance,2014.0
2018-06-19,44.040000915527344,44.779998779296875,43.970001220703125,44.5,42.03237533569336,417400,Finance,2014.0
2018-06-20,44.75,44.75,44.060001373291016,44.150001525878906,41.7017822265625,413200,Finance,2014.0
2018-06-21,44.150001525878906,44.369998931884766,43.52000045776367,43.97999954223633,41.54121398925781,250300,Finance,2014.0
2018-06-22,44.29999923706055,44.32500076293945,43.43000030517578,43.56999969482422,41.15394592285156,399400,Finance,2014.0
2018-06-25,43.439998626708984,43.55500030517578,42.77000045776367,43.310001373291016,40.908363342285156,215800,Finance,2014.0
2018-06-26,43.31999969482422,43.560001373291016,42.82899856567383,43.369998931884766,40.96503448486328,263000,Finance,2014.0
2018-06-27,43.34000015258789,43.52000045776367,42.599998474121094,42.619998931884766,40.256629943847656,228600,Finance,2014.0
2018-06-28,42.66999816894531,42.970001220703125,42.292999267578125,42.43000030517578,40.07716369628906,166300,Finance,2014.0
2018-06-29,42.77000045776367,42.970001220703125,41.91999816894531,41.9900016784668,39.66156005859375,191100,Finance,2014.0
2018-07-02,41.689998626708984,42.189998626708984,41.58000183105469,42.189998626708984,39.850467681884766,368800,Finance,2014.0
2018-07-03,42.2599983215332,42.540000915527344,41.93000030517578,42.18000030517578,39.84103012084961,70900,Finance,2014.0
2018-07-05,42.650001525878906,42.650001525878906,41.970001220703125,42.13999938964844,39.80324935913086,219600,Finance,2014.0
2018-07-06,41.959999084472656,42.400001525878906,41.77000045776367,42.099998474121094,39.765464782714844,219000,Finance,2014.0
2018-07-09,42.31999969482422,43.040000915527344,42.119998931884766,42.72999954223633,40.36052703857422,281300,Finance,2014.0
2018-07-10,42.61000061035156,42.810001373291016,41.970001220703125,42.29999923706055,39.954368591308594,291500,Finance,2014.0
2018-07-11,41.72999954223633,42.439998626708984,41.70000076293945,41.79999923706055,39.48209762573242,239100,Finance,2014.0
2018-07-12,41.97999954223633,41.97999954223633,40.79499816894531,41.02000045776367,38.7453498840332,197200,Finance,2014.0
2018-07-13,40.900001525878906,41.209999084472656,40.52000045776367,40.61000061035156,38.35808563232422,136800,Finance,2014.0
2018-07-16,40.7599983215332,41.15999984741211,40.7599983215332,41.060001373291016,38.78313446044922,143800,Finance,2014.0
2018-07-17,41.18000030517578,41.400001525878906,40.959999084472656,40.97999954223633,38.70756530761719,103800,Finance,2014.0
2018-07-18,41.099998474121094,41.439998626708984,40.95000076293945,41.400001525878906,39.10428237915039,112300,Finance,2014.0
2018-07-19,41.18000030517578,41.5,40.970001220703125,41.31999969482422,39.028717041015625,188000,Finance,2014.0
2018-07-20,41.34000015258789,41.959999084472656,41.08000183105469,41.63999938964844,39.33096694946289,132600,Finance,2014.0
2018-07-23,41.65999984741211,42.11000061035156,41.619998931884766,41.84000015258789,39.51987838745117,204100,Finance,2014.0
2018-07-24,41.93000030517578,42.0099983215332,41.5099983215332,41.939998626708984,39.61433792114258,335200,Finance,2014.0
2018-07-25,41.959999084472656,41.97999954223633,40.72999954223633,40.95000076293945,38.679237365722656,406600,Finance,2014.0
2018-07-26,41.77000045776367,43.459999084472656,41.7599983215332,43.099998474121094,40.71001052856445,812200,Finance,2014.0
2018-07-27,43.13999938964844,43.36000061035156,42.220001220703125,42.29999923706055,39.954368591308594,252900,Finance,2014.0
2018-07-30,42.40999984741211,42.75,41.97999954223633,42.029998779296875,39.6993408203125,205300,Finance,2014.0
2018-07-31,42.16999816894531,42.439998626708984,41.38999938964844,41.849998474121094,39.52932357788086,267100,Finance,2014.0
2018-08-01,42.11000061035156,42.68000030517578,42.11000061035156,42.68000030517578,40.31330108642578,174200,Finance,2014.0
2018-08-02,42.41999816894531,43.20000076293945,42.209999084472656,42.91999816894531,40.53998565673828,137300,Finance,2014.0
2018-08-03,42.88999938964844,43.279998779296875,42.5,42.560001373291016,40.199954986572266,169700,Finance,2014.0
2018-08-06,42.599998474121094,42.84000015258789,42.36000061035156,42.470001220703125,40.11494827270508,254400,Finance,2014.0
2018-08-07,42.5099983215332,42.779998779296875,42.06999969482422,42.150001525878906,39.81269073486328,127700,Finance,2014.0
2018-08-08,42.08000183105469,42.5099983215332,41.810001373291016,42.4900016784668,40.13383865356445,142100,Finance,2014.0
2018-08-09,42.060001373291016,42.5,41.869998931884766,42.13999938964844,40.03882598876953,128300,Finance,2014.0
2018-08-10,41.56999969482422,42.2599983215332,41.56999969482422,41.959999084472656,39.867794036865234,108700,Finance,2014.0
2018-08-13,41.900001525878906,42.29999923706055,41.5099983215332,41.75,39.668270111083984,129300,Finance,2014.0
2018-08-14,41.88999938964844,42.82500076293945,41.849998474121094,42.58000183105469,40.45689010620117,211300,Finance,2014.0
2018-08-15,42.369998931884766,42.70000076293945,42.13999938964844,42.22999954223633,40.124332427978516,165600,Finance,2014.0
2018-08-16,42.45000076293945,43.150001525878906,42.45000076293945,42.939998626708984,40.79893112182617,143800,Finance,2014.0
2018-08-17,42.91999816894531,43.59000015258789,42.36000061035156,43.59000015258789,41.416526794433594,317800,Finance,2014.0
2018-08-20,43.58000183105469,43.689998626708984,43.220001220703125,43.529998779296875,41.35951232910156,147800,Finance,2014.0
2018-08-21,43.75,44.400001525878906,43.720001220703125,44.220001220703125,42.01511001586914,247100,Finance,2014.0
2018-08-22,44.150001525878906,44.41999816894531,43.65999984741211,44.0099983215332,41.81557846069336,198700,Finance,2014.0
2018-08-23,43.86000061035156,43.880001068115234,43.38999938964844,43.83000183105469,41.64455795288086,132700,Finance,2014.0
2018-08-24,43.88999938964844,44.0,43.380001068115234,43.43000030517578,41.264503479003906,125200,Finance,2014.0
2018-08-27,43.599998474121094,43.880001068115234,43.11000061035156,43.150001525878906,40.998470306396484,131100,Finance,2014.0
2018-08-28,43.29999923706055,43.29999923706055,42.869998931884766,43.130001068115234,40.979461669921875,98500,Finance,2014.0
2018-08-29,43.20000076293945,43.43000030517578,42.70000076293945,43.31999969482422,41.15999221801758,113200,Finance,2014.0
2018-08-30,43.189998626708984,43.459999084472656,42.970001220703125,43.220001220703125,41.06497573852539,200500,Finance,2014.0
2018-08-31,43.099998474121094,43.599998474121094,43.040000915527344,43.540000915527344,41.3690185546875,268800,Finance,2014.0
2018-09-04,43.63999938964844,43.84000015258789,43.16999816894531,43.5,41.33100891113281,192200,Finance,2014.0
2018-09-05,43.41999816894531,44.0,43.41999816894531,43.790000915527344,41.6065559387207,166200,Finance,2014.0
2018-09-06,43.810001373291016,44.40999984741211,43.75,44.040000915527344,41.844085693359375,298400,Finance,2014.0
2018-09-07,44.13999938964844,44.150001525878906,43.7400016784668,44.13999938964844,41.9390983581543,221100,Finance,2014.0
2018-09-10,44.33000183105469,44.409000396728516,43.43000030517578,43.470001220703125,41.30250930786133,164300,Finance,2014.0
2018-09-11,43.470001220703125,43.779998779296875,43.29999923706055,43.31999969482422,41.15999221801758,107900,Finance,2014.0
2018-09-12,43.290000915527344,43.290000915527344,42.400001525878906,42.70000076293945,40.570899963378906,166600,Finance,2014.0
2018-09-13,42.939998626708984,43.130001068115234,42.43000030517578,42.439998626708984,40.3238639831543,212900,Finance,2014.0
2018-09-14,42.529998779296875,43.165000915527344,42.290000915527344,43.060001373291016,40.9129524230957,152500,Finance,2014.0
2018-09-17,43.04999923706055,43.04999923706055,42.5,42.90999984741211,40.77043151855469,175100,Finance,2014.0
2018-09-18,42.97999954223633,43.29999923706055,42.66999816894531,43.0,40.85594177246094,224300,Finance,2014.0
2018-09-19,43.02000045776367,43.72999954223633,43.02000045776367,43.209999084472656,41.05547332763672,241100,Finance,2014.0
2018-09-20,43.5099983215332,44.349998474121094,43.439998626708984,44.33000183105469,42.119632720947266,303600,Finance,2014.0
2018-09-21,44.31999969482422,44.599998474121094,43.5099983215332,43.68000030517578,41.50203323364258,568700,Finance,2014.0
2018-09-24,43.689998626708984,43.689998626708984,43.0,43.279998779296875,41.12198257446289,197800,Finance,2014.0
2018-09-25,43.529998779296875,43.529998779296875,43.11000061035156,43.16999816894531,41.01746368408203,233100,Finance,2014.0
2018-09-26,43.40999984741211,43.41999816894531,42.34000015258789,42.36000061035156,40.24785232543945,291500,Finance,2014.0
2018-09-27,42.470001220703125,42.650001525878906,41.970001220703125,41.9900016784668,39.89630126953125,249600,Finance,2014.0
2018-09-28,41.779998779296875,42.52000045776367,41.75,42.189998626708984,40.086326599121094,258300,Finance,2014.0
2018-10-01,42.4900016784668,42.5099983215332,41.220001220703125,41.41999816894531,39.35472106933594,159100,Finance,2014.0
2018-10-02,41.40999984741211,41.68000030517578,40.97999954223633,41.25,39.19319534301758,119000,Finance,2014.0
2018-10-03,41.560001373291016,42.470001220703125,41.099998474121094,42.2400016784668,40.13383865356445,188500,Finance,2014.0
2018-10-04,42.16999816894531,42.84000015258789,42.16999816894531,42.29999923706055,40.19084167480469,253300,Finance,2014.0
2018-10-05,42.380001068115234,42.45000076293945,41.9900016784668,42.0,39.90580368041992,434800,Finance,2014.0
2018-10-08,42.099998474121094,42.81999969482422,41.880001068115234,42.52000045776367,40.399871826171875,349200,Finance,2014.0
2018-10-09,42.27000045776367,42.77000045776367,42.16999816894531,42.25,40.143341064453125,290600,Finance,2014.0
2018-10-10,42.369998931884766,42.86000061035156,41.810001373291016,41.869998931884766,39.78228759765625,403200,Finance,2014.0
2018-10-11,41.70000076293945,42.130001068115234,40.400001525878906,40.45000076293945,38.43309020996094,306200,Finance,2014.0
2018-10-12,40.97999954223633,40.97999954223633,38.43000030517578,39.54999923706055,37.577964782714844,465900,Finance,2014.0
2018-10-15,39.45000076293945,40.22999954223633,39.18000030517578,39.75,37.76799392700195,233600,Finance,2014.0
2018-10-16,39.880001068115234,40.560001373291016,39.08000183105469,40.099998474121094,38.10054016113281,360900,Finance,2014.0
2018-10-17,40.02000045776367,41.08000183105469,39.369998931884766,40.349998474121094,38.338077545166016,413800,Finance,2014.0
2018-10-18,40.119998931884766,40.72999954223633,39.31999969482422,39.650001525878906,37.67298126220703,372200,Finance,2014.0
2018-10-19,39.29999923706055,39.939998626708984,38.849998474121094,39.119998931884766,37.16939926147461,303100,Finance,2014.0
2018-10-22,39.119998931884766,39.24300003051758,37.59000015258789,37.689998626708984,35.810707092285156,415200,Finance,2014.0
2018-10-23,37.040000915527344,37.75,36.75,37.41999816894531,35.554168701171875,606600,Finance,2014.0
2018-10-24,37.31999969482422,37.44499969482422,34.84000015258789,35.02000045776367,33.27383804321289,736400,Finance,2014.0
2018-10-25,33.40999984741211,34.36000061035156,31.540000915527344,34.0,32.30469512939453,1848600,Finance,2014.0
2018-10-26,33.5,34.93000030517578,32.97999954223633,34.0,32.30469512939453,692800,Finance,2014.0
2018-10-29,34.560001373291016,35.81999969482422,34.3650016784668,35.40999984741211,33.6443977355957,566700,Finance,2014.0
2018-10-30,35.560001373291016,36.470001220703125,35.25,36.439998626708984,34.62303161621094,611900,Finance,2014.0
2018-10-31,36.65999984741211,37.27000045776367,36.34000015258789,36.650001525878906,34.822566986083984,587700,Finance,2014.0
2018-11-01,36.849998474121094,37.40800094604492,36.63999938964844,36.939998626708984,35.098106384277344,560000,Finance,2014.0
2018-11-02,37.0,37.349998474121094,36.53099822998047,36.849998474121094,35.01259231567383,440600,Finance,2014.0
2018-11-05,36.869998931884766,37.310001373291016,36.66999816894531,36.90999984741211,35.06959533691406,529900,Finance,2014.0
2018-11-06,36.83000183105469,37.150001525878906,36.470001220703125,36.560001373291016,34.73705291748047,769800,Finance,2014.0
2018-11-07,36.54999923706055,36.849998474121094,35.56999969482422,36.400001525878906,34.58503341674805,669800,Finance,2014.0
2018-11-08,36.02000045776367,36.90999984741211,35.9900016784668,36.790000915527344,35.19732666015625,260800,Finance,2014.0
2018-11-09,36.709999084472656,36.849998474121094,36.119998931884766,36.2599983215332,34.69026565551758,322600,Finance,2014.0
2018-11-12,36.25,36.63800048828125,35.900001525878906,35.91999816894531,34.36498260498047,191800,Finance,2014.0
2018-11-13,36.04999923706055,36.97999954223633,35.96799850463867,36.529998779296875,34.948577880859375,394600,Finance,2014.0
2018-11-14,36.810001373291016,36.89500045776367,35.5099983215332,35.59000015258789,34.04927062988281,637800,Finance,2014.0
2018-11-15,35.290000915527344,36.40999984741211,35.28200149536133,36.16999816894531,34.60416030883789,650600,Finance,2014.0
2018-11-16,35.810001373291016,36.66999816894531,35.810001373291016,36.5,34.91987609863281,970900,Finance,2014.0
2018-11-19,36.439998626708984,37.27000045776367,36.34000015258789,36.95000076293945,35.350399017333984,631000,Finance,2014.0
2018-11-20,36.709999084472656,37.439998626708984,36.45000076293945,37.029998779296875,35.42693328857422,531200,Finance,2014.0
2018-11-21,37.130001068115234,37.470001220703125,36.459999084472656,36.86000061035156,35.2642936706543,232300,Finance,2014.0
2018-11-23,36.540000915527344,37.189998626708984,36.415000915527344,36.7400016784668,35.14948654174805,113500,Finance,2014.0
2018-11-26,37.119998931884766,37.720001220703125,37.119998931884766,37.459999084472656,35.83831787109375,291700,Finance,2014.0
2018-11-27,37.290000915527344,37.529998779296875,37.029998779296875,37.529998779296875,35.90528869628906,586400,Finance,2014.0
2018-11-28,37.650001525878906,37.970001220703125,37.0099983215332,37.31999969482422,35.70438003540039,702000,Finance,2014.0
2018-11-29,37.0099983215332,37.25,36.310001373291016,36.599998474121094,35.01554870605469,439600,Finance,2014.0
2018-11-30,36.5,37.439998626708984,36.5,37.31999969482422,35.70438003540039,568600,Finance,2014.0
2018-12-03,37.84000015258789,38.02000045776367,36.81999969482422,37.08000183105469,35.474769592285156,295100,Finance,2014.0
2018-12-04,36.88999938964844,36.939998626708984,34.40999984741211,34.5099983215332,33.01602554321289,329400,Finance,2014.0
2018-12-06,34.06999969482422,34.54999923706055,33.400001525878906,34.02000045776367,32.547237396240234,514400,Finance,2014.0
2018-12-07,34.0,34.7400016784668,34.0,34.54999923706055,33.054290771484375,493600,Finance,2014.0
2018-12-10,34.560001373291016,34.66999816894531,33.749000549316406,33.959999084472656,32.489837646484375,291500,Finance,2014.0
2018-12-11,34.38999938964844,34.529998779296875,33.93000030517578,34.13999938964844,32.662044525146484,396800,Finance,2014.0
2018-12-12,34.65999984741211,35.04999923706055,34.11000061035156,34.540000915527344,33.04473114013672,349200,Finance,2014.0
2018-12-13,34.58000183105469,34.83000183105469,33.75,33.93000030517578,32.46113586425781,390600,Finance,2014.0
2018-12-14,33.66999816894531,34.310001373291016,33.220001220703125,33.2400016784668,31.801008224487305,467800,Finance,2014.0
2018-12-17,33.11000061035156,33.81999969482422,32.66999816894531,32.72999954223633,31.313081741333008,433400,Finance,2014.0
2018-12-18,32.9900016784668,33.209999084472656,31.9950008392334,32.040000915527344,30.652956008911133,518600,Finance,2014.0
2018-12-19,32.04999923706055,32.400001525878906,30.649999618530273,30.719999313354492,29.390100479125977,644500,Finance,2014.0
2018-12-20,30.549999237060547,31.010000228881836,30.389999389648438,30.729999542236328,29.39966583251953,460900,Finance,2014.0
2018-12-21,30.739999771118164,31.329999923706055,30.079999923706055,30.100000381469727,28.796939849853516,1909400,Finance,2014.0
2018-12-24,29.84000015258789,30.420000076293945,29.65999984741211,29.65999984741211,28.375988006591797,161600,Finance,2014.0
2018-12-26,29.729999542236328,30.969999313354492,29.520000457763672,30.940000534057617,29.600576400756836,378400,Finance,2014.0
2018-12-27,30.43000030517578,30.920000076293945,29.75,30.530000686645508,29.208324432373047,424100,Finance,2014.0
2018-12-28,30.579999923706055,31.399999618530273,30.389999389648438,31.079999923706055,29.734514236450195,353900,Finance,2014.0
2018-12-31,31.149999618530273,31.469999313354492,30.729999542236328,31.25,29.897153854370117,306800,Finance,2014.0
2019-01-02,30.649999618530273,32.060001373291016,30.6299991607666,31.790000915527344,30.41377830505371,298800,Finance,2014.0
2019-01-03,31.739999771118164,32.56999969482422,31.5,31.760000228881836,30.38507843017578,458000,Finance,2014.0
2019-01-04,32.369998931884766,32.84000015258789,32.029998779296875,32.689998626708984,31.27481460571289,320500,Finance,2014.0
2019-01-07,32.54999923706055,33.06999969482422,32.33000183105469,32.91999816894531,31.494857788085938,500500,Finance,2014.0
2019-01-08,33.099998474121094,33.470001220703125,32.7400016784668,33.31999969482422,31.87754249572754,437300,Finance,2014.0
2019-01-09,33.25,33.7400016784668,33.130001068115234,33.720001220703125,32.26022720336914,298300,Finance,2014.0
2019-01-10,33.439998626708984,33.685001373291016,32.70000076293945,33.08000183105469,31.64793586730957,230600,Finance,2014.0
2019-01-11,32.72999954223633,33.290000915527344,32.650001525878906,33.18000030517578,31.74360466003418,383600,Finance,2014.0
2019-01-14,32.970001220703125,33.709999084472656,32.86000061035156,33.150001525878906,31.71490478515625,330600,Finance,2014.0
2019-01-15,33.08000183105469,33.41999816894531,32.619998931884766,33.380001068115234,31.9349422454834,232000,Finance,2014.0
2019-01-16,33.7599983215332,34.060001373291016,33.5880012512207,34.0099983215332,32.53767013549805,486400,Finance,2014.0
2019-01-17,33.81999969482422,34.31999969482422,33.7400016784668,34.29999923706055,32.81511688232422,354700,Finance,2014.0
2019-01-18,34.439998626708984,35.060001373291016,34.16999816894531,34.720001220703125,33.21693801879883,427900,Finance,2014.0
2019-01-22,34.54999923706055,34.959999084472656,34.32500076293945,34.45000076293945,32.958621978759766,371200,Finance,2014.0
2019-01-23,34.529998779296875,34.75,33.900001525878906,33.95000076293945,32.48026657104492,537700,Finance,2014.0
2019-01-24,34.20000076293945,35.09000015258789,33.77000045776367,35.06999969482422,33.55178451538086,651300,Finance,2014.0
2019-01-25,35.59000015258789,35.66999816894531,34.869998931884766,35.27000045776367,33.743125915527344,355100,Finance,2014.0
2019-01-28,35.11000061035156,35.505001068115234,35.0099983215332,35.47999954223633,33.944034576416016,263600,Finance,2014.0
2019-01-29,35.540000915527344,35.720001220703125,35.209999084472656,35.22999954223633,33.704856872558594,222500,Finance,2014.0
2019-01-30,35.31999969482422,35.529998779296875,34.970001220703125,35.290000915527344,33.76226043701172,276600,Finance,2014.0
2019-01-31,35.13999938964844,35.31999969482422,34.439998626708984,35.290000915527344,33.76226043701172,439400,Finance,2014.0
2019-02-01,35.41999816894531,35.54499816894531,35.13999938964844,35.36000061035156,33.82923126220703,225300,Finance,2014.0
2019-02-04,35.45000076293945,35.72999954223633,35.08000183105469,35.529998779296875,33.99186706542969,284600,Finance,2014.0
2019-02-05,35.58000183105469,35.6150016784668,35.029998779296875,35.33000183105469,33.80052947998047,193500,Finance,2014.0
2019-02-06,35.18000030517578,35.689998626708984,35.18000030517578,35.43000030517578,33.896202087402344,451300,Finance,2014.0
2019-02-07,35.810001373291016,36.369998931884766,35.41999816894531,35.66999816894531,34.368316650390625,579000,Finance,2014.0
2019-02-08,35.61000061035156,35.81999969482422,34.970001220703125,35.09000015258789,33.80948257446289,393500,Finance,2014.0
2019-02-11,35.29999923706055,35.709999084472656,34.9900016784668,35.470001220703125,34.175621032714844,178000,Finance,2014.0
2019-02-12,35.619998931884766,35.93000030517578,35.5099983215332,35.68000030517578,34.37795639038086,222300,Finance,2014.0
2019-02-13,35.91999816894531,36.275001525878906,35.79999923706055,36.040000915527344,34.724815368652344,307500,Finance,2014.0
2019-02-14,35.790000915527344,35.83000183105469,35.41999816894531,35.619998931884766,34.32014083862305,253300,Finance,2014.0
2019-02-15,35.970001220703125,36.3849983215332,35.7599983215332,36.20000076293945,34.87897872924805,348400,Finance,2014.0
2019-02-19,35.88999938964844,36.68000030517578,35.83000183105469,36.4900016784668,35.15839767456055,289100,Finance,2014.0
2019-02-20,36.599998474121094,37.11000061035156,36.33000183105469,37.11000061035156,35.755767822265625,327900,Finance,2014.0
2019-02-21,37.189998626708984,37.279998779296875,36.810001373291016,37.209999084472656,35.85211944580078,333400,Finance,2014.0
2019-02-22,37.29999923706055,37.52000045776367,37.11000061035156,37.36000061035156,35.996646881103516,428000,Finance,2014.0
2019-02-25,37.86000061035156,38.779998779296875,37.474998474121094,37.4900016784668,36.12190628051758,482800,Finance,2014.0
2019-02-26,37.25,37.61000061035156,36.97999954223633,36.97999954223633,35.63051223754883,388200,Finance,2014.0
2019-02-27,36.9900016784668,37.279998779296875,36.790000915527344,37.2599983215332,35.90029525756836,294200,Finance,2014.0
2019-02-28,37.279998779296875,37.63999938964844,37.130001068115234,37.54999923706055,36.17971420288086,531700,Finance,2014.0
2019-03-01,37.810001373291016,37.959999084472656,37.34000015258789,37.45000076293945,36.0833625793457,325400,Finance,2014.0
2019-03-04,37.400001525878906,37.77000045776367,36.95000076293945,37.31999969482422,35.958106994628906,319500,Finance,2014.0
2019-03-05,37.29999923706055,37.29999923706055,36.56999969482422,37.0099983215332,35.659420013427734,289800,Finance,2014.0
2019-03-06,36.93000030517578,37.0099983215332,35.66999816894531,35.7400016784668,34.435768127441406,294700,Finance,2014.0
2019-03-07,35.4900016784668,35.619998931884766,34.709999084472656,34.88999938964844,33.61677932739258,269400,Finance,2014.0
2019-03-08,34.709999084472656,35.130001068115234,34.709999084472656,34.900001525878906,33.62641906738281,187900,Finance,2014.0
2019-03-11,35.08000183105469,35.25,34.7400016784668,35.13999938964844,33.85765838623047,369800,Finance,2014.0
2019-03-12,35.209999084472656,35.41999816894531,34.72999954223633,34.9900016784668,33.713130950927734,305400,Finance,2014.0
2019-03-13,35.16999816894531,35.41999816894531,34.970001220703125,35.029998779296875,33.75167465209961,313600,Finance,2014.0
2019-03-14,34.9900016784668,35.220001220703125,34.95000076293945,35.060001373291016,33.78057861328125,263700,Finance,2014.0
2019-03-15,34.81999969482422,35.130001068115234,34.0,34.90999984741211,33.63605499267578,1448700,Finance,2014.0
2019-03-18,35.04999923706055,35.630001068115234,35.0,35.38999938964844,34.098533630371094,454900,Finance,2014.0
2019-03-19,35.59000015258789,35.68000030517578,34.16999816894531,34.20000076293945,32.951961517333984,288300,Finance,2014.0
2019-03-20,34.25,34.43000030517578,33.189998626708984,33.189998626708984,31.978816986083984,412800,Finance,2014.0
2019-03-21,33.0,33.150001525878906,32.189998626708984,32.20000076293945,31.024946212768555,793300,Finance,2014.0
2019-03-22,31.809999465942383,32.04999923706055,30.59000015258789,30.829999923706055,29.704940795898438,501200,Finance,2014.0
2019-03-25,30.84000015258789,31.219999313354492,30.479999542236328,30.81999969482422,29.6953067779541,361900,Finance,2014.0
2019-03-26,30.959999084472656,31.389999389648438,30.760000228881836,31.1299991607666,29.993993759155273,587000,Finance,2014.0
2019-03-27,31.040000915527344,31.739999771118164,30.829999923706055,31.510000228881836,30.360126495361328,508300,Finance,2014.0
2019-03-28,31.6299991607666,31.84000015258789,31.100000381469727,31.600000381469727,30.446842193603516,406300,Finance,2014.0
2019-03-29,31.940000534057617,31.989999771118164,31.510000228881836,31.59000015258789,30.437206268310547,562900,Finance,2014.0
2019-04-01,31.93000030517578,32.70000076293945,31.78499984741211,32.68000030517578,31.487430572509766,367900,Finance,2014.0
2019-04-02,32.599998474121094,32.66999816894531,32.349998474121094,32.41999816894531,31.23691749572754,301600,Finance,2014.0
2019-04-03,32.81999969482422,33.209999084472656,32.68000030517578,32.93000030517578,31.728309631347656,223200,Finance,2014.0
2019-04-04,32.66999816894531,33.25,32.61000061035156,33.04999923706055,31.843929290771484,542100,Finance,2014.0
2019-04-05,33.15999984741211,33.15999984741211,32.790000915527344,33.130001068115234,31.921009063720703,306300,Finance,2014.0
2019-04-08,32.9900016784668,33.400001525878906,32.9900016784668,33.27000045776367,32.0558967590332,323900,Finance,2014.0
2019-04-09,33.150001525878906,33.279998779296875,32.59000015258789,32.68000030517578,31.487430572509766,258100,Finance,2014.0
2019-04-10,32.650001525878906,33.0,32.34000015258789,33.0,31.795751571655273,320900,Finance,2014.0
2019-04-11,33.130001068115234,33.349998474121094,32.880001068115234,33.119998931884766,31.9113712310791,243000,Finance,2014.0
2019-04-12,33.59000015258789,34.15999984741211,33.29999923706055,34.08000183105469,32.836341857910156,309400,Finance,2014.0
2019-04-15,34.09000015258789,34.33000183105469,33.25,33.369998931884766,32.15224838256836,184100,Finance,2014.0
2019-04-16,33.5,34.189998626708984,33.369998931884766,34.16999816894531,32.92304992675781,326300,Finance,2014.0
2019-04-17,34.22999954223633,34.540000915527344,33.779998779296875,34.5099983215332,33.250648498535156,260700,Finance,2014.0
2019-04-18,34.470001220703125,34.470001220703125,33.689998626708984,33.849998474121094,32.61473083496094,265900,Finance,2014.0
2019-04-22,33.83000183105469,33.869998931884766,33.18000030517578,33.279998779296875,32.06553649902344,238500,Finance,2014.0
2019-04-23,33.22999954223633,34.02000045776367,33.06999969482422,33.95000076293945,32.711082458496094,259800,Finance,2014.0
2019-04-24,33.880001068115234,34.22999954223633,33.59000015258789,34.0,32.75926208496094,177000,Finance,2014.0
2019-04-25,33.59000015258789,34.095001220703125,33.13999938964844,33.61000061035156,32.38349151611328,235300,Finance,2014.0
2019-04-26,33.5,34.5099983215332,33.275001525878906,34.47999954223633,33.22174072265625,303700,Finance,2014.0
2019-04-29,34.70000076293945,35.52000045776367,34.70000076293945,35.2599983215332,33.9732780456543,497900,Finance,2014.0
2019-04-30,35.29999923706055,35.5,34.90999984741211,35.16999816894531,33.88656234741211,413600,Finance,2014.0
2019-05-01,35.189998626708984,35.54999923706055,34.40999984741211,34.790000915527344,33.52043151855469,691800,Finance,2014.0
2019-05-02,34.81999969482422,35.61000061035156,34.81999969482422,35.40999984741211,34.11780548095703,300100,Finance,2014.0
2019-05-03,35.439998626708984,36.09000015258789,35.43000030517578,35.90999984741211,34.59955978393555,224300,Finance,2014.0
2019-05-06,35.45000076293945,36.18000030517578,35.11000061035156,36.09000015258789,34.77299118041992,280500,Finance,2014.0
2019-05-07,35.709999084472656,35.849998474121094,35.15999984741211,35.470001220703125,34.175621032714844,292000,Finance,2014.0
2019-05-08,35.400001525878906,35.68000030517578,35.130001068115234,35.2400016784668,33.95401382446289,301700,Finance,2014.0
2019-05-09,34.70000076293945,35.43000030517578,34.58000183105469,35.310001373291016,34.313568115234375,362000,Finance,2014.0
2019-05-10,35.099998474121094,35.45000076293945,34.689998626708984,35.2599983215332,34.264976501464844,230200,Finance,2014.0
2019-05-13,34.63999938964844,34.709999084472656,33.130001068115234,33.29999923706055,32.360286712646484,498300,Finance,2014.0
2019-05-14,33.279998779296875,34.33000183105469,33.25,34.220001220703125,33.25432586669922,256800,Finance,2014.0
2019-05-15,33.779998779296875,33.81999969482422,32.939998626708984,33.47999954223633,32.53520584106445,216500,Finance,2014.0
2019-05-16,33.7400016784668,34.310001373291016,33.54999923706055,34.130001068115234,33.166866302490234,412400,Finance,2014.0
2019-05-17,33.810001373291016,34.459999084472656,33.63999938964844,33.7599983215332,32.807308197021484,291200,Finance,2014.0
2019-05-20,33.529998779296875,34.09000015258789,33.529998779296875,33.75,32.79758834838867,243300,Finance,2014.0
2019-05-21,33.84000015258789,34.2599983215332,33.7599983215332,33.91999816894531,32.96279525756836,263900,Finance,2014.0
2019-05-22,33.75,33.790000915527344,33.279998779296875,33.38999938964844,32.447750091552734,217400,Finance,2014.0
2019-05-23,32.9900016784668,32.9900016784668,31.940000534057617,32.41999816894531,31.5051212310791,238100,Finance,2014.0
2019-05-24,32.58000183105469,32.97999954223633,32.56999969482422,32.95000076293945,32.02016830444336,133600,Finance,2014.0
2019-05-28,32.849998474121094,32.849998474121094,32.22999954223633,32.2400016784668,31.330202102661133,141200,Finance,2014.0
2019-05-29,31.959999084472656,32.5,31.690000534057617,32.459999084472656,31.54399299621582,282700,Finance,2014.0
2019-05-30,32.5,32.75,31.329999923706055,31.790000915527344,30.892902374267578,196500,Finance,2014.0
2019-05-31,31.299999237060547,31.520000457763672,30.975000381469727,31.06999969482422,30.193218231201172,316500,Finance,2014.0
2019-06-03,30.959999084472656,31.700000762939453,30.739999771118164,31.510000228881836,30.620803833007812,434200,Finance,2014.0
2019-06-04,31.8700008392334,32.97999954223633,31.709999084472656,32.79999923706055,31.8743953704834,323600,Finance,2014.0
2019-06-05,32.66999816894531,32.86000061035156,31.940000534057617,32.56999969482422,31.650888442993164,365600,Finance,2014.0
2019-06-06,32.5099983215332,32.720001220703125,31.900999069213867,32.400001525878906,31.485687255859375,195600,Finance,2014.0
2019-06-07,32.189998626708984,32.529998779296875,32.099998474121094,32.36000061035156,31.446815490722656,233500,Finance,2014.0
2019-06-10,32.47999954223633,33.27000045776367,32.459999084472656,32.88999938964844,31.96185874938965,191700,Finance,2014.0
2019-06-11,33.09000015258789,33.529998779296875,32.755001068115234,32.95000076293945,32.02016830444336,336100,Finance,2014.0
2019-06-12,32.84000015258789,32.939998626708984,32.48500061035156,32.75,31.8258113861084,138800,Finance,2014.0
2019-06-13,32.900001525878906,33.18000030517578,32.83000183105469,32.93000030517578,32.000732421875,155800,Finance,2014.0
2019-06-14,32.939998626708984,33.3849983215332,32.70000076293945,33.189998626708984,32.25339126586914,154900,Finance,2014.0
2019-06-17,33.15999984741211,33.31999969482422,32.84000015258789,32.869998931884766,31.942420959472656,228100,Finance,2014.0
2019-06-18,32.900001525878906,33.90999984741211,32.79999923706055,33.75,32.79758834838867,285700,Finance,2014.0
2019-06-19,33.86000061035156,34.40999984741211,33.86000061035156,33.9900016784668,33.030818939208984,475800,Finance,2014.0
2019-06-20,34.16999816894531,34.38999938964844,33.689998626708984,34.349998474121094,33.38065719604492,283100,Finance,2014.0
2019-06-21,34.310001373291016,34.8849983215332,34.279998779296875,34.43000030517578,33.458404541015625,458500,Finance,2014.0
2019-06-24,34.43000030517578,34.86000061035156,34.290000915527344,34.5,33.52642822265625,349100,Finance,2014.0
2019-06-25,34.369998931884766,34.720001220703125,33.689998626708984,34.439998626708984,33.468116760253906,499400,Finance,2014.0
2019-06-26,34.599998474121094,35.09000015258789,34.369998931884766,34.41999816894531,33.44867706298828,419500,Finance,2014.0
2019-06-27,34.45000076293945,35.099998474121094,34.43000030517578,35.08000183105469,34.09006118774414,232100,Finance,2014.0
2019-06-28,35.5,36.209999084472656,35.14500045776367,35.720001220703125,34.71200180053711,428400,Finance,2014.0
2019-07-01,36.02000045776367,36.439998626708984,35.63999938964844,35.72999954223633,34.72171401977539,429400,Finance,2014.0
2019-07-02,35.560001373291016,35.61000061035156,35.029998779296875,35.279998779296875,34.2844123840332,217200,Finance,2014.0
2019-07-03,35.38999938964844,35.70000076293945,35.2400016784668,35.58000183105469,34.575950622558594,103300,Finance,2014.0
2019-07-05,35.880001068115234,36.3120002746582,35.810001373291016,36.15999984741211,35.13957977294922,139500,Finance,2014.0
2019-07-08,35.93000030517578,36.15999984741211,35.20000076293945,35.40999984741211,34.41074752807617,311200,Finance,2014.0
2019-07-09,35.27000045776367,35.56999969482422,35.04999923706055,35.47999954223633,34.4787712097168,175300,Finance,2014.0
2019-07-10,35.54999923706055,35.68000030517578,35.029998779296875,35.189998626708984,34.19695281982422,186500,Finance,2014.0
2019-07-11,35.41999816894531,35.41999816894531,34.73500061035156,35.349998474121094,34.35243606567383,199800,Finance,2014.0
2019-07-12,35.400001525878906,36.02000045776367,35.400001525878906,35.90999984741211,34.896636962890625,185400,Finance,2014.0
2019-07-15,35.939998626708984,35.939998626708984,34.849998474121094,34.90999984741211,33.92485427856445,168400,Finance,2014.0
2019-07-16,34.90999984741211,35.20000076293945,34.66999816894531,35.0099983215332,34.02203369140625,198600,Finance,2014.0
2019-07-17,33.349998474121094,33.349998474121094,31.700000762939453,32.970001220703125,32.03960037231445,1600800,Finance,2014.0
2019-07-18,32.83000183105469,33.18000030517578,32.70000076293945,32.75,31.8258113861084,484800,Finance,2014.0
2019-07-19,32.630001068115234,33.099998474121094,32.630001068115234,32.79999923706055,31.8743953704834,405800,Finance,2014.0
2019-07-22,32.7400016784668,32.91999816894531,32.15999984741211,32.58000183105469,31.66061019897461,171400,Finance,2014.0
2019-07-23,32.720001220703125,32.94499969482422,32.45000076293945,32.88999938964844,31.96185874938965,312700,Finance,2014.0
2019-07-24,32.91999816894531,33.97200012207031,32.810001373291016,33.75,32.79758834838867,477800,Finance,2014.0
2019-07-25,33.40999984741211,33.939998626708984,33.189998626708984,33.45000076293945,32.50605773925781,365300,Finance,2014.0
2019-07-26,33.54999923706055,34.060001373291016,33.380001068115234,33.93000030517578,32.972511291503906,573900,Finance,2014.0
2019-07-29,33.849998474121094,34.63999938964844,33.81999969482422,34.029998779296875,33.0696907043457,480600,Finance,2014.0
2019-07-30,33.77000045776367,34.189998626708984,33.7599983215332,34.150001525878906,33.186302185058594,440000,Finance,2014.0
2019-07-31,34.150001525878906,34.310001373291016,33.70000076293945,33.81999969482422,32.86561584472656,597300,Finance,2014.0
2019-08-01,33.72999954223633,33.9900016784668,31.889999389648438,32.0,31.096975326538086,492000,Finance,2014.0
2019-08-02,31.8700008392334,31.959999084472656,31.09000015258789,31.579999923706055,30.688827514648438,435200,Finance,2014.0
2019-08-05,30.770000457763672,30.860000610351562,29.989999771118164,30.479999542236328,29.6198673248291,413100,Finance,2014.0
2019-08-06,30.68000030517578,30.899999618530273,29.979999542236328,30.530000686645508,29.668458938598633,465000,Finance,2014.0
2019-08-07,29.899999618530273,30.420000076293945,29.5,30.209999084472656,29.357486724853516,436700,Finance,2014.0
2019-08-08,30.239999771118164,30.59000015258789,30.049999237060547,30.3700008392334,29.808990478515625,468100,Finance,2014.0
2019-08-09,30.209999084472656,30.520000457763672,29.829999923706055,30.40999984741211,29.84825325012207,515600,Finance,2014.0
2019-08-12,29.979999542236328,30.1200008392334,29.770000457763672,29.889999389648438,29.337858200073242,342000,Finance,2014.0
2019-08-13,29.799999237060547,31.040000915527344,29.799999237060547,30.530000686645508,29.966035842895508,340100,Finance,2014.0
2019-08-14,29.670000076293945,30.079999923706055,29.329999923706055,29.56999969482422,29.02376937866211,304300,Finance,2014.0
2019-08-15,29.670000076293945,30.010000228881836,29.510000228881836,29.600000381469727,29.053213119506836,423900,Finance,2014.0
2019-08-16,29.84000015258789,30.65999984741211,29.84000015258789,30.399999618530273,29.838436126708984,384800,Finance,2014.0
2019-08-19,30.989999771118164,31.030000686645508,30.53499984741211,30.56999969482422,30.005294799804688,234500,Finance,2014.0
2019-08-20,30.280000686645508,30.5,29.93000030517578,30.020000457763672,29.465456008911133,346800,Finance,2014.0
2019-08-21,30.3700008392334,30.3700008392334,29.920000076293945,30.059999465942383,29.504716873168945,314400,Finance,2014.0
2019-08-22,30.309999465942383,30.405000686645508,29.920000076293945,30.100000381469727,29.543977737426758,282000,Finance,2014.0
2019-08-23,29.920000076293945,30.30500030517578,28.56999969482422,28.700000762939453,28.16983985900879,474900,Finance,2014.0
2019-08-26,28.93000030517578,28.93000030517578,28.489999771118164,28.6299991607666,28.101131439208984,257200,Finance,2014.0
2019-08-27,28.989999771118164,29.1200008392334,28.059999465942383,28.489999771118164,27.96371841430664,382400,Finance,2014.0
2019-08-28,28.299999237060547,29.299999237060547,28.190000534057617,29.079999923706055,28.542821884155273,186900,Finance,2014.0
2019-08-29,29.459999084472656,29.90999984741211,29.40999984741211,29.790000915527344,29.23970603942871,162200,Finance,2014.0
2019-08-30,30.040000915527344,30.149999618530273,29.670000076293945,29.829999923706055,29.27896499633789,196600,Finance,2014.0
2019-09-03,29.520000457763672,29.520000457763672,28.809999465942383,29.219999313354492,28.680233001708984,175300,Finance,2014.0
2019-09-04,29.739999771118164,29.760000228881836,29.239999771118164,29.469999313354492,28.925615310668945,210600,Finance,2014.0
2019-09-05,30.079999923706055,30.889999389648438,30.079999923706055,30.510000228881836,29.94640350341797,278300,Finance,2014.0
2019-09-06,30.459999084472656,30.69499969482422,30.219999313354492,30.56999969482422,30.005294799804688,226000,Finance,2014.0
2019-09-09,30.799999237060547,32.20000076293945,30.780000686645508,32.130001068115234,31.536479949951172,378600,Finance,2014.0
2019-09-10,32.290000915527344,33.119998931884766,32.13999938964844,32.97999954223633,32.37077713012695,289000,Finance,2014.0
2019-09-11,33.16999816894531,33.34000015258789,32.36000061035156,33.20000076293945,32.58671188354492,598800,Finance,2014.0
2019-09-12,32.88999938964844,33.15999984741211,32.4900016784668,32.939998626708984,32.331512451171875,307600,Finance,2014.0
2019-09-13,33.47999954223633,33.79999923706055,33.150001525878906,33.25,32.63579177856445,376400,Finance,2014.0
2019-09-16,32.83000183105469,33.380001068115234,32.83000183105469,33.029998779296875,32.41985321044922,239600,Finance,2014.0
2019-09-17,32.91999816894531,33.016998291015625,32.439998626708984,32.849998474121094,32.24317932128906,209100,Finance,2014.0
2019-09-18,32.56999969482422,33.04999923706055,32.40999984741211,32.81999969482422,32.2137336730957,272300,Finance,2014.0
2019-09-19,32.790000915527344,33.2400016784668,32.459999084472656,32.52000045776367,31.919275283813477,242600,Finance,2014.0
2019-09-20,32.529998779296875,33.18000030517578,32.435001373291016,32.79999923706055,32.19409942626953,621800,Finance,2014.0
2019-09-23,32.47999954223633,32.939998626708984,32.290000915527344,32.689998626708984,32.08613204956055,227400,Finance,2014.0
2019-09-24,32.61000061035156,32.849998474121094,32.099998474121094,32.369998931884766,31.772043228149414,321900,Finance,2014.0
2019-09-25,32.560001373291016,33.45000076293945,32.560001373291016,33.36000061035156,32.74375915527344,259500,Finance,2014.0
2019-09-26,33.15999984741211,33.290000915527344,32.77000045776367,32.810001373291016,32.203922271728516,197600,Finance,2014.0
2019-09-27,33.08000183105469,33.56999969482422,32.869998931884766,33.189998626708984,32.57689666748047,212400,Finance,2014.0
2019-09-30,33.380001068115234,33.380001068115234,32.84000015258789,33.0,32.39040756225586,221800,Finance,2014.0
2019-10-01,33.33000183105469,33.63999938964844,32.040000915527344,32.34000015258789,31.74260139465332,224800,Finance,2014.0
2019-10-02,32.08000183105469,32.56999969482422,31.952999114990234,32.41999816894531,31.821121215820312,261600,Finance,2014.0
2019-10-03,32.38999938964844,32.66999816894531,31.739999771118164,32.65999984741211,32.05668640136719,234000,Finance,2014.0
2019-10-04,32.7599983215332,33.22999954223633,32.40999984741211,33.22999954223633,32.61615753173828,206800,Finance,2014.0
2019-10-07,33.040000915527344,33.599998474121094,32.91999816894531,33.400001525878906,32.78302001953125,242800,Finance,2014.0
2019-10-08,32.90999984741211,32.90999984741211,31.920000076293945,32.06999969482422,31.47758674621582,427600,Finance,2014.0
2019-10-09,32.349998474121094,32.470001220703125,32.0,32.2599983215332,31.66407585144043,212700,Finance,2014.0
2019-10-10,32.54999923706055,32.83000183105469,32.4900016784668,32.58000183105469,31.978168487548828,239400,Finance,2014.0
2019-10-11,33.380001068115234,33.959999084472656,33.189998626708984,33.2400016784668,32.6259765625,240800,Finance,2014.0
2019-10-14,32.86000061035156,33.20000076293945,32.810001373291016,32.97999954223633,32.37077713012695,173500,Finance,2014.0
2019-10-15,33.150001525878906,33.709999084472656,32.9900016784668,33.52000045776367,32.90080261230469,252800,Finance,2014.0
2019-10-16,33.5099983215332,33.98500061035156,33.31999969482422,33.47999954223633,32.86153793334961,121900,Finance,2014.0
2019-10-17,33.709999084472656,33.97999954223633,33.459999084472656,33.959999084472656,33.33267593383789,231100,Finance,2014.0
2019-10-18,33.689998626708984,34.130001068115234,33.63999938964844,33.900001525878906,33.27378463745117,207000,Finance,2014.0
2019-10-21,34.33000183105469,34.7599983215332,34.09000015258789,34.4900016784668,33.852882385253906,171700,Finance,2014.0
2019-10-22,34.36000061035156,35.415000915527344,34.189998626708984,35.13999938964844,34.490875244140625,281600,Finance,2014.0
2019-10-23,35.0,35.5099983215332,34.72999954223633,35.5099983215332,34.854042053222656,344000,Finance,2014.0
2019-10-24,36.06999969482422,36.650001525878906,34.970001220703125,35.90999984741211,35.24665451049805,313300,Finance,2014.0
2019-10-25,35.880001068115234,36.310001373291016,35.494998931884766,36.119998931884766,35.45277404785156,369100,Finance,2014.0
2019-10-28,36.15999984741211,36.619998931884766,35.72999954223633,36.27000045776367,35.60000228881836,350300,Finance,2014.0
2019-10-29,36.029998779296875,36.540000915527344,36.029998779296875,36.310001373291016,35.63926696777344,287100,Finance,2014.0
2019-10-30,36.13999938964844,36.25,35.619998931884766,35.970001220703125,35.305545806884766,234000,Finance,2014.0
2019-10-31,35.59000015258789,35.59000015258789,34.54999923706055,34.869998931884766,34.22586441040039,516100,Finance,2014.0
2019-11-01,35.290000915527344,35.59000015258789,35.11000061035156,35.45000076293945,34.79515075683594,303200,Finance,2014.0
2019-11-04,35.9900016784668,36.02000045776367,35.630001068115234,35.869998931884766,35.20738983154297,178200,Finance,2014.0
2019-11-05,36.150001525878906,36.314998626708984,35.630001068115234,35.79999923706055,35.1386833190918,190000,Finance,2014.0
2019-11-06,35.540000915527344,35.849998474121094,35.41999816894531,35.599998474121094,34.94237518310547,180400,Finance,2014.0
2019-11-07,36.06999969482422,36.380001068115234,35.650001525878906,35.7400016784668,35.079795837402344,212100,Finance,2014.0
2019-11-08,35.63999938964844,36.09000015258789,35.4900016784668,35.83000183105469,35.16813278198242,176000,Finance,2014.0
2019-11-11,35.59000015258789,35.900001525878906,35.36000061035156,35.5,34.8442268371582,123900,Finance,2014.0
2019-11-12,35.56999969482422,35.779998779296875,35.27000045776367,35.369998931884766,34.71662902832031,145300,Finance,2014.0
2019-11-13,35.0099983215332,35.0099983215332,34.349998474121094,34.63999938964844,34.00011444091797,284500,Finance,2014.0
2019-11-14,34.18000030517578,34.46500015258789,33.9900016784668,34.40999984741211,34.069419860839844,223300,Finance,2014.0
2019-11-15,34.65999984741211,34.65999984741211,34.08000183105469,34.29999923706055,33.960506439208984,375400,Finance,2014.0
2019-11-18,34.08000183105469,34.290000915527344,33.78099822998047,34.290000915527344,33.95060729980469,175500,Finance,2014.0
2019-11-19,34.400001525878906,34.540000915527344,34.209999084472656,34.40999984741211,34.069419860839844,158800,Finance,2014.0
2019-11-20,34.18000030517578,34.470001220703125,33.619998931884766,33.81999969482422,33.485260009765625,263200,Finance,2014.0
2019-11-21,34.029998779296875,34.1870002746582,33.689998626708984,34.119998931884766,33.78228759765625,246700,Finance,2014.0
2019-11-22,34.18000030517578,34.470001220703125,34.060001373291016,34.119998931884766,33.78228759765625,220600,Finance,2014.0
2019-11-25,34.279998779296875,34.959999084472656,34.0,34.720001220703125,34.3763542175293,251000,Finance,2014.0
2019-11-26,34.560001373291016,34.84000015258789,34.34000015258789,34.45000076293945,34.10902404785156,153800,Finance,2014.0
2019-11-27,34.560001373291016,34.88999938964844,34.40999984741211,34.439998626708984,34.09912109375,187200,Finance,2014.0
2019-11-29,34.36000061035156,34.73500061035156,34.31999969482422,34.369998931884766,34.029815673828125,89700,Finance,2014.0
2019-12-02,34.619998931884766,34.93000030517578,34.099998474121094,34.18000030517578,33.841697692871094,253300,Finance,2014.0
2019-12-03,33.72999954223633,33.779998779296875,33.20500183105469,33.52000045776367,33.188228607177734,224900,Finance,2014.0
2019-12-04,33.630001068115234,34.125,33.61000061035156,33.7599983215332,33.42584991455078,720300,Finance,2014.0
2019-12-05,34.15999984741211,34.38999938964844,33.93000030517578,34.25,33.91100311279297,339100,Finance,2014.0
2019-12-06,34.560001373291016,35.08000183105469,34.560001373291016,34.68000030517578,34.33674621582031,289000,Finance,2014.0
2019-12-09,34.5099983215332,34.72999954223633,34.20000076293945,34.349998474121094,34.010013580322266,259400,Finance,2014.0
2019-12-10,34.459999084472656,34.56999969482422,34.27000045776367,34.41999816894531,34.07931900024414,157100,Finance,2014.0
2019-12-11,34.599998474121094,34.61000061035156,34.209999084472656,34.4900016784668,34.14862823486328,144200,Finance,2014.0
2019-12-12,34.650001525878906,35.630001068115234,34.63999938964844,35.369998931884766,35.01991653442383,418900,Finance,2014.0
2019-12-13,35.2400016784668,35.43000030517578,34.68000030517578,34.970001220703125,34.623878479003906,195900,Finance,2014.0
2019-12-16,35.31999969482422,36.09000015258789,35.31999969482422,35.779998779296875,35.42585754394531,381500,Finance,2014.0
2019-12-17,35.77000045776367,36.09000015258789,35.540000915527344,35.9900016784668,35.63378143310547,189600,Finance,2014.0
2019-12-18,36.08000183105469,36.13999938964844,35.54999923706055,35.54999923706055,35.19813537597656,393800,Finance,2014.0
2019-12-19,34.77000045776367,35.45000076293945,34.77000045776367,35.41999816894531,35.069419860839844,288300,Finance,2014.0
2019-12-20,35.63999938964844,35.845001220703125,35.25,35.36000061035156,35.01001739501953,1326100,Finance,2014.0
2019-12-23,35.380001068115234,35.380001068115234,34.91999816894531,35.02000045776367,34.67338180541992,301000,Finance,2014.0
2019-12-24,34.66999816894531,35.119998931884766,34.66999816894531,35.029998779296875,34.68328094482422,169900,Finance,2014.0
2019-12-26,35.22999954223633,35.27000045776367,34.720001220703125,34.869998931884766,34.524864196777344,123100,Finance,2014.0
2019-12-27,35.029998779296875,35.029998779296875,34.599998474121094,34.599998474121094,34.257537841796875,202900,Finance,2014.0
2019-12-30,34.84000015258789,34.97999954223633,34.619998931884766,34.77000045776367,34.42585754394531,201700,Finance,2014.0
2019-12-31,34.709999084472656,35.060001373291016,34.709999084472656,34.7400016784668,34.396156311035156,300800,Finance,2014.0
