Date,TM_Open_average,TM_Open_max,TM_Open_volatility,TM_Open_change%,TM_High_average,TM_High_max,TM_High_volatility,TM_High_change%,TM_Low_average,TM_Low_max,TM_Low_volatility,TM_Low_change%,TM_Close_average,TM_Close_max,TM_Close_volatility,TM_Close_change%,TM_Volume_average,TM_Volume_max,TM_Volume_volatility,TM_Volume_change%
2016-01-03,118.04833333333333,121.54,7.280000000000001,-5.9743252139565435,118.46666666666667,122.26,7.38000000000001,-6.036316047767061,116.655,120.17,7.25,-5.5837563451776715,117.40333333333334,121.46,8.399999999999991,-5.475053515560671,425401,635817,358228,23.666139554227296
2016-01-10,115.82000000000001,117.2,3.1400000000000006,-2.220317188169741,116.22,117.36,3.1899999999999977,-2.1847155586017797,113.7775,114.54,2.6500000000000057,-2.2538656416528333,114.9275,116.29,3.690000000000012,-2.7885694552361255,419661,636956,295339,86.4532502773574
2016-01-17,113.63,116.01,5.650000000000006,-1.413671235238342,114.242,116.1,4.049999999999997,-1.3006029285098974,112.062,114.82,5.8799999999999955,-0.5796083252832271,113.398,115.95,4.8500000000000085,-1.3997565640758125,523017,1000176,751512,-48.78008086791917
2016-01-24,116.946,120.0,6.700000000000003,5.913503971756401,117.79,120.77,6.390000000000001,5.586641021157545,116.016,119.16,5.97999999999999,5.283619013960054,117.244,120.4,6.050000000000011,5.290773939658952,413130,746015,477807,55.37530573286404
2016-01-31,114.422,120.15,10.41000000000001,-8.664169787765303,114.742,120.15,10.340000000000003,-8.605909280066587,112.318,118.5,10.530000000000001,-8.886075949367088,113.56,119.0,9.870000000000005,-8.294117647058828,615144,851110,497743,94.61777698540045
2016-02-07,105.7675,108.62,5.450000000000003,-2.6606283611661414,107.0475,109.47,4.099999999999994,-2.04517988286696,104.7325,106.64,4.099999999999994,-2.879333207046782,105.9875,106.84,1.7600000000000051,-1.4788468738300247,531773,668324,254263,33.98341255505592
2016-02-14,107.214,108.58,2.8999999999999915,-1.8324849606663618,107.748,108.95,3.1000000000000085,-1.5563127359793698,106.626,107.6,2.799999999999997,-1.2936249418334114,107.158,108.21,2.8999999999999915,-1.4046760927825488,483930,723914,499179,-37.52763966685548
2016-02-21,105.36399999999999,106.55,1.5499999999999972,-1.3608634443923069,105.768,106.67,1.4500000000000028,-1.3030842786162937,104.314,105.53,2.680000000000007,-1.3550649104520107,105.004,105.62,1.5200000000000102,-1.4391213785268038,511258,848951,686720,161.12518569200708
2016-02-28,107.326,109.56,4.260000000000005,1.8328584995251727,108.272,110.29,3.6400000000000006,1.7815283638068367,107.024,109.0,4.109999999999999,2.0783678139002695,107.886,109.55,3.1400000000000006,1.4096419509444602,372003,745731,541061,116.36400562865391
2016-03-06,108.008,109.25,2.730000000000004,2.5628989861058993,108.272,109.49,2.789999999999992,2.614807872539824,106.986,108.81,3.1899999999999977,3.020261314145046,107.472,109.26,3.440000000000012,2.957852957852967,355078,644942,442239,-45.24749005926355
2016-03-13,106.692,107.41,1.1299999999999955,-0.9310120100549297,107.60600000000001,108.48,1.5499999999999972,0.009309253397882253,106.24,106.45,0.6500000000000057,-0.03757632691405002,107.286,107.93,1.3300000000000125,-0.07461294534601594,432122,615529,272547,9.10616413847904
2016-03-20,107.87,108.5,2.1099999999999994,0.36074368698547826,108.44749999999999,109.32,2.9299999999999926,-0.2103915111598882,107.425,108.1,2.3499999999999943,0.3062360801781721,107.9275,108.69,2.3700000000000045,0.08287292817679873,364995,450501,159448,41.37489526355925
2016-03-27,105.508,108.0,6.340000000000003,-5.870370370370374,105.836,108.42,6.549999999999997,-6.041320789522226,104.964,107.45,6.540000000000006,-5.990311160797472,105.438,108.35,6.969999999999999,-6.432856483617904,515969,994174,670628,187.45648427651133
2016-04-03,99.114,100.7,2.469999999999999,0.30540568054565526,99.724,101.1,2.009999999999991,-0.4720771394134179,98.598,100.4,2.6000000000000085,0.19366017735194957,99.122,100.66,2.3900000000000006,-0.31395584362972256,740905,1156878,664492,-14.402210086111069
2016-04-10,103.3,105.0,3.769999999999996,0.7606440778425329,103.944,105.39,3.4200000000000017,1.5396685299597994,102.958,104.79,3.7700000000000102,0.9701049297168918,103.568,104.96,3.3799999999999955,1.7523134475290423,452209,628873,325917,-42.11924021902357
2016-04-17,105.968,107.52,2.799999999999997,2.302568981921981,106.41,107.91,2.5799999999999983,2.4008350730688948,105.446,106.7,2.5400000000000063,2.15414073719483,105.956,107.45,2.75,2.521489971346705,320992,473672,221720,22.065710929065855
2016-04-24,104.386,107.35,4.829999999999998,-4.499301350721936,104.84400000000001,107.43,4.700000000000003,-4.374941822582149,103.69200000000001,106.76,5.340000000000003,-4.496065942300498,104.164,107.32,5.61999999999999,-4.5191949310473305,419502,740340,487874,33.46430806524443
2016-05-01,101.93,103.46,2.1999999999999886,1.760598013179888,102.154,103.64,2.1899999999999977,1.6875981161695437,101.078,102.33,1.7399999999999949,1.7196819085487118,101.582,102.61,1.9899999999999949,1.143420404139967,337314,377238,94166,14.145562400182524
2016-05-08,101.574,104.15,3.980000000000004,-3.821411425828136,102.1,104.82,3.9799999999999898,-3.5298607136042635,100.488,103.95,5.930000000000007,-3.6844636844636827,101.05,104.82,6.3799999999999955,-3.816065636328945,692501,1241796,919580,-33.38997591656589
2016-05-15,100.426,101.01,1.440000000000012,-0.6831006831006949,100.944,102.09,2.219999999999999,-1.026045777426999,100.024,100.53,1.2999999999999972,-1.0348258706467723,100.382,101.53,1.980000000000004,-1.053573203458903,374347,447887,141826,46.33912847438909
2016-05-22,101.4425,102.39,2.4599999999999937,1.8713099169418494,102.1225,102.76,1.6500000000000057,0.7516566116111216,100.785,102.07,2.6699999999999875,0.8350100603621713,101.53,102.62,2.030000000000001,-0.0496820349761498,603268,852543,481548,-51.0205350345965
2016-05-29,104.06,105.62,2.2700000000000102,2.196419932268999,104.432,105.84,1.8599999999999994,1.7888055395268314,103.306,105.1,2.469999999999999,2.406703692877325,103.92,105.54,2.210000000000008,2.0597621119814424,504846,673303,372269,-16.856155401060146
2016-06-05,104.318,105.62,3.3599999999999994,-3.181215678848702,104.554,105.8,3.0999999999999943,-2.930056710775042,103.818,105.41,3.9200000000000017,-3.7188122569016238,104.106,105.65,3.960000000000008,-3.6022371788795122,295476,349468,131570,-11.287156477846326
2016-06-12,102.958,106.71,5.699999999999989,5.475931600276754,103.504,107.05,5.5,5.416051206302314,102.238,105.63,5.3999999999999915,5.387608500448958,102.91799999999999,105.8,4.719999999999999,4.669568658488325,411984,567924,262028,51.11676396553651
2016-06-19,105.86,109.68,8.5,-5.703634669151902,106.31400000000001,110.0,8.819999999999993,-6.01894854170536,104.98,109.13,9.829999999999998,-7.196261682242993,105.558,109.95,9.689999999999998,-6.4040328603435395,701009,881176,313037,22.330098796245284
2016-06-26,99.7525,100.61,1.6500000000000057,0.6265157639450329,100.4875,101.81,1.8700000000000045,0.27016209725835105,99.2575,100.46,2.069999999999993,0.9960361825388799,100.25,101.52,1.8799999999999955,-0.21031547320980848,809226,1270024,785953,-46.76480618392634
2016-07-03,101.118,104.92,5.560000000000002,5.30964568904949,101.682,105.88,6.199999999999989,6.219903691813792,100.67,104.84,6.359999999999999,6.00606673407482,101.456,105.66,6.47999999999999,6.5335753176043445,480165,679308,306516,35.449562431084644
2016-07-10,108.172,108.94,2.1899999999999977,1.8079625292740111,108.5,109.18,1.9000000000000057,1.77106636838181,107.736,108.55,2.039999999999992,1.915313116139322,108.042,109.01,2.469999999999999,2.3183780739628297,375177,537172,303306,-48.79321405971855
2016-07-17,109.25200000000001,109.9,1.2199999999999989,1.1225616488774373,109.52,110.14,1.4399999999999977,1.324747010119593,108.928,109.62,1.490000000000009,1.3779709608804303,109.21600000000001,109.68,1.1200000000000045,1.031687546057484,223528,292852,99951,-6.886433929235485
2016-07-24,111.282,112.42,3.180000000000007,2.6363969242035976,111.508,112.79,3.0200000000000102,2.213719595517907,110.202,110.98,1.7999999999999972,1.6486535995603564,110.752,111.6,2.0,1.4872262773722718,476925,756521,558341,124.59481279644767
2016-07-31,113.276,118.13,8.329999999999998,7.059996374841392,113.622,118.52,8.439999999999998,6.967509025270758,112.492,117.29,8.210000000000008,7.526585991932534,113.14399999999999,117.41,7.439999999999998,6.765481494953167,614251,907707,549746,24.90771181400985
2016-08-07,117.348,117.57,0.5599999999999881,0.05960998041385777,117.772,118.18,0.8300000000000125,0.33191489361702176,117.136,117.5,0.8100000000000023,0.6941468849087346,117.502,117.79,0.8400000000000034,0.13626298756599947,231652,342127,221978,-64.88175443621813
2016-08-14,118.712,120.31,3.3100000000000023,2.829059829059831,119.34,120.76,3.0500000000000114,2.591113754141544,118.634,120.2,3.4000000000000057,2.910958904109594,119.124,120.58,3.299999999999997,2.813778990450202,444588,775204,553585,49.91584656550206
2016-08-21,120.17999999999999,121.58,3.3100000000000023,-0.20786563565311383,120.576,121.77,2.4599999999999937,0.033222591362119636,119.744,120.73,2.760000000000005,0.17529215358932218,119.99000000000001,120.9,2.280000000000001,0.4507512520868166,300755,405456,235587,21.04739534582531
2016-08-28,121.3825,121.59,0.4000000000000057,0.2392147158294086,121.7175,122.09,0.7199999999999989,0.5600856601597948,120.7675,121.52,1.4799999999999898,0.4795766495783019,121.24249999999999,122.08,1.4500000000000028,0.6928406466512731,311242,395297,225765,99.97345633862633
2016-09-04,120.264,121.37,2.710000000000008,-1.535142311841348,120.892,121.8,1.6499999999999915,-0.2153209109730891,119.724,120.65,2.010000000000005,-1.1825449700199882,120.286,121.01,2.3500000000000085,-0.26518604458440986,268371,370567,206113,-16.07692202518492
2016-09-11,116.866,119.34,4.469999999999999,-3.4271828389475476,117.454,119.82,4.61999999999999,-3.1630779502587147,116.368,118.36,3.980000000000004,-2.864143291652586,116.826,118.81,4.180000000000007,-3.147883174816942,337640,600218,378988,-36.798109914094795
2016-09-18,118.358,120.83,3.980000000000004,0.00855798031664965,118.718,121.17,4.159999999999997,0.2649346209725562,117.684,120.33,4.010000000000005,0.15474552957359597,118.294,120.8,4.340000000000003,0.5495449081229612,365170,508341,312908,62.30575184334273
2016-09-25,116.446,118.6,4.109999999999999,-3.4654300168634062,117.09,118.6,2.9299999999999926,-2.4704890387858285,115.87400000000001,117.79,3.450000000000003,-2.9289413362764263,116.652,118.32,3.059999999999988,-2.586206896551714,379999,609501,421438,87.03406499998465
2016-10-02,116.06,116.43,0.8700000000000045,0.49325025960539387,116.596,117.17,1.0799999999999983,0.5075705437026871,115.8,116.43,1.3200000000000074,0.8252975414820631,116.23,117.07,1.7399999999999949,0.9451140206364376,179213,228879,95274,-0.562869853653838
2016-10-09,115.166,115.8,1.269999999999996,-0.5354058721934286,115.604,115.84,0.6400000000000006,0.03454231433506585,114.776,115.08,0.9899999999999949,0.05216484089723724,115.136,115.43,0.7400000000000091,0.09538674991329661,186949,231697,74911,-27.00809873421103
2016-10-16,115.304,115.88,1.019999999999996,-0.337603878116344,115.61999999999999,116.32,0.9599999999999937,0.0,114.998,115.63,1.019999999999996,0.17417051293216307,115.36,116.14,1.25,0.3476749239461153,155644,188106,75501,-24.908828001233346
2016-10-23,115.22,115.51,0.6700000000000017,0.06930607294464029,115.57600000000001,115.79,0.6500000000000057,0.03455723542117171,114.922,115.4,0.9900000000000091,0.13884068031934294,115.214,115.66,0.8499999999999943,0.35574837310194934,172535,216086,81075,-15.586997705403867
2016-10-30,113.168,115.76,5.230000000000004,-3.576364892881825,113.67,115.76,4.560000000000002,-2.7729785763648995,112.396,114.18,3.940000000000012,-2.3559292345419616,112.864,114.73,4.170000000000002,-1.9611261221999476,306172,354401,127029,15.328117983195465
2016-11-06,111.512,113.0,2.6500000000000057,-1.0353982300884972,112.812,115.4,4.0,-2.573656845753898,111.158,112.62,2.680000000000007,-0.9856153436334572,112.042,113.81,2.950000000000003,-1.7836745452947904,310809,567877,409301,-0.971785464709993
2016-11-13,113.18,114.22,2.239999999999995,2.000357206644039,113.542,114.67,2.180000000000007,1.937950040003562,112.918,114.13,2.319999999999993,2.0749485734728497,113.37,114.51,2.0200000000000102,1.795715174682203,205170,235545,93549,53.83602354995915
2016-11-20,115.71,117.97,4.510000000000005,3.74637235071674,116.2125,118.15,4.280000000000001,3.600597172213923,115.3575,117.41,4.159999999999997,3.673289183222955,115.935,117.8,4.019999999999996,3.401300755844616,197568,270600,117399,14.042989275526923
2016-11-27,117.756,118.63,1.6599999999999966,-0.685569191705461,118.292,118.81,1.519999999999996,-0.41325799106012895,117.538,118.25,1.5499999999999972,-0.5426488044768532,117.798,118.53,1.7000000000000028,-0.6255283178360058,206208,260657,103723,-17.815378653385913
2016-12-04,120.946,123.05,5.609999999999999,3.712534059945504,121.69200000000001,123.17,5.25,3.841587516960652,120.674,122.61,5.409999999999997,3.57508532423208,121.398,122.98,5.1000000000000085,3.376314896504924,281851,430986,297018,84.7381464230264
2016-12-11,121.656,122.22,1.3499999999999943,-0.7363770250368236,122.304,123.18,1.730000000000004,-0.7712290956324102,121.36,122.17,1.460000000000008,-0.7612343455840278,121.79,123.07,2.069999999999993,-0.9994312180060045,190117,211737,50508,-14.841416478024183
2016-12-18,121.0475,121.36,0.6599999999999966,-0.4779169413315741,121.3775,122.06,1.1599999999999966,-0.7783057512698696,120.875,121.25,0.7800000000000011,-0.3876288659793805,121.08500000000001,121.67,1.0100000000000051,-0.6328593737157854,137992,257859,170391,-60.46870576555404
2016-12-25,118.37,119.46,2.1699999999999875,-1.4146994809978217,118.67999999999999,119.96,2.3299999999999983,-1.7089029676558831,117.76,119.04,2.260000000000005,-1.8649193548387206,118.0125,119.39,2.3499999999999943,-1.8343244827875012,168819,234522,128882,-34.565627105346195
2017-01-01,119.79,121.19,3.019999999999996,1.1085723957011104,120.308,121.39,2.719999999999999,1.0870481166259307,119.434,120.32,2.489999999999995,1.391835695493508,120.00999999999999,121.19,2.6400000000000006,1.0037958667228999,257561,525907,390148,-33.4459244152699
2017-01-08,119.41,119.82,0.7299999999999898,0.6129817784868501,119.9525,120.06,0.1599999999999966,-0.13326669998333882,118.94,119.52,1.1599999999999966,0.6145298425793331,119.78,119.91,0.269999999999996,0.041750167000665625,184548,218727,105642,-47.26275585153266
2017-01-15,118.938,119.56,1.1099999999999994,-0.3365586874211119,119.148,119.95,1.5,-0.4287155346334826,118.398,118.89,1.1400000000000006,-0.3554201574003569,118.744,119.31,1.019999999999996,-0.10134279199391127,139791,190556,83748,-26.290959088142067
2017-01-22,117.682,119.43,3.0700000000000074,-0.4704473526644403,118.172,119.99,3.4099999999999966,-1.1363636363636391,117.244,118.96,3.4099999999999966,-0.9769474676493278,117.688,119.06,2.990000000000009,-1.3345800748044945,215168,304226,145025,-47.670153109859115
2017-01-29,115.13,116.21,2.009999999999991,-1.7296273986748052,115.444,116.37,1.8900000000000006,-1.6241299303944319,114.304,115.07,2.319999999999993,-2.016164074041882,114.794,115.75,2.4399999999999977,-2.107991360691143,304618,437927,250387,34.91115328215302
2017-02-05,113.054,114.07,2.259999999999991,0.5022026431718002,113.312,114.5,2.510000000000005,0.8632840028188901,112.622,113.89,2.769999999999996,1.0290073627250922,113.05,114.13,2.2099999999999937,0.9642604387827222,366429,445405,194037,20.248632261211974
2017-02-12,113.4375,114.34,1.8500000000000085,-1.617981458807074,113.88,114.49,0.8799999999999955,-0.6900165953358303,113.1275,113.76,1.4200000000000017,-1.2482419127988762,113.7825,114.47,1.1200000000000045,-0.6726653271599511,214940,240406,51293,2.6678453529439397
2017-02-19,114.116,114.68,0.9700000000000131,-0.3243338008415187,114.446,114.89,0.8599999999999994,-0.2792564796230102,113.886,114.38,0.8900000000000006,-0.13178703215602836,114.26,114.59,0.8200000000000074,-0.052493438320211964,199757,269484,89507,-32.96114055008832
2017-02-26,113.684,114.82,1.6799999999999926,-0.40492957746478325,113.84,114.98,1.8400000000000034,-0.44874615046194904,113.29599999999999,114.51,1.7600000000000051,-0.2124081777148375,113.506,114.74,1.8299999999999983,-0.21210782147592494,195431,252735,126895,-17.370420416592307
2017-03-05,112.712,113.37,1.2600000000000051,0.6034253261158993,112.97,113.82,1.4099999999999966,0.6811145510835879,112.374,113.33,1.5699999999999932,0.7377777777777763,112.54,113.4,1.6000000000000085,0.6657789613848202,204739,287381,136783,36.196497771043965
2017-03-12,112.744,113.71,1.4499999999999886,-0.19559032716927352,113.078,113.95,1.3500000000000085,0.0,112.346,113.17,1.230000000000004,-0.062494420141065425,112.556,113.24,1.2399999999999949,-0.08029262200018147,215519,480458,371081,42.84019320417333
2017-03-19,111.254,112.69,2.1400000000000006,-1.473067707871148,111.704,112.86,1.8599999999999994,-0.7974481658692235,110.648,111.12,1.0,-0.3239740820734336,111.164,111.73,1.2199999999999989,0.30523386300386335,239150,383127,223189,-44.751740284553165
2017-03-26,109.94200000000001,111.9,3.280000000000001,-2.9311885612153716,110.19200000000001,112.59,3.7900000000000063,-3.36619593214318,109.622,111.79,3.8800000000000097,-3.470793452008238,109.972,112.41,3.8900000000000006,-3.460546214749578,273480,390370,187557,25.89901783670866
2017-04-02,106.528,108.06,2.3799999999999955,-1.8045530260966156,106.768,108.35,2.4599999999999937,-1.7258883248730876,106.14,107.87,2.530000000000001,-1.9097061277463634,106.308,108.01,2.510000000000005,-1.879455605962412,375142,533853,300157,12.798090555920496
2017-04-09,105.955,106.77,1.6400000000000006,-0.7867378477100209,106.035,106.79,1.6400000000000006,-0.5431220151699714,105.33250000000001,106.06,1.8900000000000006,-0.3394305110314911,105.535,106.4,2.219999999999999,-0.26315789473684315,359730,419350,107871,-13.690711815905567
2017-04-16,106.064,107.19,2.1899999999999977,1.4864608975572744,106.286,107.26,2.1500000000000057,1.5142911224683027,105.676,106.7,2.200000000000003,1.5416825275980248,105.902,106.99,2.3699999999999903,1.58564375237372,226390,257511,57724,28.892770800902962
2017-04-23,108.994,109.92,1.6299999999999955,-0.294632170150072,109.236,110.33,1.9099999999999966,-0.4773269689737434,108.742,109.8,1.730000000000004,-0.42376784891754377,108.896,109.91,1.769999999999996,-0.38631346578366604,254112,409953,300823,-64.87461657552457
2017-04-30,109.3,110.0,1.5300000000000011,0.4382761139517933,109.656,110.35,1.309999999999988,0.6108679795769397,108.99,109.99,1.6700000000000017,0.84349500320895,109.474,110.19,1.3199999999999932,0.8696448187477142,235946,368597,216158,-36.29038879227342
2017-05-07,106.952,109.04,2.8700000000000045,-2.31107850330155,107.118,109.13,2.780000000000001,-2.3549894621094047,106.526,108.36,2.6700000000000017,-2.085640457733486,106.79599999999999,108.46,2.6499999999999915,-1.8900977318827192,307553,441949,206687,27.506779675425694
2017-05-14,106.854,107.35,1.4599999999999937,0.2334267040149393,107.494,107.96,0.9599999999999937,0.5588673621460454,106.502,107.2,1.480000000000004,0.5157055789967155,106.908,107.56,1.769999999999996,0.5424616535727631,251146,330670,152849,19.437972946127033
2017-05-21,107.385,108.0,1.2199999999999989,-1.1296296296296287,107.68,108.43,1.3300000000000125,-1.2265978050355182,107.16499999999999,108.0,1.4000000000000057,-1.2962962962963016,107.44999999999999,108.08,0.980000000000004,-0.9067357512953405,179799,229787,77375,-31.619717390452898
2017-05-28,107.876,109.04,1.8400000000000034,0.680970149253735,108.418,109.62,1.9100000000000108,0.11099805753399736,107.602,108.87,2.1200000000000045,0.32664489034063865,108.19,109.37,1.8299999999999983,-0.11123470522802219,201293,274772,104296,-6.189545147361525
2017-06-04,106.772,107.88,2.1700000000000017,-1.2181513855309674,107.118,108.03,1.7600000000000051,-1.2681662501157127,106.38,107.53,2.180000000000007,-1.320561703710594,106.66,107.8,2.0600000000000023,-1.2523191094619615,285982,433390,306253,89.07362264683414
2017-06-11,105.828,107.13,2.530000000000001,-2.1789956046011523,106.066,107.41,2.700000000000003,-2.513732427148313,105.462,106.7,2.3299999999999983,-2.1836925960637283,105.898,107.41,2.7099999999999937,-2.5230425472488536,396975,952803,803473,-75.5623145603026
2017-06-18,105.03399999999999,105.38,0.8799999999999955,0.7177033492822966,105.17999999999999,105.64,1.0900000000000034,0.9564801530368245,104.676,105.32,1.6999999999999886,1.302837290098431,104.818,105.49,1.6700000000000017,1.1173184357542003,201156,301330,194969,-47.75462117943783
2017-06-25,105.184,105.8,0.8199999999999932,0.7811011621261127,105.426,106.34,1.3100000000000023,1.2472626868513779,104.68,105.65,1.8100000000000023,1.1198315467075055,105.048,106.03,1.6899999999999977,1.425291754352396,186092,218944,53205,-24.300734434375915
2017-07-02,108.145,108.21,0.14000000000000057,0.055478502080432784,108.4925,108.78,0.6800000000000068,-0.27578599007170174,107.895,108.14,0.8499999999999943,0.0370027752081464,108.1675,108.53,1.0799999999999983,-0.28563530820971367,283732,493178,372483,-75.52709163831314
2017-07-09,109.456,110.05,1.9500000000000028,1.7668825161887243,109.87,110.68,2.220000000000013,1.8255578093306326,109.268,110.05,2.480000000000004,2.2682904155433783,109.69,110.33,2.1200000000000045,1.9591534978283012,304773,482508,282797,-51.418629328425645
2017-07-16,109.69800000000001,110.2,0.9000000000000057,-0.8166969147005496,109.812,110.2,0.75,-0.6805807622504537,109.376,109.66,0.6099999999999994,-0.5106693416013153,109.652,110.0,0.6899999999999977,-0.5363636363636395,157853,184042,57087,-31.018463176883536
2017-07-23,111.26,113.0,3.1599999999999966,2.876911871813544,111.736,113.0,2.450000000000003,2.216191768430577,111.114,112.46,2.7099999999999937,2.4692482915717484,111.534,112.84,2.710000000000008,2.460728230273321,181919,224649,83143,-28.89645954555961
2017-07-30,113.678,114.12,1.3700000000000045,-0.12267788293024935,113.88199999999999,114.38,1.5,-0.19234131841230886,113.254,113.92,1.6400000000000006,0.2905185315608753,113.772,114.19,1.4599999999999937,-0.03503547341684002,218937,371602,230327,-61.9821744769942
2017-08-06,113.258,114.26,1.8000000000000114,-1.2252756870295867,113.522,114.49,1.8199999999999932,-0.9695169883832645,112.75,114.03,2.1400000000000006,-1.1049723756906122,112.97,114.22,2.0999999999999943,-1.0418490632113446,220423,355285,243331,47.60016504766101
2017-08-13,112.48,113.4,1.4000000000000057,-0.8818342151675485,112.71,113.65,1.480000000000004,-0.6687197536295689,112.128,113.28,1.9899999999999949,-0.8121468926553688,112.31400000000001,113.28,1.8299999999999983,-0.4943502824858777,152156,184484,64382,-9.058238112790269
2017-08-20,112.566,112.93,0.7000000000000028,-0.1420454545454515,112.846,113.08,0.5999999999999943,-0.460176991150439,112.364,112.68,0.6300000000000097,-0.45309168443497255,112.61,112.87,0.6500000000000057,-0.5315850093027452,142134,188609,117062,-62.06596715957351
2017-08-27,112.1575,112.74,1.2099999999999937,1.0849098897157659,112.84,113.86,1.7600000000000051,1.5700267618198085,111.9575,112.63,1.1499999999999915,1.031575170434151,112.595,113.03,0.9500000000000028,0.8476088508208448,217456,291324,174372,146.4635063957863
2017-09-03,114.556,115.94,2.5799999999999983,2.27593507410021,114.876,116.43,2.430000000000007,2.131578947368427,114.226,115.81,2.6200000000000045,2.314692110610482,114.566,116.23,2.6099999999999994,2.2971307868333035,216498,264606,81953,-18.91948587736051
2017-09-10,116.834,117.82,1.4699999999999989,1.246025607974554,117.308,117.92,1.2199999999999989,0.9848419970882981,116.708,117.38,1.1299999999999955,0.9112792297111437,117.106,117.69,1.1499999999999915,0.9009782049081836,159384,222178,110150,-36.89198815698671
2017-09-17,120.22800000000001,120.81,1.0,0.8346548702111677,120.57000000000001,121.22,0.9899999999999949,0.8234217749313772,120.05199999999999,120.57,0.769999999999996,0.6427378964941536,120.416,120.97,0.9200000000000017,0.7579543561552529,173556,275550,164422,-48.725821085102524
2017-09-24,120.252,121.64,2.8100000000000023,-2.3100953633673154,120.534,121.8,2.3499999999999943,-1.9293924466338213,119.84,121.12,2.3000000000000114,-1.8989431968295998,120.17999999999999,121.49,2.319999999999993,-1.6648809033215166,158545,201017,85602,-35.7831600149115
2017-10-01,120.886,121.77,2.25,1.8825301204819278,121.316,122.12,1.7600000000000051,1.4622798271851156,120.628,121.6,2.089999999999989,1.7488076311605631,121.138,121.87,1.5300000000000011,1.1052019278710306,140071,159858,51852,-4.915612606187992
2017-10-08,123.512,123.86,0.5600000000000023,-0.45212336508961914,123.75200000000001,124.18,0.6800000000000068,-0.5475922048639127,123.244,123.82,0.8099999999999881,-0.6541754159263351,123.526,124.08,0.8900000000000006,-0.5319148936170185,250506,472370,371029,-78.54626669771578
2017-10-15,123.394,123.9,0.7400000000000091,-0.11352578657151019,123.664,124.32,1.029999999999987,-0.3072693458397311,123.152,123.84,1.230000000000004,-0.4627374573794507,123.42399999999999,124.26,1.490000000000009,-0.4379206876976776,124372,154423,47083,43.863424632010435
2017-10-22,123.768,124.25,1.0100000000000051,0.2905803535394297,124.004,124.44,1.2000000000000028,0.34674623014272443,123.38,124.07,2.049999999999997,0.3802588996763745,123.738,124.39,2.049999999999997,0.41168873103003323,129657,176532,74694,-14.854069623528883
2017-10-29,124.86800000000001,125.51,1.5300000000000011,1.2340700112921448,125.18599999999999,125.75,1.6099999999999994,1.2969228290639596,124.63,125.34,1.6700000000000017,1.3503679146114673,124.998,125.63,1.6299999999999955,1.3145161290322545,135287,194195,90771,-6.324780131694548
2017-11-05,125.788,127.12,2.3200000000000074,-1.499013806706119,126.394,128.11,3.210000000000008,-1.3647058823529372,125.29599999999999,127.05,2.6400000000000006,-0.6290309738036517,126.212,127.98,3.490000000000009,-1.404362152832255,219639,335107,211956,-53.222702002643935
2017-11-12,123.89,125.35,2.3999999999999915,-1.1966493817311528,124.424,125.44,1.789999999999992,-0.7174744897959116,123.596,124.72,2.230000000000004,-0.6975625400898048,124.096,124.87,1.5799999999999983,-0.4644830623848789,146355,212584,106127,-34.285436231813534
2017-11-19,126.0,126.3,1.0999999999999943,0.8067092651757116,126.33500000000001,126.62,0.7000000000000028,0.381194409148669,125.64750000000001,125.87,0.8100000000000023,0.6476891092275726,125.9725,126.08,0.29999999999999716,0.15900779138177998,110296,163558,105883,-35.94137859352646
2017-11-26,125.922,126.6,1.8999999999999915,-1.4307169393723833,126.298,127.1,2.1499999999999915,-1.5831758034026395,125.196,126.32,2.6399999999999864,-2.0661811272957564,125.626,126.96,3.039999999999992,-2.3944549464398173,156898,243396,142395,140.9837526361125
2017-12-03,123.758,124.19,1.1899999999999977,0.12092873266687477,124.078,124.84,1.5600000000000023,-0.5206664530599212,123.27,124.02,1.3900000000000006,0.47916835864533697,123.684,124.45,1.480000000000004,0.20213454075032342,122878,190275,100553,-52.84614373932466
2017-12-10,125.072,126.87,2.950000000000003,2.380568108457071,125.526,127.44,2.9200000000000017,2.345004818503053,124.862,126.74,2.9399999999999977,2.374798061389336,125.166,127.32,3.069999999999993,2.4708249496981836,164249,339479,256306,46.12863394527065
2017-12-17,127.9675,128.24,0.730000000000004,0.4783938514626299,128.1225,128.44,0.7399999999999949,0.5011746280344562,127.4825,128.06,1.2600000000000051,0.741324921135645,127.81,128.32,1.309999999999988,1.031414849224461,112874,180859,105049,-16.607081962885147
2017-12-24,128.13,128.44,0.46999999999999886,0.3437499999999982,128.3325,128.44,0.28000000000000114,0.2184769038701632,127.58,127.87,0.7600000000000051,-0.5554686277577795,127.9125,128.27,1.1000000000000085,-0.632911392405065,87703,122122,73605,151.7097099985572
2017-12-31,130.90200000000002,133.98,6.549999999999983,5.14007690496742,131.898,134.79,6.359999999999985,4.952113992057918,130.746,133.62,6.450000000000003,5.071950931823545,131.858,134.77,6.400000000000006,4.985588533146378,134873,162349,78804,57.23741696091926
2018-01-07,135.9825,136.73,2.9099999999999966,2.144671947392023,136.3075,137.29,3.4599999999999795,2.5181200029888484,135.3125,136.44,3.3499999999999943,2.517093695995187,136.0575,137.2,3.4799999999999898,2.602452886628769,204932,389548,287980,-31.505796192518563
2018-01-14,139.59,140.62,1.6500000000000057,-0.16522988505746392,139.90200000000002,140.99,1.6800000000000068,-0.071684587813616,138.738,139.65,2.0600000000000023,0.7922087361000097,139.314,140.72,2.75,1.0364572008407675,249510,394997,224363,-3.222782230727809
2018-01-21,139.576,139.95,0.5999999999999943,0.22917711093604037,139.784,140.46,1.0200000000000102,0.5944281314903763,138.704,139.46,1.75,0.36703850305866814,139.116,139.56,1.3799999999999955,0.17949454336588166,248290,319295,154464,51.4005253866081
2018-01-28,138.214,139.98,4.47999999999999,-3.200457208172589,138.62800000000001,140.27,4.159999999999997,-2.9657089898053726,136.504,139.25,7.939999999999998,-5.701974865350088,136.978,139.62,7.689999999999998,-5.507806904454947,235767,313861,143844,44.51054150992914
2018-02-04,136.962,138.2,3.8499999999999943,2.53814663193152,138.666,139.48,1.8400000000000034,-0.2437625466016658,134.86599999999999,136.85,3.819999999999993,2.656660412757968,137.07999999999998,138.76,4.329999999999984,0.0,361388,513279,295483,-50.29603782738043
2018-02-11,134.4425,135.93,3.1899999999999977,1.364653243847884,135.74,136.76,1.4699999999999989,1.0865548081898138,133.9975,135.9,3.740000000000009,1.5695067264573948,135.4975,136.2,1.1599999999999966,0.8590047393364905,234978,300097,141410,-47.12143073739491
2018-02-18,136.11599999999999,137.37,1.75,1.230655858511434,136.986,138.56,2.3700000000000045,1.4422724943260845,135.588,137.06,2.259999999999991,1.2259970457902485,136.268,138.43,3.6299999999999955,1.8991534781008559,129759,148058,46132,-2.596556537924616
2018-02-25,133.17,137.73,8.560000000000002,-6.120670877804384,133.976,137.95,7.219999999999999,-4.73359913011961,131.53,136.02,7.420000000000016,-5.190413174533158,132.518,136.03,5.640000000000015,-3.712416378739992,221253,444166,308592,7.094018794474398
2018-03-04,129.804,131.68,3.0600000000000023,-1.2454434993924777,130.556,131.84,2.030000000000001,-0.6371359223300996,129.156,130.74,2.8800000000000097,-0.535413798378474,130.152,131.34,1.7800000000000011,-0.7613826709304096,266015,473064,329074,-26.152157635063748
2018-03-11,130.334,131.21,2.0500000000000114,-1.1480177560079596,130.628,131.21,1.8600000000000136,-1.3875123885034637,129.322,129.93,2.680000000000007,-1.858707388554679,129.628,130.39,2.549999999999983,-1.661538461538459,132735,179586,88216,3.1066456150423423
2018-03-18,127.774,129.29,3.019999999999996,-1.7736289381563712,128.49,130.2,3.4799999999999898,-1.4684287812041052,126.81,128.87,4.410000000000011,-2.5443510737628463,127.472,129.28,4.780000000000001,-1.5009671179883928,147771,223184,154104,129.72785176606834
2018-03-25,129.16,130.0,1.789999999999992,-0.409329626197097,129.9375,130.95,2.0,-0.8915533010529744,127.655,129.08,3.230000000000018,-1.3328106624853022,128.5925,130.37,3.780000000000001,-1.132458606685402,280334,348488,183337,-25.198834463297963
2018-04-01,126.558,127.34,1.3700000000000045,-0.6765793407285025,127.602,128.47,1.9599999999999937,-0.9729898030668639,125.96000000000001,126.93,2.480000000000004,-0.9375984872360524,127.01,128.35,2.9799999999999898,-1.6984807167900215,344111,437292,204230,0.03861633385107825
2018-04-08,128.516,129.16,1.1799999999999926,0.9220190654789753,128.874,129.34,0.8100000000000023,0.6302030654321966,128.142,128.71,0.9900000000000091,0.7435817157169715,128.41,128.82,1.009999999999991,0.4366131295805413,166008,314229,225215,-56.31784462923537
2018-04-15,129.10999999999999,129.47,0.6800000000000068,0.2946193208249526,129.308,129.63,0.8400000000000034,-0.030909512402435703,128.614,129.02,1.0200000000000102,0.1789743988794788,129.04,129.34,0.8499999999999943,-0.20875212617907085,170811,214614,96986,-32.424110117884965
2018-04-22,131.05599999999998,131.4,0.9000000000000057,0.5823754789271961,131.454,131.87,1.2300000000000182,0.9185548071035037,130.49,131.11,2.030000000000001,1.340254105980779,130.834,131.61,2.140000000000015,1.16629334981076,144198,181551,75713,17.438954047298598
2018-04-29,130.584,131.4,1.5,0.543270334379071,131.158,131.94,1.4099999999999966,0.7175572519083953,130.008,131.15,2.0500000000000114,0.768344218209758,130.818,131.51,1.3999999999999773,0.4123081621745377,117551,127114,17646,-10.057360473991077
2018-05-06,136.028,138.35,7.719999999999999,5.6725101431524125,136.512,138.68,7.700000000000017,5.70316078790655,135.832,138.15,7.700000000000017,5.787658106554245,136.358,138.39,7.489999999999981,5.530939648586693,187317,364961,266064,-26.072688673603636
2018-05-13,136.672,137.0,0.5600000000000023,0.036646144825572685,136.85,137.66,1.1999999999999886,0.08060970247690548,136.188,136.85,1.1800000000000068,0.07356727727506386,136.546,137.35,1.3100000000000023,0.1688445162237482,114663,168583,95435,-44.996907105588726
2018-05-20,133.325,136.5,6.699999999999989,-4.9084249084249,133.605,136.5,6.280000000000001,-4.600732600732601,132.7225,135.66,6.049999999999983,-4.459678608285407,133.2425,135.74,5.780000000000001,-4.258140562840725,173362,261853,155530,70.18639731534705
2018-05-27,129.688,135.25,8.61,6.136702503335159,130.162,135.29,7.61999999999999,5.83587577251036,129.028,134.18,7.820000000000007,6.188667299778416,129.498,134.28,7.579999999999998,5.982636148382003,268111,370015,189531,-34.73824280249065
2018-06-03,135.858,136.76,3.1299999999999955,2.1327546209683415,136.264,137.56,3.8100000000000023,2.8485981308411232,135.484,136.47,3.109999999999985,2.3320335932813325,135.888,137.15,3.6899999999999977,2.764873370298215,134409,233522,138857,0.6443775418581313
2018-06-10,135.56,136.24,1.5400000000000205,0.6829992576095145,135.926,136.55,1.5700000000000216,1.1631352793006533,135.16,135.59,1.200000000000017,0.8929235806235711,135.546,136.52,1.9699999999999989,1.4641397250092894,140009,225032,148241,-39.82500266628746
2018-06-17,133.266,135.8,5.950000000000017,-4.381443298969084,133.398,136.19,6.210000000000008,-4.559806153168374,132.186,135.53,7.300000000000011,-5.386261344351812,132.55,136.15,7.5800000000000125,-5.567388909291232,169350,209561,91960,29.921608014806672
2018-06-24,128.59199999999998,129.39,1.8699999999999903,-1.3537557051133395,129.152,129.9,1.8400000000000034,-1.3177159590043983,127.912,128.78,1.7800000000000011,-1.2595241797543186,128.43,129.21,2.1000000000000085,-0.9906353997368633,188547,323697,222161,-39.341294828214515
2018-07-01,129.0925,130.23,1.8999999999999773,1.4805579365697632,129.6,130.81,2.460000000000008,1.9166342033502206,128.7375,130.23,2.9799999999999898,2.341846758349697,129.1825,130.7,3.299999999999983,2.5902668759811482,92788,120832,51298,-27.934333122596826
2018-07-08,129.15,129.71,1.0300000000000011,0.4102802291376383,129.382,129.71,0.9699999999999989,0.20859085290482868,128.818,129.4,1.6200000000000045,0.3023021471203897,129.106,129.51,1.4499999999999886,0.1856579252726701,90272,120131,44841,-16.2838900866554
2018-07-15,131.732,132.61,1.8200000000000216,0.4969798914290127,132.198,132.95,1.1299999999999955,-0.08337754870007856,131.422,131.97,1.2700000000000102,0.4208110175975604,131.768,132.09,0.6400000000000148,0.21300874857360302,136652,182259,74499,-6.296075355530515
2018-07-22,133.352,134.83,3.25,1.5515553212322077,133.89,135.57,3.219999999999999,1.7945637483105468,132.75400000000002,134.8,4.990000000000009,1.959004613871873,133.512,134.98,2.769999999999982,1.810227786996513,169137,270748,152516,26.793930577170308
2018-07-29,130.778,132.5,4.039999999999992,-2.6670707682982133,131.38,133.18,4.490000000000009,-2.721294126540173,130.128,131.66,3.5900000000000034,-2.726720340270396,130.854,131.84,3.390000000000015,-2.5712985436893314,161136,198733,79411,-0.2878233609918836
2018-08-05,126.42399999999999,128.76,4.699999999999989,-3.6502019260639864,126.55199999999999,129.14,4.819999999999993,-3.732383459811053,125.71,128.47,4.989999999999995,-3.8841752938429166,125.75800000000001,128.52,5.02000000000001,-3.9060068471833254,226541,270874,79739,-15.366185015911457
2018-08-12,122.774,123.92,1.9200000000000017,-0.9360877985797261,123.342,123.92,1.3599999999999994,-0.29051000645577746,122.358,123.25,1.8299999999999983,-0.3975659229208883,122.922,123.45,1.6000000000000085,-0.14580801944107477,143394,191464,65099,-3.5536288075957287
2018-08-19,123.868,125.61,2.6599999999999966,2.1634810898739296,124.218,127.01,4.060000000000002,3.3021553477023198,123.166,125.22,3.1599999999999966,2.220408163265305,123.576,126.47,4.209999999999994,3.1818552663784008,218754,370556,277396,102.70228874009891
2018-08-26,125.96249999999999,126.85,2.25,-1.6884961338172642,126.435,127.77,2.9799999999999898,-1.809741128334249,125.345,126.74,2.9399999999999977,-1.7538290611856264,125.7225,127.48,3.4000000000000057,-1.5784881415086818,184016,249050,96471,-9.815290953689749
2018-09-02,120.458,122.17,2.6200000000000045,-2.1445526725055286,120.722,122.42,2.760000000000005,-2.254533572945601,119.89,121.65,2.6300000000000097,-2.055076037813399,120.23,122.01,2.8299999999999983,-2.319482009671337,193437,290806,186185,-57.224920681647205
2018-09-09,121.39999999999999,122.71,2.9099999999999966,2.165403514616481,121.734,123.02,2.9299999999999926,2.4398367890748545,121.04599999999999,122.41,2.8900000000000006,2.4180053547523435,121.31,122.48,2.5700000000000074,2.134756504336226,142315,172229,61754,-14.44704434212589
2018-09-16,124.754,125.42,1.0799999999999983,-0.03215951117542374,125.29,125.89,1.230000000000004,-0.5107741420590587,124.394,124.98,1.2600000000000051,-0.4425846946165584,124.804,125.32,1.3199999999999932,-0.8238022874510127,153159,266924,152933,-55.82188188398196
2018-09-23,124.836,125.32,0.8099999999999881,-0.5745292052345985,125.258,125.61,0.6200000000000045,-0.45378552663003996,124.41,124.77,0.5899999999999892,-0.28853089685020394,124.75999999999999,125.14,0.7900000000000063,-0.04804612427930996,181329,271073,123860,-13.347028630627237
2018-09-30,123.13,125.53,3.9399999999999977,-3.138691946148329,123.414,126.02,4.140000000000001,-3.285192826535471,122.23,125.44,5.060000000000002,-4.033801020408165,122.762,125.71,4.209999999999994,-3.1739718399490853,192230,272502,132991,1.666365504935288
2018-10-07,117.974,119.72,4.359999999999999,-3.6257309941520495,118.404,120.18,4.170000000000002,-3.4697953070394423,116.702,119.18,4.230000000000004,-3.5492532304077895,117.368,119.92,4.290000000000006,-3.5773849232821933,315007,454449,271726,78.944084762181
2018-10-14,117.738,118.74,1.9200000000000017,1.3053493729204004,118.166,118.75,1.3599999999999994,0.431326116373482,116.562,116.94,0.9099999999999966,-0.4618147609681059,117.172,118.04,1.720000000000013,-0.796340223653009,232434,275606,82221,-13.390129387604043
2018-10-21,115.962,116.68,1.1300000000000097,0.01727414061150114,117.758,118.57,1.8499999999999943,-0.4638610103736166,115.006,115.74,1.5999999999999943,-1.2373453318335146,116.362,117.97,3.4000000000000057,-2.2548105450538243,343543,432001,224276,38.52813852813853
2018-10-28,116.282,117.22,2.1299999999999955,-0.09548611111111062,117.046,117.81,1.8500000000000085,-0.37800687285224394,115.562,116.87,2.3200000000000074,0.07826086956522035,116.372,117.7,2.2900000000000063,-0.714039917412249,293287,397532,159134,-22.731671484006963
2018-11-04,117.57,118.21,1.0,-0.05116398055768933,118.072,119.48,2.180000000000007,-0.483583609060836,116.762,118.06,2.6700000000000017,-1.1564159671063854,117.398,119.31,3.740000000000009,-1.7094744004082372,242910,297014,163073,17.751488673395762
2018-11-11,116.592,118.34,2.8400000000000034,2.4588744588744618,117.354,118.46,2.3499999999999943,2.023942812849879,115.952,116.86,2.0600000000000023,1.794425087108016,116.618,117.14,2.030000000000001,1.7635305360090359,206186,250109,129730,-8.579459355720905
2018-11-18,119.3075,120.55,2.6099999999999994,2.2129896557571644,119.91499999999999,121.31,3.010000000000005,2.5443786982248566,118.94,120.54,3.5700000000000074,3.0520646319569185,119.38,121.27,3.9799999999999898,3.393298661437454,199224,284881,150919,-47.559858326810144
2018-11-25,121.614,123.26,2.6500000000000057,1.1322612405644976,122.28999999999999,123.82,2.239999999999995,1.3671715104379758,121.112,123.12,3.530000000000001,2.0303306538493433,121.87,123.51,2.510000000000005,2.0743801652892606,237260,323933,198317,-19.438896314978713
2018-12-02,121.31,122.27,2.0,-0.9977917723071881,121.9975,122.85,1.5799999999999983,-1.2861212861212847,119.6725,120.32,0.9199999999999875,-0.6316489361702052,120.905,121.83,1.8599999999999994,0.04963600264725536,294603,354646,148518,25.868985668364715
2018-12-09,120.98,122.35,2.3499999999999943,-0.5634736493205227,121.424,122.9,2.3900000000000006,-0.5282707387536116,120.236,121.85,2.7299999999999898,-0.683675170918787,120.54599999999999,121.89,2.3400000000000034,-0.7142263931567141,201192,322042,190086,-41.271014339744504
2018-12-16,117.892,120.88,7.429999999999993,-6.146591661151549,118.51599999999999,122.0,8.430000000000007,-6.34946812896842,116.312,119.84,8.27000000000001,-6.9008678237650285,116.722,120.01,8.200000000000003,-6.83276393633864,256474,379658,202743,84.78947484262886
2018-12-23,114.5875,116.44,3.8999999999999915,3.4654345121734416,115.8475,117.25,3.3599999999999994,2.5287558170164153,113.8525,115.78,4.659999999999997,3.842692584593229,115.405,116.34,2.6200000000000045,2.0752725993668655,246259,390580,211249,-52.70904808233909
2018-12-30,117.295,120.71,6.029999999999987,5.258109522148575,118.79,122.18,5.900000000000006,4.848536857461602,116.7,120.32,6.029999999999987,4.918032786885234,117.985,121.28,6.6299999999999955,4.299965600275198,235748,309478,153359,-8.102587648042194
2019-01-06,123.854,125.01,2.160000000000011,1.1204936667749348,124.594,126.09,2.7900000000000063,2.113702623906705,123.396,124.88,2.9200000000000017,2.066251229911455,124.036,125.39,3.0799999999999983,2.5181914806638854,157023,202934,67465,4.1098623395624125
2019-01-13,125.39750000000001,126.15,1.6600000000000108,-0.9988109393579112,126.02250000000001,126.64,1.3499999999999943,-0.6711939355653777,124.985,125.6,1.5799999999999983,-0.4782400765184077,125.5525,126.28,1.3599999999999994,-0.736458663287937,160218,172301,33636,-7.979640280671616
2019-01-20,123.142,124.0,1.7399999999999949,-1.4032258064516088,123.452,124.35,1.7800000000000011,-1.4314435062324096,122.52,123.46,1.5999999999999943,-0.975134080936131,123.02,123.72,1.25,-0.9061488673139081,118539,159764,79789,-17.351843969855537
2019-01-27,122.43,122.7,0.6000000000000085,-0.032658393207059315,123.056,123.48,0.8299999999999983,0.08955466905479072,121.96,122.33,0.6799999999999926,-0.2045993943857926,122.676,123.17,1.1700000000000017,0.5152531283225728,116543,152709,67433,21.946385852994982
2019-02-03,119.92999999999999,123.52,6.239999999999995,-4.55796632124352,120.07,123.72,6.400000000000006,-4.71225347559004,118.914,123.21,6.809999999999988,-5.0401753104455755,119.418,123.47,6.319999999999993,-5.118652304203445,215157,310712,190349,39.128303548432655
2019-02-10,119.6075,120.35,1.309999999999988,1.1004704301075168,120.155,121.23,1.730000000000004,1.1683217892013733,119.31,120.21,1.5799999999999983,0.982862903225796,119.9525,121.15,1.9000000000000057,1.143763566538658,179883,235595,124246,-20.568646430790125
2019-02-17,121.844,122.71,2.1899999999999977,1.8171257882509109,122.416,123.36,1.5900000000000034,0.9690399934302429,121.55,122.4,1.8800000000000097,1.5599070693660884,121.95,122.79,1.5500000000000114,0.7572639723434041,134927,173063,68956,14.673364903416678
2019-02-24,121.234,122.75,3.730000000000004,-3.038696537678211,121.496,123.65,4.6200000000000045,-3.7363526081682203,120.592,122.75,4.790000000000006,-3.9022403258655856,121.07000000000001,123.23,4.810000000000002,-3.90327030755498,162383,240308,137937,134.74226099188246
2019-03-03,118.032,118.5,1.6899999999999977,0.0,118.432,119.36,1.6299999999999955,0.7257383966244721,117.584,118.5,1.6899999999999977,0.491858887381274,118.064,119.13,1.8900000000000006,0.7356671740233302,135277,153030,52795,-10.064807213556788
2019-03-10,118.73400000000001,119.18,1.2800000000000011,-0.20137606981037848,119.154,119.66,1.5499999999999972,0.3355704697986506,118.43,118.81,1.3599999999999994,0.19396188227357394,118.85000000000001,119.51,1.8100000000000023,0.631525766251263,107494,150908,89435,34.61153802331911
2019-03-17,120.176,121.11,1.4899999999999949,-0.04168751042187523,120.648,121.16,0.7399999999999949,0.15768943480787778,119.422,119.83,0.8700000000000045,-0.18388498829822705,120.11,120.49,0.8199999999999932,0.6347615468136565,133829,179437,93784,59.2110025334781
2019-03-24,120.04,122.01,3.760000000000005,-2.0899926235554553,120.33200000000001,122.28,3.969999999999999,-1.7010140660778528,119.62,121.52,3.6799999999999926,-1.695194206714946,119.954,121.77,3.75,-1.5521064301552112,165667,250727,112419,1.5783613384619835
2019-03-31,121.376,122.0,1.5,1.0207468879668082,121.988,122.73,1.990000000000009,1.4493953950637735,121.238,121.88,1.769999999999996,1.3487636333361124,121.716,122.54,1.8900000000000006,1.3178615830915783,115690,155592,71024,-4.283951874865596
2019-04-07,122.104,122.44,0.75,-0.18792384998774736,122.464,122.8,0.9699999999999989,-0.2931596091205207,121.688,122.04,1.0400000000000063,-0.27880278802788305,121.93,122.4,1.3599999999999994,-0.07373422906767443,104398,138549,73122,33.11395713036711
2019-04-14,123.9,124.99,3.030000000000001,2.3368317481141427,124.27250000000001,125.42,3.200000000000003,2.1191294387170703,123.5575,124.94,3.4299999999999926,2.0327545058019907,123.7875,125.16,3.4099999999999966,1.9794661190965064,161570,189831,75703,40.65522921631852
2019-04-21,123.742,124.88,2.1299999999999955,-0.8808456117873114,123.908,124.98,1.7600000000000051,-0.7841254600736149,123.406,124.48,1.8299999999999983,-0.6908740359897168,123.688,124.94,2.0600000000000023,-0.9044341283816195,119846,169896,81998,-16.619043151169834
2019-04-28,123.062,124.21,2.589999999999989,-2.0851783270268007,123.618,124.21,1.1899999999999977,-0.9580549070123161,122.506,123.46,2.1299999999999955,-1.7252551433662688,123.148,123.65,1.0600000000000023,-0.5016181229773384,116743,155477,71454,-11.632588743029515
2019-05-05,120.31,123.0,5.0,-4.065040650406504,120.786,123.35,4.319999999999993,-3.5022294284556086,119.376,121.9,4.170000000000002,-3.3716160787530756,120.222,122.5,4.239999999999995,-3.461224489795914,184876,273300,132396,31.58163651502536
2019-05-12,118.674,119.15,1.0300000000000011,-0.6309413645158576,119.76,120.89,2.0999999999999943,-0.7933856689493809,118.452,119.0,1.1200000000000045,-0.7159100480080928,119.224,120.64,2.530000000000001,-0.8062484252960391,212478,334084,197236,14.19969601309482
2019-05-19,117.9625,118.84,1.460000000000008,0.8400509121765033,118.2775,118.88,1.019999999999996,0.41388630796519543,117.455,118.04,0.9900000000000091,0.49378511833816835,117.8975,118.55,1.230000000000004,0.2536997885835071,117407,124296,16685,-2.4787603784514385
2019-05-26,118.922,119.88,2.3799999999999955,-1.9104029365145625,119.28999999999999,120.66,2.9399999999999977,-1.980772418365656,118.44,119.38,2.280000000000001,-1.6250628245937324,118.882,119.75,2.1700000000000017,-1.0636515912897908,136040,181378,79415,-29.814767650763713
2019-06-02,121.138,123.46,4.72999999999999,3.9838288553861614,121.802,123.93,4.160000000000011,3.473323870752284,120.93,123.36,4.849999999999994,4.092481647118381,121.388,123.49,3.9499999999999886,3.3043332775639858,144034,228467,111913,-48.04588846529258
2019-06-09,124.558,125.1,0.8099999999999881,-0.1686746987951757,125.032,126.0,1.5300000000000011,-0.622754491017965,124.348,125.1,1.289999999999992,-0.4582730342498739,124.804,125.68,1.5100000000000051,-0.6560524841987305,149204,233125,147866,-44.46499872983201
2019-06-16,125.182,125.91,1.0999999999999943,0.2003044627834308,125.43599999999999,125.99,0.789999999999992,-0.23109411108454223,124.824,125.26,0.5600000000000023,0.016038492381712927,125.2,125.8,1.009999999999991,-0.46263061338438083,104983,156961,81601,30.04871824614314
2019-06-23,124.668,126.63,2.7099999999999937,1.4826093925308497,124.912,126.8,2.75,1.6188491745471998,123.844,125.32,2.1699999999999875,1.5230071289695362,124.134,125.79,2.5,1.5008472524812388,104937,179434,123414,64.13948297627107
2019-06-30,126.4,126.87,0.7199999999999989,-0.015835312747423613,127.1875,127.44,0.7999999999999972,0.15718327569946783,126.1675,126.3,0.3499999999999943,-0.08709422011084673,126.8175,127.0,0.4300000000000068,-0.10236220472440587,122865,173166,101108,-1.2814293799013663
2019-07-07,127.212,128.1,1.4799999999999898,0.9774554627147997,127.656,128.49,1.5900000000000034,1.2529550827423195,126.726,127.23,0.8599999999999994,0.6486828573688849,127.274,127.71,0.9599999999999937,0.5752561071709927,105361,131537,56619,35.497673548598286
2019-07-14,129.944,131.31,2.930000000000007,2.2433400841252498,130.46,131.6,2.280000000000001,1.747602845654206,129.518,130.86,2.5800000000000125,2.011225444340515,129.818,131.14,2.5299999999999727,1.9671876214913089,260327,411600,235574,18.92015174780959
2019-07-21,132.08599999999998,133.07,1.4099999999999966,-0.030372057706903603,132.518,133.16,1.1699999999999875,0.10606864156374449,131.804,132.24,0.8600000000000136,0.030402067340594714,132.186,133.0,1.2700000000000102,-0.015180265654656723,120189,158372,69683,28.80379110621799
2019-07-28,129.636,131.1,3.0999999999999943,-1.2814645308924537,130.352,131.45,2.259999999999991,-1.2324077596043943,128.784,130.7,2.999999999999986,-2.2953328232593617,129.41,131.13,2.829999999999984,-2.1581636543887623,162311,294742,205070,228.68899991078598
2019-08-04,128.242,129.23,1.8799999999999955,0.9571630315393167,128.828,129.59,1.8500000000000085,0.8689525598872706,127.338,128.16,2.519999999999996,1.743075453677171,128.36599999999999,129.35,2.299999999999997,0.9287682014954685,168190,290579,184192,-32.93454381832138
2019-08-11,128.202,129.67,2.6699999999999875,1.0678098207326392,128.948,129.97,2.3400000000000034,0.02308757888256206,127.678,129.5,3.4000000000000057,1.014040561622474,128.338,129.64,3.1599999999999824,0.1699891825065669,132117,184166,110299,-49.55749190783813
2019-08-18,129.808,130.93,1.960000000000008,1.1198640716713137,130.262,131.39,1.6899999999999977,1.3030069390902066,129.204,130.14,2.4199999999999875,0.922838309422255,129.434,130.78,2.950000000000003,1.3562737347903588,100341,179877,126731,143.68294136772516
2019-08-25,130.6775,131.02,0.8400000000000034,0.0,130.9375,131.29,0.7199999999999989,0.015235773596390499,130.135,130.34,0.539999999999992,-0.007672241829055474,130.47,130.63,0.3400000000000034,0.13030814042617467,85801,100470,49869,-49.39444550009501
2019-09-01,131.64,132.89,2.309999999999974,1.133942161339407,132.27,133.23,1.5900000000000034,1.0389807371454391,131.53,132.76,2.1799999999999784,1.2044518981551944,131.944,132.83,1.660000000000025,0.9576651212282583,176100,331253,233359,92.71150428013975
2019-09-08,135.502,136.78,3.1999999999999886,1.9613714627938132,135.918,137.19,3.319999999999993,1.7927840442220107,135.224,136.63,3.3100000000000023,1.6651665166516645,135.512,136.66,3.039999999999992,1.736267025894322,156022,194977,77629,5.754041180662341
2019-09-15,136.738,137.55,2.3000000000000114,-1.2773722627737227,137.41199999999998,137.89,1.2199999999999989,-0.8847632170570737,136.334,136.9,1.6500000000000057,-1.2052593133674256,136.87,137.82,1.4499999999999886,-1.0520969380351102,103546,149561,76111,-27.336671993367254
2019-09-22,136.47,137.9,4.349999999999994,-3.0137981118373114,137.1,138.41,3.7299999999999898,-2.6526924466931607,135.68800000000002,137.06,3.9499999999999886,-2.881949511162986,136.624,138.32,3.829999999999984,-2.1250272905901952,174464,238151,123636,-27.514056208036077
2019-09-29,131.998,134.63,4.039999999999992,-2.5477233900319445,132.432,134.63,3.4099999999999966,-2.05006313600237,131.156,132.98,3.2399999999999807,-1.5039855617386075,131.786,133.29,2.1399999999999864,-1.6055217945832294,178093,302000,182874,-39.10860927152318
2019-10-06,133.54,135.28,3.4099999999999966,2.585880033366191,134.072,136.22,4.060000000000002,2.5726392251816024,133.256,135.06,3.8799999999999955,2.9348986125933787,133.522,135.45,4.019999999999982,2.769535113748753,117025,152488,96503,-63.28563559099732
2019-10-13,136.5,137.18,1.2600000000000193,-0.2777777777777952,136.764,137.43,1.450000000000017,-0.4804892253931457,136.034,136.59,1.210000000000008,-0.1246517084616421,136.334,136.87,1.0999999999999943,-0.40184116314752055,133714,172679,76985,-43.5210378143573
2019-10-20,137.484,138.22,1.6200000000000045,0.9882869692532902,137.856,138.44,1.4499999999999886,1.0000729980290564,137.192,137.72,1.4199999999999875,0.9977989728539876,137.688,138.34,1.990000000000009,1.4594792812614663,119279,147871,67079,45.30646598673136
2019-10-27,138.79399999999998,140.03,2.6100000000000136,1.324167872648345,139.482,140.63,1.8899999999999864,1.3622603430877802,138.67,140.03,2.6100000000000136,1.324167872648345,139.328,140.56,2.009999999999991,1.3556388808768354,141335,166516,50685,-7.822329669155458
2019-11-03,142.632,144.95,4.319999999999993,2.8889835320840382,143.056,145.41,4.560000000000002,3.171562366964665,142.304,144.35,4.159999999999997,2.80606794387864,142.684,145.06,4.689999999999998,3.0694898394202026,152421,210624,130077,161.49204812097284
2019-11-10,144.014,144.77,1.4699999999999989,-1.0154037438695853,144.404,145.28,1.5200000000000102,-1.0462555066079366,143.556,144.03,1.1500000000000057,-0.2853563474387504,144.168,144.56,0.960000000000008,-0.6503390065033885,115418,130395,31581,9.03959526696492
2019-11-17,142.252,143.56,2.8100000000000023,-1.9573697408748971,142.722,143.56,1.6899999999999977,-0.5990526609083405,141.65,142.8,2.3000000000000114,-1.4355742296918845,142.286,142.85,1.4799999999999898,-0.21701085054252872,94865,133305,72015,-13.225310378455422
2019-11-24,141.2425,141.98,1.829999999999984,-0.4437244682349595,141.4475,142.0,1.4199999999999875,-0.45774647887324343,140.5125,141.28,1.5800000000000125,-1.1183465458663735,141.0275,141.97,1.759999999999991,-1.1974360780446494,123006,179901,93482,36.38204561496893
2019-12-01,142.62199999999999,144.02,3.5100000000000193,1.8646359689701835,142.784,144.02,3.230000000000018,1.6620498614958474,141.892,142.74,2.7900000000000205,1.3647731332618973,142.32,143.38,2.6500000000000057,0.8242734313934461,114764,175402,83875,-5.062816254449294
2019-12-08,141.656,142.61,1.7600000000000193,0.6298655343241234,142.16400000000002,142.88,1.2199999999999989,0.6988564167725604,141.234,142.18,1.950000000000017,0.8368794326241183,141.806,142.53,1.3499999999999943,0.9562260943476373,120317,150024,74087,-48.33620214582639
2019-12-15,142.09199999999998,142.98,2.4199999999999875,-0.18260991712318508,142.554,143.0,0.8799999999999955,-0.5179896402072022,141.82999999999998,142.46,1.9000000000000057,-0.4146461451964322,142.37,142.77,0.8100000000000023,-0.5673460811094784,89713,129349,59670,21.7354950256512
2019-12-22,141.58,142.0,0.6399999999999864,-0.028268551236743492,141.66750000000002,142.0,0.539999999999992,-0.15527950310558924,140.9275,141.24,0.8000000000000114,-0.5311990934202139,141.19,141.53,0.9199999999999875,-0.5164850714588862,91295,132999,66281,37.6060433466231
2019-12-29,141.27,142.0,1.4199999999999875,0.4623701806800236,141.5,142.35,1.6200000000000045,0.4903005755702393,140.65333333333334,141.53,1.4000000000000057,0.12131592093057583,141.17666666666668,142.24,1.700000000000017,0.14942365162943502,127568,174894,85175,94.93529798593386
