Date,WFC_Open_average,WFC_Open_max,WFC_Open_volatility,WFC_Open_change%,WFC_High_average,WFC_High_max,WFC_High_volatility,WFC_High_change%,WFC_Low_average,WFC_Low_max,WFC_Low_volatility,WFC_Low_change%,WFC_Close_average,WFC_Close_max,WFC_Close_volatility,WFC_Close_change%,WFC_Volume_average,WFC_Volume_max,WFC_Volume_volatility,WFC_Volume_change%
2016-01-03,51.68833333333333,53.09,2.9100000000000037,-5.481258240723306,51.92333333333333,53.27,2.940000000000005,-5.519053876478326,50.98833333333333,52.55,3.0899999999999963,-5.086042065009554,51.288333333333334,52.91,3.3499999999999943,-5.329805329805318,22204128,30425556,15665940,-26.70341859764902
2016-01-10,50.32,51.73,3.1399999999999935,-4.500786163522011,50.99,51.8,2.1599999999999966,-3.649068322981371,49.42,50.45,2.3200000000000003,-4.598612487611497,50.1375,51.36,2.539999999999999,-4.945482866043612,29158813,41090424,19076898,41.8794744747337
2016-01-17,48.5,49.25,1.9699999999999989,-0.6903553299492455,49.016,49.54,1.2999999999999972,-1.1303996770286684,47.792,48.56,1.6799999999999997,-0.7709939570744,48.153999999999996,49.02,1.3600000000000065,-1.1408421489317657,27234389,40241140,21942460,-21.651274623236308
2016-01-24,48.912,50.12,2.3699999999999974,4.9633507853403085,49.538,50.25,1.6899999999999977,3.3360790774299782,48.622,49.55,1.8900000000000006,3.9655895929500646,49.184,50.23,1.9699999999999989,3.4811438043928713,20677368,25358282,7972896,-7.99015153952848
2016-01-31,48.114,49.26,2.1499999999999986,-4.364596021112462,48.488,49.32,1.9799999999999969,-4.014598540145979,47.264,48.78,2.719999999999999,-5.576055760557603,47.808,48.83,2.3299999999999983,-4.771656768380091,31700096,47149704,23416024,21.798252695125324
2016-02-07,45.845,46.88,1.9500000000000028,0.7673755755316848,46.7225,47.38,1.8500000000000014,1.325919589392653,45.4725,46.11,1.6099999999999994,1.2789415656008782,46.2725,47.31,2.1500000000000057,1.85145317545748,27721623,32570932,12685424,-4.55683544382551
2016-02-14,48.204,48.83,1.4299999999999997,1.6233090530697214,48.602,49.34,1.2000000000000028,1.9210906837430426,47.842,48.83,1.4899999999999949,2.6487281900357327,48.276,49.19,1.4600000000000009,1.9693200663349828,18288319,20410626,3247798,-13.903787174386519
2016-02-21,48.016,48.87,1.529999999999994,-1.7188459177409379,48.264,48.92,1.240000000000002,-1.8192968111201973,47.397999999999996,47.98,1.4199999999999946,-2.2300958732805345,47.69,48.1,1.1799999999999997,-2.4532224532224527,18962067,24018058,8793328,57.756873192496684
2016-02-28,49.078,50.01,2.8699999999999974,5.579126007636831,49.746,50.49,1.7700000000000031,2.9556650246305374,48.788,49.68,2.539999999999999,4.879083580823074,49.648,50.11,1.3900000000000006,2.770935960591136,18153211,24758534,10490480,-41.89437468308907
2016-03-06,49.403999999999996,49.97,1.0300000000000011,0.725660149163474,49.698,50.13,1.0,0.8256141763995242,48.742,49.44,1.4799999999999969,1.0629599345870728,49.26,50.07,1.5600000000000023,1.6921508664628042,17136659,18542676,5738746,-29.25312127277005
2016-03-13,49.884,50.5,1.2000000000000028,2.434077079107511,50.332,50.75,0.8200000000000003,1.5203040608121583,49.484,50.17,1.3299999999999983,1.9715447154471522,50.092,50.67,1.1300000000000026,1.3805522208883652,18986691,35812068,22866463,4.616292556431314
2016-03-20,49.6125,50.21,1.1899999999999977,-2.3302131049591748,49.7575,50.58,1.5399999999999991,-3.0446816923685236,49.1925,50.0,1.4799999999999969,-2.9000000000000057,49.4325,50.37,1.6699999999999946,-3.3154655548937755,16726069,20871108,7222969,32.86897165854029
2016-03-27,48.454,48.62,0.39000000000000057,-0.41135335252981436,48.78,49.16,0.5799999999999983,0.04110996916752955,48.046,48.27,0.5,0.7525083612040121,48.402,48.65,0.6000000000000014,0.9365244536940747,16816594,24459484,12349253,-50.48860801805958
2016-04-03,47.528,48.08,0.9699999999999989,-2.0174708818635585,47.872,48.13,0.480000000000004,-0.7901850696610575,47.054,47.46,0.8400000000000034,-0.9692372524230949,47.324,48.08,1.1499999999999986,-1.0103136181856387,16091069,18297732,6061229,-17.402102074727075
2016-04-10,48.064,48.62,1.4799999999999969,1.760712770470934,48.839999999999996,49.3,1.4699999999999989,2.195274932051023,47.872,48.27,1.3200000000000003,2.044728434504779,48.536,49.03,1.259999999999998,2.239899518526272,23652698,30067892,11842056,-2.9125640561243515
2016-04-17,49.98,50.55,1.5399999999999991,2.652519893899213,50.512,50.78,0.8599999999999994,1.3621794871794866,49.768,50.12,1.1400000000000006,2.3274806043282985,50.302,50.62,0.7399999999999949,1.2630312750601351,17926259,22647670,10958539,-37.40215481121357
2016-04-24,50.525999999999996,50.87,0.5899999999999963,-0.45535537517322683,50.898,51.41,0.9499999999999957,-0.5687389684251797,50.24,50.72,1.0399999999999991,-0.594648166501495,50.566,50.93,0.9500000000000028,-0.6480754124116227,15369968,17886992,4553475,10.850693031703488
2016-05-01,49.124,49.86,1.1499999999999986,-1.6847172081829047,49.386,50.13,1.0100000000000051,-1.8152802712946412,48.89,49.54,0.8900000000000006,-1.4735567218409302,49.160000000000004,50.0,1.1199999999999974,-2.239999999999995,16533826,22402536,8525492,-14.583830623295391
2016-05-08,48.984,49.36,1.240000000000002,-1.795918367346944,49.374,49.72,1.0899999999999963,-1.777418703292255,48.656,49.08,1.1400000000000006,-2.1632653061224536,48.838,49.4,1.1599999999999966,-2.2874493927125417,18015073,25251740,11662113,38.083064372338406
2016-05-15,48.327999999999996,48.76,1.0799999999999983,1.2879102617365963,48.788000000000004,49.21,1.0399999999999991,1.4739464396927566,48.048,48.56,1.0100000000000051,1.6824395373291363,48.42,48.75,1.1300000000000026,2.267954640907193,17798945,30028164,19384179,-50.4830053750485
2016-05-22,49.9375,50.6,1.5500000000000043,3.1600407747196826,50.43,50.86,1.490000000000002,3.0180271419890663,49.7725,50.49,1.8000000000000043,3.6968576709796763,50.275,50.85,1.6499999999999986,3.3536585365853626,16873451,22482240,9051724,-19.08210946462551
2016-05-29,50.53,51.02,0.8500000000000014,-1.5288122304978462,50.903999999999996,51.19,0.8799999999999955,-0.625122094159016,50.234,50.71,1.1000000000000014,-0.5941770647653085,50.702,51.11,0.9200000000000017,-0.4534700315457352,18137416,25452560,11245902,-26.344688389606375
2016-06-05,49.45,50.73,2.5999999999999943,-5.125172481766202,49.614,50.73,2.219999999999999,-4.376108811354226,48.998000000000005,50.27,2.3100000000000023,-4.595185995623637,49.144,50.27,2.3000000000000043,-4.575293415556006,17181679,19464358,4154281,5.4867718823360585
2016-06-12,47.188,47.86,1.3900000000000006,-0.7730881738403624,47.488,48.12,1.259999999999998,-0.4571903574397317,46.53,46.92,0.9600000000000009,0.8815308535798833,46.808,46.93,0.3299999999999983,0.106655290102383,21244863,25661280,10041969,-22.99947684177415
2016-06-19,46.608,47.64,2.4399999999999977,-4.419539014590815,47.025999999999996,47.91,2.5799999999999983,-4.245880861850454,46.174,47.39,2.8900000000000006,-4.8535385931152515,46.565999999999995,47.91,2.8999999999999986,-4.700402286682191,25382441,46744064,35012439,199.14348608994916
2016-06-26,46.71,47.24,1.3500000000000014,2.593157550664628,46.9325,47.36,1.25,2.537410540013016,46.22,46.86,1.519999999999996,3.3524481693868458,46.8575,47.33,1.2299999999999969,2.0173535791757042,22483617,27525656,8512028,-30.923978705539298
2016-07-03,46.944,48.1,2.210000000000001,2.9978586723768705,47.402,48.45,1.7900000000000063,3.614200171086409,46.668,47.94,2.239999999999995,4.649639816633912,47.106,48.08,1.8699999999999974,4.0467431291928095,18993545,22213032,6204327,-27.931022653728675
2016-07-10,48.488,49.05,1.2399999999999949,-1.2598099958694742,48.692,49.15,0.8200000000000003,-0.6169031462060544,48.012,48.67,1.2600000000000051,-0.9124844462878426,48.31,48.94,1.2299999999999969,-0.14477766287487132,21259241,35120976,20731352,60.20247482951725
2016-07-17,48.376,48.65,0.5700000000000003,0.33277870216306926,48.534,48.81,0.5500000000000043,-0.5973223480947459,48.138,48.4,0.5499999999999972,-0.41623309053068835,48.344,48.61,0.490000000000002,-0.5168492867479844,14840484,16569909,4447733,-24.15555930677611
2016-07-24,47.97,48.03,0.09000000000000341,-0.1041016031646976,48.166,48.22,0.1700000000000017,-0.24911770811709474,47.768,47.95,0.3200000000000003,-0.35564853556484227,47.976,48.13,0.3200000000000003,-0.333541796956424,15143548,17886802,5324242,-0.6411444667726633
2016-07-31,47.952,48.78,1.4500000000000028,2.3499790180444915,48.244,49.05,1.4099999999999966,2.5507003972402233,47.832,48.74,1.4100000000000037,2.848702257860311,48.14,48.91,1.3399999999999963,2.5366876310272404,16109109,19064724,4402089,-12.689786802841063
2016-08-07,48.434,49.02,0.970000000000006,-1.9787841697266542,48.6,49.15,1.0700000000000003,-1.6480162767039577,48.134,48.81,0.980000000000004,-1.5980331899201006,48.304,48.93,1.0300000000000011,-1.348865726548123,13366591,16782740,6332975,12.527946800717528
2016-08-14,48.422,48.64,0.480000000000004,0.9966777408637957,48.678,48.74,0.14000000000000057,0.28806584362140036,48.28,48.5,0.4399999999999977,0.9155222638368659,48.572,48.65,0.21000000000000085,0.3922378199834947,12196001,13957611,4745048,-33.99613300585609
2016-08-21,48.618,48.75,0.25,0.2261513157894725,48.958,49.74,1.0500000000000043,2.0307692307692347,48.402,48.69,0.4099999999999966,0.6199628022318602,48.698,49.56,1.1799999999999997,2.375542243338165,16423567,21201406,7558238,37.40228396705934
2016-08-28,50.45,50.92,1.1900000000000048,1.44781821837926,50.805,51.0,0.35999999999999943,0.039494470774083766,50.0525,50.24,0.5600000000000023,1.0064412238325282,50.599999999999994,50.8,0.36999999999999744,-0.1382852627419998,19822593,25055768,12371818,-49.377125458696774
2016-09-04,49.604,50.56,2.190000000000005,-4.331487341772161,49.818,50.57,1.9299999999999997,-3.8164919912991886,49.108,49.65,1.6700000000000017,-3.3246020552085547,49.384,49.99,1.4500000000000028,-2.9005801160232103,23234848,35588432,23151171,63.00924196400942
2016-09-11,46.464,47.8,2.1799999999999997,-4.560669456066945,46.79,47.86,1.990000000000002,-3.280401170079399,45.788,46.52,1.3300000000000054,-2.235597592433375,46.214,46.96,1.5300000000000011,-2.022998296422493,50093313,61190520,27628112,-43.11505635747703
2016-09-18,46.071999999999996,47.15,1.7800000000000011,-3.7751855779427386,46.254,47.2,1.7000000000000028,-3.6016949152542432,45.379999999999995,46.12,1.4699999999999989,-3.1873373807458782,45.746,46.56,1.6799999999999997,-3.6082474226804115,42530691,64530228,35819704,-39.93837358606169
2016-09-25,44.757999999999996,45.36,1.240000000000002,-1.4958696137530738,44.946,45.48,1.3200000000000003,-2.0842572062084366,44.296,44.95,1.3900000000000006,-2.463054187192106,44.576,45.31,1.480000000000004,-2.794411177644722,38032282,54117664,29758656,56.81152532976712
2016-10-02,44.706,45.7,2.0800000000000054,4.768454837230641,45.186,45.92,1.8299999999999983,4.150601043320477,44.516,45.44,1.8900000000000006,4.339839265212401,44.98,45.65,1.8999999999999986,4.34285714285714,32208789,44008292,22203376,-50.45271013926194
2016-10-09,45.252,45.8,1.259999999999998,-2.7510917030567645,45.432,45.83,1.0700000000000003,-2.2920759659463092,44.674,45.31,1.0300000000000011,-1.8383167220376486,44.946,45.45,0.9500000000000028,-2.0902090209020963,31135513,45418600,26557322,-25.867356050920566
2016-10-16,44.954,45.45,0.7100000000000009,1.5642458100558723,45.36,45.68,0.6799999999999997,1.5111111111111104,44.775999999999996,45.29,0.8800000000000026,1.9815356901598797,45.15,45.52,0.5900000000000034,1.2680756395995556,23771943,27210558,7906750,-19.155029311619
2016-10-23,46.064,46.57,1.1099999999999994,2.045304596437211,46.396,46.81,1.0100000000000051,1.6593886462882208,45.798,46.26,0.8500000000000014,1.2992732878220732,46.104,46.41,0.6899999999999977,0.6342957130358686,22448581,25661020,5545088,-1.4022146443203738
2016-10-30,45.482,46.12,0.8999999999999986,-1.9514310494362503,45.738,46.28,0.8599999999999994,-1.2748487467588665,45.124,45.6,1.1099999999999994,-0.8552631578947381,45.314,45.99,1.3900000000000006,-1.2828875842574545,21546103,27391608,12408862,28.71698159198841
2016-11-06,48.688,51.91,6.729999999999997,14.895971668880028,50.482,54.06,8.240000000000002,17.98341335661284,48.46,51.91,7.039999999999999,15.689770447960774,50.022,53.22,7.68,16.86429512516469,58763156,100988800,81526180,203.93866807243833
2016-11-13,52.172000000000004,52.85,1.4600000000000009,0.8972890416189363,52.724,52.98,0.8099999999999952,0.7415858528237183,51.574,52.02,1.0600000000000023,0.9313154831199146,52.34,52.82,1.1400000000000006,-0.8937060277619432,29780116,39437912,15850740,-40.19163083481702
2016-11-20,52.3475,52.44,0.3200000000000003,-0.5912645432004621,52.5775,52.63,0.15000000000000568,-0.19018638265500462,51.7975,52.04,0.6499999999999986,-0.8106543138390304,52.144999999999996,52.62,1.0399999999999991,-1.2255840674071248,19748374,26518494,16882749,16.222822497423188
2016-11-27,53.062,54.24,2.6799999999999997,4.538401861908449,53.712,54.53,2.3999999999999986,4.603874928064451,52.82,53.87,2.309999999999995,4.48021722265321,53.410000000000004,54.35,2.490000000000002,4.801388353258777,25029222,35623052,19355786,52.41591303664672
2016-12-04,56.14,57.29,2.8399999999999963,3.764921946740123,57.044000000000004,58.02,2.450000000000003,2.7532841461220103,55.64,56.71,2.490000000000002,2.452969383991144,56.608,57.29,1.740000000000002,0.41404140414042123,33073918,46616968,26285782,-9.18530138144588
2016-12-11,55.286,55.85,1.1099999999999994,-1.1996418979409162,55.839999999999996,56.25,0.7800000000000011,-1.3164917274506351,54.758,55.29,1.259999999999998,-1.157533007777176,55.258,55.84,1.1400000000000006,-1.1103151862464264,32053058,54590640,37789212,-31.01604725984539
2016-12-18,55.775,56.09,0.6200000000000045,0.5588606453939108,56.105000000000004,56.32,0.3400000000000034,-0.6036931818181879,55.475,55.63,0.480000000000004,0.8522212148685383,55.88,56.1,0.39000000000000057,-0.24955436720142704,14033054,19245332,10932346,-56.805182680142906
2016-12-25,55.489999999999995,55.98,1.0899999999999963,-1.8067978533094777,55.75,56.1,0.740000000000002,-1.3190730837789697,55.095,55.84,1.3600000000000065,-1.8803724928366838,55.305,55.95,1.1099999999999994,-1.5013404825737326,12633009,15933472,7039532,69.72810700319543
2017-01-01,55.452,56.16,1.4799999999999969,-1.778336626549312,55.772,56.35,1.5399999999999991,-2.7329192546583836,54.886,55.61,1.4299999999999997,-2.307969707897586,55.302,56.05,1.8099999999999952,-3.1428571428571392,19288306,22063790,7027642,-1.2225007580293321
2017-01-08,54.6775,55.11,0.759999999999998,1.3983440662373468,55.24,56.2,1.4200000000000017,1.84849583182313,54.1325,54.65,0.9299999999999997,0.7187615186140814,54.8075,55.31,0.8100000000000023,1.263273526180895,24219251,37231592,19253372,107.09276001739883
2017-01-15,54.456,54.8,1.019999999999996,-0.16423357664232904,54.826,55.11,0.8200000000000003,0.07278020378456905,53.91,54.62,1.279999999999994,1.0638297872340432,54.39,55.07,1.2899999999999991,0.8739308293045721,22091252,26974416,9747032,-36.134357830026794
2017-01-22,55.9,57.03,2.6700000000000017,3.237674760853565,56.532,57.33,2.259999999999998,2.2698383875068093,55.632,56.59,2.460000000000001,2.9927951228523875,56.234,57.18,2.479999999999997,2.522851919561235,21538551,32252076,16290687,-13.830878554868757
2017-01-29,56.408,57.08,1.519999999999996,1.964987495534122,56.82,57.41,1.4499999999999957,1.8268889677190387,55.978,56.49,1.0900000000000034,1.236559139784955,56.362,57.27,1.5200000000000031,0.39055565418071875,18086231,22409080,9364631,-37.79236809364775
2017-02-05,56.628,57.07,1.0900000000000034,0.3693281744635963,56.944,57.51,1.2999999999999972,0.559538380835811,56.13,56.89,1.730000000000004,1.1018304602807845,56.528,57.08,1.4499999999999957,1.313454029108972,15406159,18592180,6324077,2.596519171549091
2017-02-12,57.792500000000004,58.36,1.2299999999999969,0.7876772273761521,58.3675,59.01,1.009999999999998,0.17241379310345073,57.46,57.89,0.8999999999999986,0.8071591507281994,58.185,58.55,0.5700000000000003,0.18972059330804855,18052740,25350372,10655871,-3.6600881030701786
2017-02-19,58.038000000000004,58.43,0.7299999999999969,-0.7553648068669488,58.394,58.63,0.720000000000006,-0.6481323554494329,57.798,58.06,0.740000000000002,-0.32815198618307034,58.194,58.49,0.6799999999999997,-0.3261802575107257,13916487,16916750,6815715,-40.289742415061994
2017-02-26,58.854,59.78,1.7899999999999991,0.9484393861010469,59.244,59.99,1.6700000000000017,0.9602194787380012,58.446,59.09,1.3600000000000065,0.7794907327212938,58.764,59.73,1.8499999999999943,1.2612301313061451,17405887,25912728,12687260,-14.99732243006632
2017-03-05,58.728,58.98,0.5499999999999972,0.6845798391237353,58.946,59.18,0.6599999999999966,0.8714969241284997,58.284,58.52,0.5,0.8617718028266115,58.552,58.85,0.6400000000000006,0.6861063464837147,14543259,15721476,2621599,7.355756088396861
2017-03-12,58.818,59.37,0.8999999999999986,-0.03419387929561143,59.082,59.41,0.9399999999999977,-0.5781329705832399,58.3,58.76,1.1400000000000006,-1.0645604395604473,58.618,59.32,1.6899999999999977,-1.9230769230769154,17155887,20985674,10100643,62.27049789752551
2017-03-19,55.764,57.93,3.299999999999997,-5.6965302951838375,56.23,57.96,2.3900000000000006,-4.106280193236719,54.984,55.63,1.3900000000000006,-2.498651806579185,55.53,55.85,0.6000000000000014,-0.8236347358997329,23297890,31766384,14911624,-46.94152157828225
2017-03-26,55.738,56.02,0.6700000000000017,0.6323396567299032,56.152,56.43,0.6099999999999994,-0.7644444444444439,55.362,55.62,0.8299999999999983,-0.8146270818247697,55.804,56.24,0.75,-0.8398856325947085,12745979,14878890,4549777,-2.2054803819370936
2017-04-02,55.194,55.79,0.8500000000000014,-0.5605786618444759,55.548,56.2,0.9500000000000028,-0.14458702331465442,54.708,54.98,0.6599999999999966,-1.2004365223717655,54.986,55.37,0.8299999999999983,-1.1956521739130501,14038623,17411708,7024172,22.36946024916732
2017-04-09,52.905,54.23,2.5899999999999963,-4.775954268854871,53.4475,54.26,1.509999999999998,-2.7644673792849246,52.2325,53.27,2.010000000000005,-3.7732307114698798,52.8375,54.16,2.809999999999995,-2.65878877400295,33407272,47981952,22380686,13.78671242574629
2017-04-16,53.1,54.15,1.7899999999999991,3.418640183346064,53.514,54.34,1.6800000000000068,3.1902772502848595,52.622,53.59,1.5400000000000063,2.8796314071798808,52.95,53.65,1.5,2.2878932316491816,24251816,31552904,14138282,7.184824331763048
2017-04-23,54.38,54.6,0.5,-0.42333885514448166,54.828,55.09,0.5100000000000051,-0.6171719005264175,54.052,54.36,0.6300000000000026,-0.5894271504881199,54.368,54.56,0.7199999999999989,-0.18328445747800845,17474519,27061300,13145493,-48.57672395635095
2017-04-30,54.822,55.27,1.2600000000000051,1.2118986412045476,55.154,55.6,0.990000000000002,1.2451931880607943,54.502,54.88,0.9299999999999997,1.2763596004439468,54.944,55.18,0.6400000000000006,0.9167583425009168,15149527,17054068,3975285,-8.90355682019364
2017-05-07,54.042,55.14,2.0799999999999983,-3.772216177003987,54.286,55.37,2.049999999999997,-3.539823008849559,53.486000000000004,54.45,1.9100000000000037,-2.6262626262626254,53.896,54.72,1.6999999999999957,-2.48719824433065,21477514,32200088,17797220,5.847300690390275
2017-05-14,52.718,53.4,1.3599999999999994,-0.24344569288388662,53.142,53.44,0.7899999999999991,-0.22455089820358803,52.288000000000004,52.95,1.3000000000000043,-0.8498583569405153,52.79,53.26,1.019999999999996,-0.4693954187007135,19291044,33173088,20523022,10.252009752360186
2017-05-21,53.095,53.49,0.8599999999999994,-0.7168458781361922,53.307500000000005,53.61,0.7999999999999972,-1.4002987303958176,52.6475,52.85,0.480000000000004,-0.9082308420056839,52.917500000000004,53.39,0.980000000000004,-1.835549728413568,13501659,16643765,5280351,21.239624603004888
2017-05-28,51.86,52.23,0.6999999999999957,-0.8627300613496851,52.276,52.5,0.3200000000000003,-0.60952380952381,51.396,51.9,1.0700000000000003,-0.4624277456647437,51.782,52.16,1.019999999999996,-0.8435582822085846,20808453,30519660,16855890,-29.494506732913223
2017-06-04,52.4,53.98,2.6599999999999966,5.18316445830085,53.182,54.59,2.5600000000000023,4.920238324043825,52.312,53.94,2.6999999999999957,5.269320843091326,52.870000000000005,54.09,2.280000000000001,4.400694846554721,20619084,25749954,10862416,53.09032292646373
2017-06-11,54.144,54.35,0.4200000000000017,-0.07359705611775372,54.532000000000004,54.69,0.44999999999999574,-0.09142439202778782,53.886,54.28,0.7100000000000009,-0.29476787030214385,54.202,54.53,0.6400000000000006,-0.38567493112947815,18126636,23492702,8125449,-14.464681959352719
2017-06-18,53.152,54.06,1.3599999999999994,-2.4602293747687853,53.344,54.09,1.2600000000000051,-1.220188574597899,52.67,53.42,1.2000000000000028,-1.5537251965555938,52.856,53.46,1.009999999999998,-1.047512158623274,15207885,21868452,9335640,-7.997469140003114
2017-06-25,54.824,56.03,3.009999999999998,5.262165220671442,55.436,56.6,2.940000000000005,5.199403652627668,54.502,55.71,2.8000000000000043,5.292005292005301,54.891999999999996,55.78,2.6200000000000045,4.92851768246803,19117230,32552120,20726809,-12.381401250175232
2017-07-02,55.815,55.98,0.44999999999999574,-0.7861354296944751,55.995000000000005,56.32,0.509999999999998,-0.37486611924312896,55.355000000000004,55.5,0.259999999999998,0.0,55.667500000000004,55.78,0.21999999999999886,-0.340623879526708,12762618,14481179,3502216,-22.06249914370683
2017-07-09,55.012,55.66,1.3499999999999943,-1.365432985986342,55.36,55.71,0.730000000000004,-1.3103572069646454,54.608,55.06,0.9400000000000048,-0.6931776723823468,55.102000000000004,55.6,0.8900000000000006,-0.599563953488369,14779844,17949644,5998117,0.7471151962942569
2017-07-16,54.52,54.96,0.8599999999999994,-0.3866691217087108,54.894,55.31,0.9000000000000057,-0.9286234522942555,54.348,54.69,0.6499999999999986,-0.35035957956850033,54.612,54.94,0.769999999999996,-0.967153284671522,15393469,18489860,6123663,35.921432259597346
2017-07-23,54.58,55.32,1.8999999999999986,-2.8727272727272695,54.897999999999996,55.41,1.1899999999999977,-2.1476267821692794,54.138,54.91,1.7299999999999969,-2.7499544709524644,54.384,55.06,1.7600000000000051,-2.0341445695604876,22035210,32590568,15237922,1.042392451029451
2017-07-30,53.534,54.23,1.5,-2.7659966808039833,53.732,54.39,1.4399999999999977,-2.647545504688358,52.996,53.85,1.9400000000000048,-2.636954503249771,53.296,54.08,1.5399999999999991,-2.847633136094673,25097066,44664560,25314300,17.175066381536993
2017-08-06,52.238,52.39,0.5600000000000023,0.09556574923546857,52.826,53.3,1.0899999999999963,-0.39399624765477254,52.072,52.34,0.6000000000000014,0.22979701263884442,52.446,52.84,0.9000000000000057,0.24663251754885707,17782013,24877808,10246245,-34.426598195468024
2017-08-13,52.410000000000004,53.2,1.5700000000000003,-2.7443609022556403,52.65,53.36,1.4500000000000028,-2.7173913043478315,51.972,52.83,1.4499999999999957,-2.706795381412076,52.168,52.85,1.1700000000000017,-1.9489120151371828,13940105,17130640,6102539,22.442567401223474
2017-08-20,52.038000000000004,52.27,0.44000000000000483,0.0,52.374,52.57,0.5499999999999972,-0.4782858236081882,51.786,52.03,0.6099999999999994,-0.963020030816641,51.962,52.22,0.5899999999999963,-1.129835312140935,12616478,15307840,5288316,-4.299149837239418
2017-08-27,51.182500000000005,51.46,0.46000000000000085,-0.2929115407147014,51.4925,51.74,0.5,-0.019417475728151477,51.0325,51.2,0.3300000000000054,-0.3911597887737196,51.205,51.42,0.45000000000000284,-0.875145857642946,15897973,25231148,14515632,51.347709247039525
2017-09-03,50.086,50.63,1.0200000000000031,-1.244321548489043,50.332,50.8,0.8599999999999994,0.25656206828497224,49.592,49.94,0.6699999999999946,0.36173633440514413,49.98,50.66,1.0799999999999983,1.1177644710578745,23687066,31251308,13264256,-42.443842670521185
2017-09-10,51.346000000000004,51.67,0.8200000000000003,1.6125860373647989,51.896,52.84,1.3300000000000054,2.1457568142277337,51.192,51.61,0.769999999999996,1.5145554681353186,51.738,52.71,1.4200000000000017,2.210587550901688,18584810,28494344,15877013,22.264993050599852
2017-09-17,53.53,54.07,1.3500000000000014,2.560698027314115,54.126,54.36,0.769999999999996,1.3808546370591432,53.326,53.75,1.2199999999999989,1.9417475728155265,53.89,54.25,0.8900000000000006,1.2556221889055503,16892396,21560420,9964536,-31.976933403132566
2017-09-24,54.454,55.16,1.0599999999999952,1.9593345656192147,54.768,55.47,1.1899999999999977,2.1923360353721404,54.098,54.85,1.1099999999999994,2.0275297619047685,54.576,55.47,1.6700000000000017,3.1040892193308585,15012330,20872334,9107918,-2.3899187385811693
2017-10-01,55.348,55.62,0.6199999999999974,0.524127959515632,55.624,55.77,0.4200000000000017,0.14383315354190113,54.934,55.22,0.4399999999999977,0.12762078395624482,55.33,55.58,0.6199999999999974,-0.7916516732637598,13838351,17405088,6253863,-34.633855341610456
2017-10-08,54.728,55.69,2.1999999999999957,-3.1063752934802222,54.964,55.72,2.009999999999998,-3.14070351758794,54.346000000000004,55.26,2.4199999999999946,-3.136899365367175,54.794,55.66,1.9699999999999989,-3.254810285919803,19764711,35310028,22509492,78.13619679675914
2017-10-15,53.891999999999996,54.75,1.6400000000000006,1.4264542423119733,54.422,55.07,1.1400000000000006,1.9259259259259243,53.636,54.7,1.7000000000000028,2.974397590361456,54.036,54.92,1.730000000000004,3.233690543335211,19879652,28407666,15737956,-2.75357410771134
2017-10-22,55.324,55.49,0.490000000000002,0.8181818181818233,55.862,56.17,0.6099999999999994,0.7199424046076288,55.152,55.45,0.5800000000000054,0.5636363636363678,55.602,55.87,0.6199999999999974,0.7758931793576321,16272645,18779388,6530189,-34.7731725868809
2017-10-29,56.084,56.32,0.5200000000000031,0.26809651474530577,56.550000000000004,56.84,0.4100000000000037,-0.15923566878981493,55.868,56.19,0.8399999999999963,0.17889087656529773,56.272,56.48,0.3399999999999963,0.0712504453152817,12478311,15630001,5580828,-28.758652424087852
2017-11-05,54.482,56.17,2.6499999999999986,-4.7178209008367435,54.702,56.29,2.3800000000000026,-4.2281044590513455,53.826,54.67,1.4600000000000009,-2.304737516005131,54.168,55.05,1.3299999999999983,-2.415985467756582,18856744,24438824,10991805,-28.01020971928786
2017-11-12,53.886,54.21,0.6899999999999977,1.1210762331838457,54.35,54.86,0.759999999999998,0.20332717190388064,53.696,53.97,0.6499999999999986,0.9939984996249084,54.118,54.6,0.8500000000000014,0.01850481125092156,19637669,26361824,10547003,-18.660547562407874
2017-11-19,54.1875,54.46,0.4399999999999977,-0.11094674556212125,54.4925,54.62,0.30999999999999517,-0.21986075485525367,53.9675,54.02,0.1600000000000037,-0.24078533061678561,54.155,54.52,0.5700000000000003,-1.0454878943506976,10407998,13757036,8370547,-19.55528065783938
2017-11-26,56.116,57.27,3.4000000000000057,6.311490625580111,57.128,57.99,2.1000000000000014,3.7573805689747743,55.688,57.2,3.480000000000004,6.4780342516753615,56.462,57.39,1.8200000000000003,3.2751484614000366,29252834,31242412,5557244,11.816998822043912
2017-12-03,58.728,59.71,2.0600000000000023,2.8100607111882128,59.546,60.0,0.8999999999999986,-0.18515401447567656,58.324,59.15,1.7100000000000009,2.0543175487465177,58.932,59.36,0.8100000000000023,0.5465414175918024,27479508,39754880,23878288,-60.063790910700774
2017-12-10,59.692,60.44,1.7299999999999969,2.9466871061147963,60.566,61.13,1.1400000000000006,0.9412153236459714,59.404,60.37,1.6599999999999966,2.8274569919945436,59.948,60.92,1.7000000000000028,0.9779545831261452,22887376,36467524,21736554,-20.245372704742625
2017-12-17,61.19,62.0,1.3200000000000003,1.3071895424836555,61.675,62.24,1.1700000000000017,1.5831565203198936,60.5525,61.19,1.1299999999999955,1.509621765096212,60.915,61.61,1.4699999999999989,1.971504307488399,16847778,22130652,10477410,-31.703475577979496
2017-12-24,61.27,61.49,0.46000000000000085,-0.048788420881445985,61.4625,61.72,0.4799999999999969,-0.2268308489954643,60.76,60.91,0.25,-0.21381578947367674,61.0125,61.3,0.6299999999999955,-0.7524946834614769,10733954,11662751,1651931,-8.157312112725377
2017-12-31,61.931999999999995,62.76,1.7199999999999989,2.653997378768017,62.342,63.05,1.6999999999999957,2.2493887530562273,61.548,62.09,1.3900000000000006,2.0428336079077343,61.954,62.75,1.6599999999999966,1.5550826649206018,15310153,18740512,4921219,12.664005314888396
2018-01-07,62.9075,63.65,1.3500000000000014,1.444622792937409,63.31,63.67,0.8999999999999986,1.0036641707822136,62.2925,62.69,0.6400000000000006,-0.03222168519414069,62.735,63.12,0.8599999999999994,0.4657886283327966,20458783,25886120,10119628,64.18439815274064
2018-01-14,63.532000000000004,64.15,1.3600000000000065,1.9270584487975806,64.102,64.75,1.6000000000000014,2.5336500395882844,63.264,63.97,1.7999999999999972,2.8952871159723292,63.856,64.73,2.230000000000004,3.5680000000000063,17375141,23892880,11647719,-31.62102227489205
2018-01-21,65.32600000000001,65.89,1.5799999999999983,2.285803141035607,65.736,66.31,1.460000000000008,2.2513492675404905,65.066,65.66,1.4399999999999977,2.2422921208346276,65.474,65.93,1.440000000000012,2.0623352457745363,16608638,20180270,7243140,24.488112896755307
2018-01-28,64.02,65.43,6.730000000000004,-10.28580162005197,64.708,66.1,6.209999999999994,-9.161231609282583,63.366,65.28,7.780000000000001,-11.917892156862747,63.76,65.78,7.6200000000000045,-10.906862745098046,34464830,103394440,87676817,539.8611884507385
2018-02-04,56.736,57.33,1.1899999999999977,-0.9664382358109246,57.544,58.5,1.9600000000000009,-2.3589743589743635,55.714,56.75,2.030000000000001,0.017898693395391296,56.57,57.54,2.1400000000000006,-1.3617318435754209,49100684,83076896,58675604,-70.62806487136929
2018-02-11,58.35,59.82,3.759999999999998,6.439529075990009,59.555,60.43,2.3399999999999963,4.028232053709754,58.1425,59.67,3.719999999999999,6.648793565683643,59.38,60.02,2.020000000000003,3.3620689655172464,22243820,24234222,5572292,-22.993484172918777
2018-02-18,59.684,59.88,0.8100000000000023,-0.18376211159371772,60.234,61.27,2.030000000000001,-2.0727925575322392,59.098,59.78,1.4299999999999997,-1.3884242221478726,59.526,59.97,1.1599999999999966,0.03336113427855883,18806273,21099194,4620935,-11.012872311149149
2018-02-25,58.296,60.03,3.219999999999999,-5.3639846743295,58.966,60.48,2.8599999999999994,-4.150132275132272,57.52,59.21,2.789999999999999,-4.424928221584188,57.986,59.21,1.8999999999999986,-2.7360243202161754,21274798,28491014,11466582,20.773086585208834
2018-03-04,57.258,58.27,1.8700000000000045,0.9703690868133812,57.69,58.56,1.8300000000000054,1.1923276308968462,56.768,57.96,1.9500000000000028,2.3305084745762716,57.328,58.23,1.6299999999999955,1.6646223935517834,19411856,24788704,12373915,-48.21972510400442
2018-03-11,57.178000000000004,58.39,2.509999999999998,-4.2986812810412705,57.32,58.42,2.4299999999999997,-4.159534406025333,56.19,57.42,2.450000000000003,-4.266805990943927,56.48,57.56,2.0800000000000054,-3.613620569840176,18875696,37095024,24882134,30.20613084285929
2018-03-18,53.934000000000005,55.77,3.8200000000000003,-6.849560695714541,54.248,55.89,3.3400000000000034,-5.976024333512262,52.766,54.66,3.719999999999999,-5.744603000365887,53.098,54.9,3.9200000000000017,-4.754098360655737,27244392,32656340,13659080,-0.5826251793145103
2018-03-25,51.9975,52.4,1.240000000000002,-0.057251908396948735,52.47,52.8,0.8699999999999974,-0.7575757575757549,50.942499999999995,51.72,1.3100000000000023,-0.5523771947129634,51.585,52.41,1.3099999999999952,0.4892367906066536,22019574,23669292,5962526,-1.307635226267013
2018-04-01,52.268,53.34,2.210000000000001,1.5081206496519743,53.088,53.96,1.7700000000000031,2.1843264993293747,51.846,53.05,2.039999999999999,2.174338883447599,52.546,53.26,1.1799999999999997,0.32642089093702326,17812741,22943844,6991123,2.31599878051894
2018-04-08,52.014,52.99,2.3999999999999986,-4.529156444612188,52.488,53.27,1.9299999999999997,-3.24161326799849,51.398,52.12,1.8099999999999952,-3.4727551803530226,51.788,52.7,1.9000000000000057,-3.4587609274040294,22647536,32054904,17392097,117.41446913950378
2018-04-15,51.344,52.55,2.039999999999999,3.140333660451412,51.88,52.84,1.8700000000000045,3.283815480844423,51.046,52.17,1.9100000000000037,3.32739156268568,51.534,52.61,2.219999999999999,4.034012260233339,23822878,31149270,13425344,-30.513695061425697
2018-04-22,52.644,52.99,0.7100000000000009,-0.7365439093484429,53.266,53.74,0.8000000000000043,-1.2839598064756323,52.104,52.26,0.3399999999999963,-0.4216174779609024,52.476,53.11,1.1499999999999986,-1.0474195391353973,18082241,23052062,10747754,-26.034625449124682
2018-04-29,51.98,52.97,1.7999999999999972,2.3377125193199397,52.63,52.99,1.2000000000000028,0.7414448669201531,51.584,52.38,1.5700000000000003,1.5116279069767464,52.272,52.66,1.1199999999999974,0.19025875190257668,16487329,19216108,5312307,16.939928872687403
2018-05-06,53.954,54.78,2.0600000000000023,3.907435508345983,54.432,54.92,1.2100000000000009,2.066654254328802,53.642,54.33,1.6999999999999957,3.230096902907079,54.106,54.65,1.4600000000000009,2.4252679075014085,17000984,20786180,7977082,-38.376854236805414
2018-05-13,54.352,54.7,0.6200000000000045,-0.6430277420540169,54.864000000000004,55.32,0.8999999999999986,-1.1758321273516616,54.146,54.56,0.8700000000000045,-0.5700625229863963,54.45,55.04,1.3399999999999963,-0.38356164383561797,17209559,21622360,10130912,-23.344716331474917
2018-05-20,55.0325,55.87,1.269999999999996,-0.05491488193300592,55.68,56.18,1.1899999999999977,-1.1859838274932553,54.5075,54.62,0.17999999999999972,0.1653196179280004,55.2525,56.18,1.509999999999998,-0.6514657980456016,20844876,24673368,7275176,1.9752627169535777
2018-05-27,54.252,54.79,1.1300000000000026,1.3878608438193931,54.654,55.17,0.9100000000000037,1.6771102100995277,53.738,54.6,1.9600000000000009,3.7234042553191506,54.138,54.83,1.8799999999999955,3.550519357884788,18045978,31603954,21010270,-66.4798778026319
2018-06-03,55.29,55.79,1.1799999999999997,2.1607764145760844,55.686,56.11,1.1799999999999997,2.148188603677407,54.936,55.5,1.2100000000000009,2.228771412783203,55.38,55.68,1.1799999999999997,1.8532110091743084,14303197,17299554,5415667,13.75433812186198
2018-06-10,55.083999999999996,55.64,1.1300000000000026,-2.030913012221428,55.564,55.95,0.720000000000006,-1.2868632707774905,54.704,55.14,0.759999999999998,-1.198039571610099,55.068,55.38,0.6400000000000006,-0.5417118093174508,20054207,35715788,22107459,31.219196714012426
2018-06-17,54.626,55.46,1.6799999999999997,-1.6459400146305754,54.954,55.59,1.4500000000000028,-1.9735650914358074,53.96,54.6,1.5,-2.7472527472527473,54.366,55.08,1.1400000000000006,-2.0334059549745778,20000730,24542020,7996371,26.507567340216436
2018-06-24,54.302,55.62,2.3799999999999955,2.411873840445277,55.048,57.12,3.259999999999998,4.523544679273276,53.916000000000004,55.41,2.3899999999999935,3.8664654847227404,54.42,56.32,3.039999999999999,5.408946284858695,22572134,43888492,30051198,47.16299855050155
2018-07-01,55.96,56.43,1.1300000000000026,-0.42530568846358674,56.4525,56.97,0.8900000000000006,0.6003884866678374,55.379999999999995,56.01,0.9799999999999969,1.0463647844127697,55.865,56.77,1.5300000000000011,2.1778257739380864,14673071,16788632,4399385,30.034310603318545
2018-07-08,56.08,57.06,2.3200000000000003,-2.31335436382755,56.666,57.23,1.4399999999999977,0.26278906797476975,55.436,56.34,2.710000000000001,-1.2602058927937536,56.214,56.99,1.6300000000000026,0.6534793359237099,21868596,34345392,18764035,63.905338925229685
2018-07-15,56.386,56.95,0.8800000000000026,-0.9833187006145782,57.096000000000004,58.09,1.4300000000000068,1.8586708749780856,56.148,56.43,0.5799999999999983,-0.23037391458444542,56.774,58.0,1.6700000000000017,2.545968882602542,21166668,24584056,7117066,13.557424894480153
2018-07-22,58.356,58.83,0.8299999999999983,1.4310344827586177,58.818,59.27,0.7700000000000031,0.9882433123189733,58.072,58.3,0.44999999999999574,0.7778738115816693,58.402,58.63,0.4000000000000057,0.2399314481576702,19455936,27245014,13079708,-16.682472616824494
2018-07-29,58.058,58.61,1.5300000000000011,-0.051185804470228864,58.68,59.03,0.75,0.54505195026401,57.542,58.19,1.1099999999999994,1.7307692307692217,58.19,58.89,1.6000000000000014,2.7928085180659825,16279411,21633940,8273438,-38.24286283497135
2018-08-05,58.278,58.94,1.5599999999999952,-2.171700033932815,58.818,59.5,1.3900000000000006,-1.774847870182551,58.160000000000004,58.76,1.3799999999999955,-1.9420783645655886,58.422,59.19,1.5799999999999983,-2.057123427405646,15832378,19541108,5761485,41.48651027235912
2018-08-12,58.162,58.81,1.1400000000000006,1.9767643488815685,58.71,59.21,0.9699999999999989,1.6306213525575057,58.108,58.66,1.009999999999998,1.7166637766602997,58.522,59.03,1.0399999999999991,1.6531771999311191,15474440,19992528,8589166,-23.263166749100794
2018-08-19,58.961999999999996,59.04,0.1700000000000017,-0.22033898305085178,59.294,59.52,0.6000000000000014,-0.06720430107527932,58.754,58.94,0.36999999999999744,-0.30539531727180136,58.908,59.17,0.5500000000000043,0.23744911804613394,18542181,20829648,6463007,10.989395468945736
2018-08-26,58.795,59.19,0.9199999999999946,-1.5543166075350476,59.0325,59.33,0.7899999999999991,-1.3315354795213201,58.5775,58.99,0.9200000000000017,-1.559586370571286,58.7425,59.07,0.6099999999999994,-0.998814965295418,16322068,19330296,4893638,-13.502591993418001
2018-09-02,58.356,58.91,1.2899999999999991,-1.4200171086398723,58.644,59.2,1.3599999999999994,-1.8829516539440192,57.894,58.81,1.5,-1.308765283278798,58.108,58.95,1.5500000000000043,-2.278911564625844,19839749,22332414,6709054,-17.787833826956298
2018-09-09,56.135999999999996,57.4,2.6499999999999986,-4.6167247386759565,56.302,57.56,2.8000000000000043,-4.864489228631001,55.35,57.32,3.3800000000000026,-5.896720167480813,55.472,57.38,3.0700000000000003,-5.350296270477518,23188197,26954770,5957176,-0.906394035470575
2018-09-16,54.984,55.75,1.5,1.0138248847926215,55.386,55.81,1.1099999999999994,0.8409506398537362,54.494,54.99,0.9500000000000028,0.3700962250185101,54.903999999999996,55.55,1.2899999999999991,-0.44036697247706785,23034551,36158568,19112356,-11.11078868795276
2018-09-23,53.478,54.38,1.6900000000000048,-2.8729281767955714,53.704,54.69,1.8900000000000006,-3.455842018650577,52.91,54.2,2.0400000000000063,-3.763837638376395,53.004,54.23,1.9799999999999969,-3.651115618661252,18605553,22025148,6817640,13.203964778450223
2018-09-30,52.83,53.7,1.4600000000000009,1.4165390505359778,53.386,53.96,1.6099999999999994,3.0754536771728738,52.58,52.98,1.0999999999999943,2.1202775636083158,53.03,53.67,1.5399999999999991,2.9541530788413564,17004690,21417764,8559519,-26.564481416221938
2018-10-07,52.814,53.7,1.6000000000000014,-1.629823904083935,53.64,54.07,1.2299999999999969,0.03705762460626853,51.955999999999996,52.98,2.1099999999999994,-0.8871272178180425,52.55,53.53,2.0900000000000034,-0.5417522884363892,27425728,34118920,18200279,114.33312052203452
2018-10-14,53.438,54.17,1.1000000000000014,-0.45019696117051583,53.998,55.01,1.8399999999999963,-1.1526306004833564,52.58,53.19,1.6299999999999955,-1.8465638682657508,53.166,54.46,2.8100000000000023,-3.8712078913083907,22285443,28227162,10605706,-37.5726968230104
2018-10-21,51.174,51.88,1.3500000000000014,2.0456333595594,52.226,53.15,1.6599999999999966,2.3099133782483072,50.658,51.59,1.5700000000000003,2.2191400832177623,51.418,52.23,2.039999999999999,1.2994569433669405,29330505,31161536,5631712,19.629951228805965
2018-10-28,53.372,54.21,1.759999999999998,2.4404194470924576,53.966,54.63,1.720000000000006,2.6271026271026283,52.464,53.15,1.990000000000002,-1.3688066319645285,53.35,53.66,0.9699999999999989,1.8409565382425488,20701790,24911154,7256378,-23.769215990555878
2018-11-04,53.26,53.82,0.9200000000000017,-0.43103448275861483,53.69,54.18,0.7899999999999991,-0.22346368715084644,52.724,52.96,0.6799999999999997,-1.2839879154078544,53.135999999999996,53.58,1.2299999999999969,-2.2408963585434094,20354035,22429344,3457152,-8.18257912421732
2018-11-11,52.583999999999996,53.14,1.6000000000000014,0.6651463321930852,53.234,53.48,0.5700000000000003,0.2812675792236988,52.094,52.62,1.3399999999999963,-0.03800836183959715,52.794,53.32,1.1700000000000017,1.0997345468335196,23039708,28102032,9229492,-28.063771331553532
2018-11-18,52.4925,53.05,1.0799999999999983,-1.357210179076341,52.9775,53.24,0.9500000000000028,-0.11269722013524093,52.1425,52.36,0.75,-0.05729564553094182,52.42,52.88,1.0500000000000043,0.6471259992386817,17916757,22999612,11860218,-10.512707779592107
2018-11-25,53.734,54.78,2.0900000000000034,3.9665970772442654,54.338,55.04,1.7199999999999989,3.2258064516129012,53.258,53.87,1.4199999999999946,2.192564346997137,54.02,54.35,1.1600000000000037,1.9740552735476675,19387521,23713256,8734521,17.828749729559103
2018-12-02,51.39,53.95,3.8800000000000026,-7.1918443002780394,51.6625,53.99,3.9200000000000017,-7.260603815521396,49.97,51.51,3.210000000000001,-6.231799650553293,50.4825,51.78,2.980000000000004,-5.75511780610275,34156442,40310216,11799738,3.7382326688378287
2018-12-09,47.687999999999995,49.41,3.1899999999999977,-6.456182958915195,48.162,49.59,2.280000000000001,-4.59770114942529,46.766,47.55,1.4299999999999997,-3.0073606729758144,47.136,47.76,1.2199999999999989,-2.407872696817418,33158392,42819964,16906936,-9.093465549588908
2018-12-16,45.758,46.94,2.469999999999999,-5.262036642522367,46.67,47.52,2.4200000000000017,-5.092592592592596,45.094,46.32,2.719999999999999,-5.8721934369602735,45.39,46.52,2.9200000000000017,-6.276870163370597,35725062,55577916,37528060,-32.49878478144727
2018-12-23,45.055,45.98,2.1399999999999935,4.881386861313853,46.0075,46.48,0.9499999999999957,1.9521824961614245,44.4925,45.57,2.549999999999997,5.927475592747553,45.745000000000005,46.08,0.5499999999999972,1.0747971046281966,23738783,27770258,11225773,-40.42372598770959
2018-12-30,46.8425,47.78,2.259999999999998,4.964850615114231,47.6575,48.23,1.279999999999994,2.7263045793397103,46.629999999999995,47.54,2.1300000000000026,4.690596784849158,47.275,47.95,1.3800000000000026,1.4912654452492604,21939805,23343628,3048384,7.701538350561344
2019-01-06,47.583999999999996,47.9,0.3999999999999986,-0.8141962421711912,48.153999999999996,48.49,0.5100000000000051,0.6852159468438651,47.178,47.4,0.4799999999999969,1.0230179028132926,47.876,48.42,0.8800000000000026,1.8510727808161602,19716694,23827572,7619123,20.93463423467831
2019-01-13,48.3725,49.1,1.5,3.1512605042016806,49.2775,50.16,1.9099999999999966,3.95854922279792,48.065,48.86,1.8500000000000014,3.935332907891941,48.9625,50.01,2.3399999999999963,4.908747640025165,30398299,36380312,10641472,32.54454340144418
2019-01-20,49.946,50.4,0.6299999999999955,0.0,50.24,50.54,0.6400000000000006,-0.3992015968063929,49.586,49.96,0.759999999999998,-0.8664114446907106,49.982,50.13,0.3100000000000023,-0.08022462896108934,21749977,33975480,17168824,-41.389643354560405
2019-01-27,49.35,49.84,0.990000000000002,-1.8682201687424662,49.62,50.35,1.2700000000000031,-1.91578527240072,49.094,49.72,1.0600000000000023,-2.0313757039420715,49.364,50.09,1.1800000000000068,-1.5847542627883633,18483711,24934702,13007143,47.11952378521037
2019-02-03,48.652,49.27,1.4000000000000057,-2.841485691089924,48.83,49.53,1.5700000000000003,-2.7575020275750193,47.994,49.07,2.009999999999998,-2.810256410256405,48.374,49.27,1.6200000000000045,-3.2880048711183365,17551488,24189660,12043944,8.190686018584783
2019-02-10,48.7425,49.24,1.230000000000004,2.2495313476359207,49.375,49.71,0.8000000000000043,-0.08087343307723241,48.355000000000004,48.89,0.8800000000000026,0.9997917100604125,48.9525,49.22,0.6999999999999957,0.34658511722732255,17901688,22033148,8262200,-12.195052654300692
2019-02-17,49.416,49.76,0.7299999999999969,0.46910055068324874,49.874,50.23,0.6099999999999994,1.2293430068520748,49.138,49.37,0.5499999999999972,0.8807865628840633,49.486000000000004,49.81,0.7899999999999991,0.5670311867152572,16243082,16938768,1817028,9.53826080861065
2019-02-24,49.916,50.29,0.7999999999999972,1.6164881794301822,50.408,50.9,0.8699999999999974,1.515755883526123,49.598,49.87,0.529999999999994,0.7093635995135676,49.904,50.11,0.519999999999996,1.048598507763654,17597611,19051640,2354609,-1.7694352844333465
2019-03-03,49.794,50.03,0.7700000000000031,-0.05996402158705004,50.024,50.22,0.36999999999999744,0.09990009990010842,49.418,49.67,0.5,0.6081491992702296,49.79,49.89,0.21000000000000085,-0.26057326117458923,16873100,19471722,5260730,36.78338378486825
2019-03-10,50.156,50.84,1.0600000000000023,2.1293692245881926,50.757999999999996,52.07,2.020000000000003,4.035964035964042,49.982,50.83,1.2899999999999991,2.603956398869599,50.461999999999996,51.73,2.0799999999999983,4.1893252769385665,26013612,46117420,27818092,30.29620541257034
2019-03-17,50.252,52.42,4.0,-7.630675314765356,50.498,52.42,3.530000000000001,-6.734070965280429,49.336,51.34,3.490000000000002,-6.7978184651344025,49.612,51.41,3.3299999999999983,-6.477339039097449,21976087,27975796,10748240,-13.481278067330456
2019-03-24,48.884,49.8,1.3699999999999974,-0.18549051937346125,49.23,49.8,0.8999999999999986,-0.2854812398042426,48.236,48.45,0.6500000000000057,-0.4957653377401258,48.800000000000004,49.09,0.7700000000000031,-0.408079983676792,29077915,53590816,37709203,147.30057783462811
2019-03-31,48.778,49.26,0.7899999999999991,0.1441218859378223,49.188,49.68,0.8100000000000023,0.4500818330605541,48.42,48.88,0.9200000000000017,1.2927439532944067,48.78,49.17,0.9600000000000009,1.3897531632441438,25526037,35393648,16518446,-46.670651185772094
2019-04-07,47.67,48.68,2.8100000000000023,-5.772391125718986,48.206,48.82,1.759999999999998,-3.3675564681724857,46.904,48.02,2.3600000000000065,-4.914618908788018,47.386,48.14,1.6499999999999986,-2.845866223514743,38553889,70271440,47367904,52.61416403126574
2019-04-14,47.4225,47.96,1.0799999999999983,1.1305460750853114,47.8,47.96,0.46000000000000085,-0.7729266764152861,47.0025,47.12,0.25,0.4907190100277448,47.51,47.65,0.39000000000000057,-0.8184679958027294,22187601,25217106,9244528,-36.65974993323976
2019-04-21,47.384,47.97,0.9099999999999966,1.6313559322033813,47.972,48.79,1.3500000000000014,2.845699831365939,47.25,47.96,1.0500000000000043,2.151224707135246,47.714,48.27,0.9200000000000017,1.9429778247096128,17452612,23042832,10007363,2.9475492623748982
2019-04-28,48.306000000000004,48.52,0.5300000000000011,-0.7445708376421911,48.68,48.85,0.35999999999999943,0.35008237232288836,48.036,48.35,0.5,-0.47807108709207413,48.403999999999996,48.65,0.4200000000000017,0.04131377814501782,17760355,19279924,2708415,4.0743992378787395
2019-05-05,46.76,48.05,2.049999999999997,-3.683662851196662,47.332,48.16,1.3299999999999983,-2.4294019933554707,46.374,46.91,1.1299999999999955,-1.3856320613941562,46.878,47.17,0.8400000000000034,-1.7807928768285,22053737,23919136,4104708,-2.5687800763372053
2019-05-12,45.89,46.38,0.9400000000000048,-1.6386373436826327,46.39,46.93,1.0200000000000031,-2.1734498188791886,45.588,45.98,0.6799999999999997,-1.4789038712483684,45.876000000000005,46.49,1.0399999999999991,-2.2370402237040206,20656584,22273628,3419300,-11.346992574040948
2019-05-19,45.82,46.07,0.45000000000000284,0.3068829460762836,46.22,46.36,0.5,-0.021570319240720472,45.5325,45.96,0.8999999999999986,0.1537785588752203,46.04,46.33,0.769999999999996,-0.34534858622921777,15660137,18416380,5261343,-27.10046708419353
2019-05-26,45.184,46.07,1.8299999999999983,-3.972216192750159,45.548,46.25,1.3900000000000006,-2.464864864864866,44.800000000000004,45.57,1.3699999999999974,-3.006363835856918,45.002,45.59,1.220000000000006,-2.3470059223513933,17506495,20172450,6396573,0.9389636123453825
2019-06-02,45.746,46.06,0.9000000000000057,1.9929140832595345,46.164,46.81,1.0500000000000043,2.294580419580429,45.474,46.06,1.0500000000000043,2.332814930015562,45.872,46.27,0.6400000000000006,1.291593695271461,16206126,21082046,7376686,-27.69823668917144
2019-06-09,45.568,46.01,0.9099999999999966,-0.5671902268761019,46.034,46.46,0.8299999999999983,-0.9470512268618118,45.09,45.77,0.990000000000002,-1.376447454664633,45.464,46.26,1.3500000000000014,-2.140077821011662,16549217,22470396,9050013,-10.995472637360342
2019-06-16,45.994,46.55,1.2999999999999972,2.8729281767955737,46.542,46.89,0.8999999999999986,0.6466910972192221,45.586,46.23,1.1699999999999946,2.596537949400787,46.154,46.89,1.240000000000002,0.3687635574837347,23328902,39186156,21398572,17.42679832560301
2019-06-23,46.65,47.88,1.75,3.793626707132018,47.03,48.12,1.8499999999999943,3.417150225660856,46.304,47.4,1.9699999999999989,4.336341624477215,46.647999999999996,47.69,1.8900000000000006,3.3593411356740295,19493066,31030908,17639305,-27.34644740630046
2019-06-30,47.58,48.1,0.8000000000000043,-0.2525252525252621,47.94,48.19,0.3999999999999986,0.3765690376569032,47.2175,47.67,0.7600000000000051,0.8526966531656485,47.5475,47.77,0.5400000000000063,0.6351894982003055,11634142,13189258,2750835,8.936482245575641
2019-07-07,47.339999999999996,47.67,0.5500000000000043,0.21141649048626093,47.63,47.89,0.46999999999999886,-0.9187721862601749,46.932,47.21,0.7700000000000031,-1.6310103791569648,47.238,47.83,1.1199999999999974,-2.341626594187743,15852460,21338424,8743378,69.41918274851874
2019-07-14,45.798,46.72,1.519999999999996,-1.7765410958904073,46.338,46.97,1.2299999999999969,-0.8941877794336848,45.436,45.86,0.7199999999999989,1.2162759840778512,45.768,46.48,1.269999999999996,2.60485651214128,24257046,37548256,19574190,-52.13075675205794
2019-07-21,48.006,49.38,2.700000000000003,5.784061696658104,48.734,49.57,1.9799999999999969,4.160537928136156,47.64,48.18,1.5200000000000031,3.2576082297471136,48.264,49.3,2.0999999999999943,2.288135593220335,22371944,29357158,10208574,-9.46372177104136
2019-07-28,47.658,48.41,1.9099999999999966,-3.1451780878983504,48.122,48.98,2.1799999999999997,-3.6838855731632147,47.034,48.11,2.259999999999998,-4.259761954479012,47.519999999999996,48.55,2.4099999999999966,-4.963954685890828,21514189,27113504,12906458,90.84547202845687
2019-08-04,45.98,46.61,1.1000000000000014,-2.3600085818493914,46.478,47.03,1.1200000000000045,-2.3814586434191036,45.536,45.82,0.5900000000000034,-1.0694020078568354,46.174,46.93,1.5,-3.1962497336458555,21019581,27830028,10465664,-10.705159389286283
2019-08-11,44.76,45.61,1.8699999999999974,-1.0524007893005851,45.204,46.41,1.9099999999999966,-2.025425554837315,44.22,45.26,1.9199999999999946,-0.7291206363234607,44.59,45.96,2.5799999999999983,-1.5448215839860766,21996828,28786684,13408579,-8.040862156776882
2019-08-18,45.048,45.33,0.6199999999999974,-0.73268206039076,45.36,45.83,0.8299999999999983,-0.08880994671403009,44.614000000000004,45.06,0.9699999999999989,-0.2913491707754268,44.94,45.62,1.1999999999999957,0.6714413607878181,15739129,21153800,7807696,19.6847109838197
2019-08-25,45.6025,46.54,1.8999999999999986,2.8963077603360654,46.1225,46.9,1.5700000000000003,3.4634899624972433,45.2725,46.41,1.9899999999999949,4.479963980189092,45.745,46.57,1.8200000000000003,4.067039106145252,15306769,16196668,1456253,1.420624038281228
2019-09-01,47.012,47.58,1.269999999999996,2.1809544374864998,47.524,48.64,2.299999999999997,4.96331463098834,46.61,47.3,1.8200000000000003,3.1002638522427524,47.153999999999996,48.41,2.319999999999993,5.033629854632226,20021006,27651420,10513306,60.53208224208086
2019-09-08,48.47,49.01,0.9399999999999977,0.811316829623467,49.068,49.36,0.4399999999999977,0.1635322976287782,48.226,48.66,0.8799999999999955,0.6864988558352367,48.742,48.98,0.6699999999999946,1.386876423100796,22444084,25822484,8062802,-31.22395970891104
2019-09-15,48.742000000000004,49.07,0.75,-0.7802874743326541,49.15,49.3,0.44999999999999574,0.49129989764585874,48.504,48.87,0.5599999999999952,0.0,48.838,48.96,0.3299999999999983,0.4101722723543947,21569523,30451104,13398370,15.529340910678782
2019-09-22,49.626,50.77,2.0400000000000063,3.6545528787260237,50.077999999999996,51.41,2.1899999999999977,3.311661926046328,49.248,50.25,1.7800000000000011,3.2597482979162336,49.586,50.71,2.0600000000000023,3.679342240493318,30335052,59468944,39411860,32.17936029685959
2019-09-29,49.056,50.65,2.3500000000000014,-3.356367226061196,49.374,50.78,2.270000000000003,-2.9342260732571916,48.394,49.0,1.6799999999999997,-0.5102040816326531,48.806,49.21,0.740000000000002,-0.509580105992662,20906702,27403496,11665292,-42.568627010217966
2019-10-06,48.660000000000004,49.46,1.2899999999999991,1.7409326424870537,49.042,49.92,1.5700000000000003,2.2750775594622574,48.382,49.15,1.6099999999999994,3.029028186790067,48.62,49.27,1.4500000000000028,3.032204098703477,18389071,23092112,9557010,-13.911330410860339
2019-10-13,49.784,50.28,1.0,2.029220779220779,50.484,51.25,1.0799999999999983,-1.4634146341463414,49.44,50.17,1.3900000000000006,2.8495284952849538,49.948,50.46,0.8699999999999974,0.6984633805627648,25086870,39507016,19127702,-48.41596236982312
2019-10-20,50.967999999999996,51.94,1.5,2.9738302934179224,51.394,52.05,1.0799999999999983,2.0188161505291924,50.804,51.56,1.3300000000000054,2.6478200278718007,51.174,51.65,1.0300000000000011,2.034768866060848,18741520,23914846,8760274,22.802612438929504
2019-10-27,51.972,52.58,1.0799999999999983,2.0970873786407735,52.348,52.8,0.769999999999996,0.8403361344537772,51.684,52.24,1.0900000000000034,1.436893203883499,52.146,52.72,1.0899999999999963,1.0542457350967935,17990587,21063048,4907185,-16.63151505897912
2019-11-03,53.486,53.83,1.0899999999999963,1.990898748577924,54.022,54.4,0.8999999999999986,1.1962616822429917,53.396,53.78,1.0399999999999991,1.877133105802038,53.85,54.1,0.8000000000000043,1.4071294559099439,19370287,25965272,15305334,-58.945402150996145
2019-11-10,53.68,53.84,0.6200000000000045,0.16744186046512263,53.95,54.24,0.6799999999999997,-0.2396755162241935,53.402,53.65,0.5499999999999972,0.05594927265945755,53.76,54.22,0.9299999999999997,-0.40575433419402224,15644797,16937720,2562850,-5.351454134150893
2019-11-17,54.02,54.53,0.8000000000000043,0.7948243992606279,54.2,54.53,0.6700000000000017,0.36812074360390734,53.66,54.04,0.7899999999999991,0.3155745312790082,53.924,54.28,0.740000000000002,0.3331482509716819,15000360,16186126,2362724,7.788951441641847
2019-11-24,54.16,54.31,0.240000000000002,0.3696174459434538,54.427499999999995,54.75,0.6300000000000026,0.5912786400591284,53.839999999999996,54.07,0.5200000000000031,-0.3350083752093797,54.057500000000005,54.46,0.8400000000000034,-0.3530942204051381,16299592,20253308,9744678,12.014189464974875
2019-12-01,53.41,54.17,1.5700000000000003,2.18826636483683,53.803999999999995,54.55,1.5,2.827521206409048,53.077999999999996,53.91,1.75,3.3550613496932518,53.467999999999996,54.37,1.7899999999999991,2.548497527577032,18312341,25760216,12260507,-41.35357017192713
2019-12-08,53.778,54.24,0.8700000000000045,1.4021312394840157,54.275999999999996,54.56,0.6900000000000048,1.2808613328383236,53.44,54.22,1.1499999999999986,1.5736230798051636,53.846,54.36,1.1899999999999977,0.9871484447755656,18177946,19793888,3834262,24.024760981241037
2019-12-15,53.94,54.46,1.1199999999999974,-1.4230271668822696,54.17,54.51,0.6799999999999997,-0.9356081452944378,53.472,53.99,0.9200000000000017,-1.3706241896647564,53.756,54.34,1.0100000000000051,-0.9753404490246615,27537346,66323248,49599890,5.471401138455566
2019-12-22,54.115,54.29,0.3399999999999963,0.407784986098237,54.2525,54.39,0.3500000000000014,0.40710584752035317,53.7625,53.95,0.45000000000000284,-0.42806625721198005,53.8725,54.15,0.5499999999999972,-0.4087699739873632,9486473,12517137,7881678,135.15546141169622
2019-12-29,53.49666666666667,53.85,0.740000000000002,-0.784606762563052,53.82333333333333,54.03,0.4100000000000037,-0.37160906726124643,53.29,53.51,0.6099999999999994,-1.047512158623274,53.656666666666666,53.8,0.37999999999999545,-0.7063197026022221,14993945,16806064,4239963,24.220472205340382
