Datetime,Open,High,Low,Close,Adj Close,Volume,Sector,IPOyear
2020-01-02 09:30:00-05:00,5.610000133514404,5.78000020980835,5.59499979019165,5.644999980926514,5.644999980926514,0,Finance,
2020-01-02 10:30:00-05:00,5.650000095367432,5.695000171661377,5.539999961853027,5.590000152587891,5.590000152587891,106456,Finance,
2020-01-02 11:30:00-05:00,5.579999923706055,5.599899768829346,5.514999866485596,5.550000190734863,5.550000190734863,71251,Finance,
2020-01-02 12:30:00-05:00,5.550000190734863,5.550000190734863,5.420000076293945,5.489999771118164,5.489999771118164,178245,Finance,
2020-01-02 13:30:00-05:00,5.5,5.510000228881836,5.429999828338623,5.489999771118164,5.489999771118164,74702,Finance,
2020-01-02 14:30:00-05:00,5.485000133514404,5.539999961853027,5.470200061798096,5.5,5.5,68676,Finance,
2020-01-02 15:30:00-05:00,5.510000228881836,5.559999942779541,5.489999771118164,5.510000228881836,5.510000228881836,86569,Finance,
2020-01-03 09:30:00-05:00,5.449999809265137,5.465000152587891,5.309999942779541,5.369999885559082,5.369999885559082,168243,Finance,
2020-01-03 10:30:00-05:00,5.380000114440918,5.380000114440918,5.179999828338623,5.239999771118164,5.239999771118164,387761,Finance,
2020-01-03 11:30:00-05:00,5.240099906921387,5.300000190734863,5.239999771118164,5.28000020980835,5.28000020980835,114978,Finance,
2020-01-03 12:30:00-05:00,5.28000020980835,5.28000020980835,5.233699798583984,5.244999885559082,5.244999885559082,103813,Finance,
2020-01-03 13:30:00-05:00,5.249899864196777,5.260000228881836,5.190000057220459,5.230000019073486,5.230000019073486,82197,Finance,
2020-01-03 14:30:00-05:00,5.21999979019165,5.340000152587891,5.21999979019165,5.289999961853027,5.289999961853027,99452,Finance,
2020-01-03 15:30:00-05:00,5.28000020980835,5.320000171661377,5.28000020980835,5.309999942779541,5.309999942779541,58393,Finance,
2020-01-06 09:30:00-05:00,5.184999942779541,5.28000020980835,5.150000095367432,5.244999885559082,5.244999885559082,119691,Finance,
2020-01-06 10:30:00-05:00,5.25,5.349999904632568,5.25,5.329999923706055,5.329999923706055,166621,Finance,
2020-01-06 11:30:00-05:00,5.320000171661377,5.409999847412109,5.320000171661377,5.389999866485596,5.389999866485596,61775,Finance,
2020-01-06 12:30:00-05:00,5.389999866485596,5.480000019073486,5.389999866485596,5.420000076293945,5.420000076293945,192707,Finance,
2020-01-06 13:30:00-05:00,5.429999828338623,5.460000038146973,5.369999885559082,5.389999866485596,5.389999866485596,51687,Finance,
2020-01-06 14:30:00-05:00,5.373799800872803,5.389999866485596,5.349999904632568,5.349999904632568,5.349999904632568,52597,Finance,
2020-01-06 15:30:00-05:00,5.355000019073486,5.420000076293945,5.34499979019165,5.400000095367432,5.400000095367432,96122,Finance,
2020-01-07 09:30:00-05:00,5.420000076293945,5.46999979019165,5.289999961853027,5.320000171661377,5.320000171661377,110965,Finance,
2020-01-07 10:30:00-05:00,5.329999923706055,5.369999885559082,5.309999942779541,5.340000152587891,5.340000152587891,117766,Finance,
2020-01-07 11:30:00-05:00,5.340000152587891,5.349999904632568,5.269999980926514,5.320000171661377,5.320000171661377,165803,Finance,
2020-01-07 12:30:00-05:00,5.320000171661377,5.409999847412109,5.289999961853027,5.400000095367432,5.400000095367432,215298,Finance,
2020-01-07 13:30:00-05:00,5.400000095367432,5.449999809265137,5.394999980926514,5.409999847412109,5.409999847412109,61847,Finance,
2020-01-07 14:30:00-05:00,5.409999847412109,5.46999979019165,5.400000095367432,5.465000152587891,5.465000152587891,108960,Finance,
2020-01-07 15:30:00-05:00,5.46999979019165,5.489999771118164,5.454999923706055,5.480000019073486,5.480000019073486,131737,Finance,
2020-01-08 09:30:00-05:00,5.409999847412109,5.539999961853027,5.389999866485596,5.449999809265137,5.449999809265137,141542,Finance,
2020-01-08 10:30:00-05:00,5.454999923706055,5.485000133514404,5.40500020980835,5.480000019073486,5.480000019073486,85381,Finance,
2020-01-08 11:30:00-05:00,5.480000019073486,5.599999904632568,5.46999979019165,5.579999923706055,5.579999923706055,108519,Finance,
2020-01-08 12:30:00-05:00,5.590000152587891,5.590000152587891,5.519999980926514,5.559999942779541,5.559999942779541,65727,Finance,
2020-01-08 13:30:00-05:00,5.554999828338623,5.610000133514404,5.550000190734863,5.590000152587891,5.590000152587891,68392,Finance,
2020-01-08 14:30:00-05:00,5.590000152587891,5.599999904632568,5.553599834442139,5.565000057220459,5.565000057220459,117790,Finance,
2020-01-08 15:30:00-05:00,5.570000171661377,5.570000171661377,5.539999961853027,5.570000171661377,5.570000171661377,96337,Finance,
2020-01-09 09:30:00-05:00,5.590000152587891,5.735000133514404,5.590000152587891,5.639999866485596,5.639999866485596,175832,Finance,
2020-01-09 10:30:00-05:00,5.635000228881836,5.730000019073486,5.579999923706055,5.730000019073486,5.730000019073486,133411,Finance,
2020-01-09 11:30:00-05:00,5.724999904632568,5.760000228881836,5.710000038146973,5.71999979019165,5.71999979019165,109897,Finance,
2020-01-09 12:30:00-05:00,5.715000152587891,5.735000133514404,5.664999961853027,5.71999979019165,5.71999979019165,76236,Finance,
2020-01-09 13:30:00-05:00,5.724999904632568,5.769999980926514,5.71999979019165,5.760000228881836,5.760000228881836,64757,Finance,
2020-01-09 14:30:00-05:00,5.755000114440918,5.809999942779541,5.71999979019165,5.744999885559082,5.744999885559082,139236,Finance,
2020-01-09 15:30:00-05:00,5.75,5.789999961853027,5.730000019073486,5.760000228881836,5.760000228881836,148612,Finance,
2020-01-10 09:30:00-05:00,5.800000190734863,5.849999904632568,5.699999809265137,5.744999885559082,5.744999885559082,187052,Finance,
2020-01-10 10:30:00-05:00,5.739999771118164,5.849999904632568,5.730000019073486,5.769999980926514,5.769999980926514,147484,Finance,
2020-01-10 11:30:00-05:00,5.769999980926514,5.769999980926514,5.699999809265137,5.710000038146973,5.710000038146973,102568,Finance,
2020-01-10 12:30:00-05:00,5.715000152587891,5.809999942779541,5.7118000984191895,5.804999828338623,5.804999828338623,97583,Finance,
2020-01-10 13:30:00-05:00,5.804999828338623,5.855000019073486,5.804999828338623,5.849999904632568,5.849999904632568,112656,Finance,
2020-01-10 14:30:00-05:00,5.829999923706055,5.840000152587891,5.809999942779541,5.809999942779541,5.809999942779541,80244,Finance,
2020-01-10 15:30:00-05:00,5.815000057220459,5.820000171661377,5.730000019073486,5.75,5.75,192511,Finance,
2020-01-13 09:30:00-05:00,5.800000190734863,5.829999923706055,5.630000114440918,5.679999828338623,5.679999828338623,216966,Finance,
2020-01-13 10:30:00-05:00,5.679999828338623,5.739999771118164,5.658199787139893,5.730000019073486,5.730000019073486,76068,Finance,
2020-01-13 11:30:00-05:00,5.730000019073486,5.760000228881836,5.679999828338623,5.690000057220459,5.690000057220459,77426,Finance,
2020-01-13 12:30:00-05:00,5.684999942779541,5.730000019073486,5.659999847412109,5.710000038146973,5.710000038146973,92258,Finance,
2020-01-13 13:30:00-05:00,5.699999809265137,5.739999771118164,5.670000076293945,5.690000057220459,5.690000057220459,96200,Finance,
2020-01-13 14:30:00-05:00,5.695000171661377,5.699999809265137,5.53000020980835,5.545000076293945,5.545000076293945,192356,Finance,
2020-01-13 15:30:00-05:00,5.545000076293945,5.559999942779541,5.5,5.519999980926514,5.519999980926514,121311,Finance,
2020-01-14 09:30:00-05:00,5.429999828338623,5.485000133514404,5.179999828338623,5.445000171661377,5.445000171661377,396927,Finance,
2020-01-14 10:30:00-05:00,5.449999809265137,5.465000152587891,5.340000152587891,5.389999866485596,5.389999866485596,145133,Finance,
2020-01-14 11:30:00-05:00,5.380000114440918,5.409999847412109,5.329999923706055,5.394999980926514,5.394999980926514,105202,Finance,
2020-01-14 12:30:00-05:00,5.394999980926514,5.429999828338623,5.369999885559082,5.409999847412109,5.409999847412109,113103,Finance,
2020-01-14 13:30:00-05:00,5.409999847412109,5.429999828338623,5.335000038146973,5.389999866485596,5.389999866485596,213323,Finance,
2020-01-14 14:30:00-05:00,5.389999866485596,5.429999828338623,5.320000171661377,5.34499979019165,5.34499979019165,174178,Finance,
2020-01-14 15:30:00-05:00,5.34499979019165,5.369999885559082,5.320000171661377,5.349999904632568,5.349999904632568,154094,Finance,
2020-01-15 09:30:00-05:00,5.360000133514404,5.389999866485596,5.239999771118164,5.289999961853027,5.289999961853027,296129,Finance,
2020-01-15 10:30:00-05:00,5.309999942779541,5.320000171661377,5.159999847412109,5.184999942779541,5.184999942779541,162009,Finance,
2020-01-15 11:30:00-05:00,5.195000171661377,5.280099868774414,5.179999828338623,5.239999771118164,5.239999771118164,117339,Finance,
2020-01-15 12:30:00-05:00,5.239999771118164,5.269999980926514,5.164999961853027,5.179999828338623,5.179999828338623,93942,Finance,
2020-01-15 13:30:00-05:00,5.179999828338623,5.184999942779541,5.09499979019165,5.125,5.125,217617,Finance,
2020-01-15 14:30:00-05:00,5.125,5.15500020980835,5.079999923706055,5.079999923706055,5.079999923706055,104770,Finance,
2020-01-15 15:30:00-05:00,5.079999923706055,5.129899978637695,5.059999942779541,5.090000152587891,5.090000152587891,131773,Finance,
2020-01-16 09:30:00-05:00,5.130000114440918,5.329999923706055,5.130000114440918,5.21999979019165,5.21999979019165,235803,Finance,
2020-01-16 10:30:00-05:00,5.239999771118164,5.357100009918213,5.230000019073486,5.329999923706055,5.329999923706055,65852,Finance,
2020-01-16 11:30:00-05:00,5.320000171661377,5.340000152587891,5.260000228881836,5.260000228881836,5.260000228881836,67001,Finance,
2020-01-16 12:30:00-05:00,5.260000228881836,5.275000095367432,5.239999771118164,5.269999980926514,5.269999980926514,68533,Finance,
2020-01-16 13:30:00-05:00,5.264999866485596,5.28000020980835,5.230000019073486,5.239999771118164,5.239999771118164,64187,Finance,
2020-01-16 14:30:00-05:00,5.235000133514404,5.28000020980835,5.230000019073486,5.260000228881836,5.260000228881836,57632,Finance,
2020-01-16 15:30:00-05:00,5.269999980926514,5.28000020980835,5.230000019073486,5.28000020980835,5.28000020980835,63887,Finance,
2020-01-17 09:30:00-05:00,5.360000133514404,5.519999980926514,5.360000133514404,5.489999771118164,5.489999771118164,287150,Finance,
2020-01-17 10:30:00-05:00,5.480000019073486,5.539999961853027,5.465000152587891,5.505000114440918,5.505000114440918,70278,Finance,
2020-01-17 11:30:00-05:00,5.505000114440918,5.510000228881836,5.460000038146973,5.460000038146973,5.460000038146973,122508,Finance,
2020-01-17 12:30:00-05:00,5.460000038146973,5.460000038146973,5.409999847412109,5.440000057220459,5.440000057220459,70406,Finance,
2020-01-17 13:30:00-05:00,5.429999828338623,5.440000057220459,5.385000228881836,5.409999847412109,5.409999847412109,68239,Finance,
2020-01-17 14:30:00-05:00,5.409999847412109,5.440000057220459,5.389999866485596,5.429999828338623,5.429999828338623,52905,Finance,
2020-01-17 15:30:00-05:00,5.429999828338623,5.449999809265137,5.420000076293945,5.440000057220459,5.440000057220459,72062,Finance,
2020-01-21 09:30:00-05:00,5.360000133514404,5.46999979019165,5.284999847412109,5.329899787902832,5.329899787902832,158668,Finance,
2020-01-21 10:30:00-05:00,5.329999923706055,5.380000114440918,5.309999942779541,5.329999923706055,5.329999923706055,56749,Finance,
2020-01-21 11:30:00-05:00,5.324999809265137,5.339900016784668,5.28000020980835,5.289999961853027,5.289999961853027,59776,Finance,
2020-01-21 12:30:00-05:00,5.300000190734863,5.330100059509277,5.269999980926514,5.289999961853027,5.289999961853027,185278,Finance,
2020-01-21 13:30:00-05:00,5.289999961853027,5.300000190734863,5.210000038146973,5.239999771118164,5.239999771118164,61268,Finance,
2020-01-21 14:30:00-05:00,5.230000019073486,5.244999885559082,5.199999809265137,5.210000038146973,5.210000038146973,112795,Finance,
2020-01-21 15:30:00-05:00,5.210000038146973,5.210000038146973,5.150000095367432,5.150000095367432,5.150000095367432,192827,Finance,
2020-01-22 09:30:00-05:00,5.190000057220459,5.300000190734863,5.110000133514404,5.130000114440918,5.130000114440918,321776,Finance,
2020-01-22 10:30:00-05:00,5.130000114440918,5.21999979019165,5.119999885559082,5.190000057220459,5.190000057220459,92710,Finance,
2020-01-22 11:30:00-05:00,5.190000057220459,5.199999809265137,5.144999980926514,5.150000095367432,5.150000095367432,91150,Finance,
2020-01-22 12:30:00-05:00,5.150000095367432,5.289999961853027,5.150000095367432,5.25,5.25,72029,Finance,
2020-01-22 13:30:00-05:00,5.239999771118164,5.34499979019165,5.239999771118164,5.309999942779541,5.309999942779541,63872,Finance,
2020-01-22 14:30:00-05:00,5.315000057220459,5.349999904632568,5.269999980926514,5.309999942779541,5.309999942779541,64560,Finance,
2020-01-22 15:30:00-05:00,5.315000057220459,5.329999923706055,5.255000114440918,5.320000171661377,5.320000171661377,72830,Finance,
2020-01-23 09:30:00-05:00,5.25,5.300000190734863,5.159999847412109,5.239999771118164,5.239999771118164,232009,Finance,
2020-01-23 10:30:00-05:00,5.230000019073486,5.2399001121521,5.110000133514404,5.125,5.125,115450,Finance,
2020-01-23 11:30:00-05:00,5.119999885559082,5.120100021362305,5.031000137329102,5.031599998474121,5.031599998474121,185229,Finance,
2020-01-23 12:30:00-05:00,5.039899826049805,5.059999942779541,4.96999979019165,5.019999980926514,5.019999980926514,268576,Finance,
2020-01-23 13:30:00-05:00,5.014999866485596,5.050000190734863,4.980000019073486,4.997000217437744,4.997000217437744,72816,Finance,
2020-01-23 14:30:00-05:00,4.994999885559082,5.019999980926514,4.864999771118164,4.900000095367432,4.900000095367432,381644,Finance,
2020-01-23 15:30:00-05:00,4.889999866485596,4.909999847412109,4.860000133514404,4.869999885559082,4.869999885559082,175505,Finance,
2020-01-24 09:30:00-05:00,4.900000095367432,4.980000019073486,4.800000190734863,4.800000190734863,4.800000190734863,242983,Finance,
2020-01-24 10:30:00-05:00,4.800000190734863,4.840000152587891,4.699999809265137,4.755000114440918,4.755000114440918,252726,Finance,
2020-01-24 11:30:00-05:00,4.75,4.760000228881836,4.664999961853027,4.670000076293945,4.670000076293945,169492,Finance,
2020-01-24 12:30:00-05:00,4.679999828338623,4.739999771118164,4.675000190734863,4.724999904632568,4.724999904632568,130715,Finance,
2020-01-24 13:30:00-05:00,4.7210001945495605,4.735000133514404,4.610000133514404,4.614999771118164,4.614999771118164,179718,Finance,
2020-01-24 14:30:00-05:00,4.619999885559082,4.659999847412109,4.570000171661377,4.59499979019165,4.59499979019165,238340,Finance,
2020-01-24 15:30:00-05:00,4.590000152587891,4.610000133514404,4.570000171661377,4.599999904632568,4.599999904632568,130907,Finance,
2020-01-27 09:30:00-05:00,4.489999771118164,4.519999980926514,4.380000114440918,4.420000076293945,4.420000076293945,237508,Finance,
2020-01-27 10:30:00-05:00,4.420000076293945,4.494999885559082,4.380000114440918,4.400000095367432,4.400000095367432,247326,Finance,
2020-01-27 11:30:00-05:00,4.400000095367432,4.425000190734863,4.340000152587891,4.380000114440918,4.380000114440918,313224,Finance,
2020-01-27 12:30:00-05:00,4.375,4.474999904632568,4.340000152587891,4.460000038146973,4.460000038146973,250840,Finance,
2020-01-27 13:30:00-05:00,4.460000038146973,4.53000020980835,4.460000038146973,4.489999771118164,4.489999771118164,211312,Finance,
2020-01-27 14:30:00-05:00,4.489999771118164,4.489999771118164,4.389999866485596,4.420000076293945,4.420000076293945,226240,Finance,
2020-01-27 15:30:00-05:00,4.420000076293945,4.429999828338623,4.40500020980835,4.429999828338623,4.429999828338623,77122,Finance,
2020-01-28 09:30:00-05:00,4.440000057220459,4.659999847412109,4.440000057220459,4.6305999755859375,4.6305999755859375,229968,Finance,
2020-01-28 10:30:00-05:00,4.619999885559082,4.630000114440918,4.53000020980835,4.550000190734863,4.550000190734863,172473,Finance,
2020-01-28 11:30:00-05:00,4.550000190734863,4.644999980926514,4.550000190734863,4.639999866485596,4.639999866485596,68325,Finance,
2020-01-28 12:30:00-05:00,4.639999866485596,4.670000076293945,4.610000133514404,4.650000095367432,4.650000095367432,85452,Finance,
2020-01-28 13:30:00-05:00,4.650000095367432,4.650000095367432,4.599999904632568,4.610000133514404,4.610000133514404,59732,Finance,
2020-01-28 14:30:00-05:00,4.610000133514404,4.630000114440918,4.590000152587891,4.619999885559082,4.619999885559082,159412,Finance,
2020-01-28 15:30:00-05:00,4.619999885559082,4.639999866485596,4.610000133514404,4.630000114440918,4.630000114440918,196923,Finance,
2020-01-29 09:30:00-05:00,4.679999828338623,4.820000171661377,4.679999828338623,4.769999980926514,4.769999980926514,468486,Finance,
2020-01-29 10:30:00-05:00,4.78000020980835,4.799200057983398,4.639999866485596,4.675000190734863,4.675000190734863,115862,Finance,
2020-01-29 11:30:00-05:00,4.679900169372559,4.735000133514404,4.670000076293945,4.679999828338623,4.679999828338623,116756,Finance,
2020-01-29 12:30:00-05:00,4.689899921417236,4.704999923706055,4.650000095367432,4.670000076293945,4.670000076293945,98808,Finance,
2020-01-29 13:30:00-05:00,4.670000076293945,4.690000057220459,4.650000095367432,4.659999847412109,4.659999847412109,95419,Finance,
2020-01-29 14:30:00-05:00,4.650400161743164,4.65500020980835,4.53000020980835,4.579999923706055,4.579999923706055,135803,Finance,
2020-01-29 15:30:00-05:00,4.579999923706055,4.614999771118164,4.539999961853027,4.539999961853027,4.539999961853027,58730,Finance,
2020-01-30 09:30:00-05:00,4.510000228881836,4.670300006866455,4.5,4.579999923706055,4.579999923706055,126388,Finance,
2020-01-30 10:30:00-05:00,4.574999809265137,4.610000133514404,4.510000228881836,4.579999923706055,4.579999923706055,92294,Finance,
2020-01-30 11:30:00-05:00,4.579999923706055,4.610000133514404,4.559999942779541,4.579999923706055,4.579999923706055,33084,Finance,
2020-01-30 12:30:00-05:00,4.579999923706055,4.639999866485596,4.559999942779541,4.619999885559082,4.619999885559082,75030,Finance,
2020-01-30 13:30:00-05:00,4.630000114440918,4.659999847412109,4.599999904632568,4.630000114440918,4.630000114440918,80537,Finance,
2020-01-30 14:30:00-05:00,4.630000114440918,4.726200103759766,4.619999885559082,4.724999904632568,4.724999904632568,62298,Finance,
2020-01-30 15:30:00-05:00,4.730000019073486,4.75,4.715000152587891,4.71999979019165,4.71999979019165,96193,Finance,
2020-01-31 09:30:00-05:00,4.639999866485596,4.650000095367432,4.429999828338623,4.459799766540527,4.459799766540527,131870,Finance,
2020-01-31 10:30:00-05:00,4.46999979019165,4.590000152587891,4.46999979019165,4.53000020980835,4.53000020980835,169969,Finance,
2020-01-31 11:30:00-05:00,4.539999961853027,4.620100021362305,4.525000095367432,4.620100021362305,4.620100021362305,108818,Finance,
2020-01-31 12:30:00-05:00,4.619999885559082,4.659999847412109,4.599999904632568,4.644999980926514,4.644999980926514,121384,Finance,
2020-01-31 13:30:00-05:00,4.639999866485596,4.730000019073486,4.630000114440918,4.71999979019165,4.71999979019165,125376,Finance,
2020-01-31 14:30:00-05:00,4.715000152587891,4.739999771118164,4.670000076293945,4.697500228881836,4.697500228881836,63035,Finance,
2020-01-31 15:30:00-05:00,4.690000057220459,4.699999809265137,4.659999847412109,4.679999828338623,4.679999828338623,47960,Finance,
2020-02-03 09:30:00-05:00,4.650000095367432,4.954999923706055,4.650000095367432,4.889999866485596,4.889999866485596,199626,Finance,
2020-02-03 10:30:00-05:00,4.888800144195557,4.956600189208984,4.849999904632568,4.860000133514404,4.860000133514404,101729,Finance,
2020-02-03 11:30:00-05:00,4.849999904632568,4.929999828338623,4.809000015258789,4.909999847412109,4.909999847412109,102417,Finance,
2020-02-03 12:30:00-05:00,4.909999847412109,4.909999847412109,4.809999942779541,4.869999885559082,4.869999885559082,54715,Finance,
2020-02-03 13:30:00-05:00,4.869999885559082,4.929999828338623,4.829999923706055,4.925000190734863,4.925000190734863,140284,Finance,
2020-02-03 14:30:00-05:00,4.929999828338623,5.010000228881836,4.925000190734863,4.96999979019165,4.96999979019165,214403,Finance,
2020-02-03 15:30:00-05:00,4.971199989318848,4.989999771118164,4.885000228881836,4.920000076293945,4.920000076293945,139091,Finance,
2020-02-04 09:30:00-05:00,4.980000019073486,5.1132001876831055,4.800000190734863,4.800000190734863,4.800000190734863,326131,Finance,
2020-02-04 10:30:00-05:00,4.79010009765625,4.860000133514404,4.599999904632568,4.860000133514404,4.860000133514404,522298,Finance,
2020-02-04 11:30:00-05:00,4.860000133514404,5.105000019073486,4.570000171661377,4.630000114440918,4.630000114440918,910899,Finance,
2020-02-04 12:30:00-05:00,4.625,4.708799839019775,4.579999923706055,4.659999847412109,4.659999847412109,391494,Finance,
2020-02-04 13:30:00-05:00,4.659999847412109,4.679999828338623,4.46999979019165,4.619999885559082,4.619999885559082,545138,Finance,
2020-02-04 14:30:00-05:00,4.614999771118164,4.650000095367432,4.550000190734863,4.579999923706055,4.579999923706055,108527,Finance,
2020-02-04 15:30:00-05:00,4.574999809265137,4.590000152587891,4.510000228881836,4.510000228881836,4.510000228881836,125274,Finance,
2020-02-05 09:30:00-05:00,4.579999923706055,4.635000228881836,4.519999980926514,4.625,4.625,231561,Finance,
2020-02-05 10:30:00-05:00,4.625,4.735000133514404,4.625,4.6875,4.6875,226500,Finance,
2020-02-05 11:30:00-05:00,4.684999942779541,4.710000038146973,4.659999847412109,4.690000057220459,4.690000057220459,188316,Finance,
2020-02-05 12:30:00-05:00,4.690000057220459,4.71999979019165,4.664999961853027,4.679999828338623,4.679999828338623,110222,Finance,
2020-02-05 13:30:00-05:00,4.679999828338623,4.722700119018555,4.670000076293945,4.715000152587891,4.715000152587891,92534,Finance,
2020-02-05 14:30:00-05:00,4.71999979019165,4.75,4.710000038146973,4.75,4.75,89972,Finance,
2020-02-05 15:30:00-05:00,4.75,4.775000095367432,4.730000019073486,4.739999771118164,4.739999771118164,222902,Finance,
2020-02-06 09:30:00-05:00,4.75,4.889999866485596,4.679999828338623,4.835000038146973,4.835000038146973,179312,Finance,
2020-02-06 10:30:00-05:00,4.820000171661377,4.820000171661377,4.670000076293945,4.710000038146973,4.710000038146973,126443,Finance,
2020-02-06 11:30:00-05:00,4.699999809265137,4.735000133514404,4.690000057220459,4.735000133514404,4.735000133514404,78301,Finance,
2020-02-06 12:30:00-05:00,4.739999771118164,4.755000114440918,4.710000038146973,4.75,4.75,74983,Finance,
2020-02-06 13:30:00-05:00,4.75,4.760000228881836,4.710000038146973,4.739999771118164,4.739999771118164,204733,Finance,
2020-02-06 14:30:00-05:00,4.730000019073486,4.809999942779541,4.730000019073486,4.775000095367432,4.775000095367432,68592,Finance,
2020-02-06 15:30:00-05:00,4.775000095367432,4.829999923706055,4.775000095367432,4.829999923706055,4.829999923706055,83086,Finance,
2020-02-07 09:30:00-05:00,4.900000095367432,4.929999828338623,4.860000133514404,4.900000095367432,4.900000095367432,187189,Finance,
2020-02-07 10:30:00-05:00,4.894999980926514,5.070000171661377,4.894999980926514,5.039999961853027,5.039999961853027,183139,Finance,
2020-02-07 11:30:00-05:00,5.0346999168396,5.070000171661377,5.0,5.0,5.0,100574,Finance,
2020-02-07 12:30:00-05:00,4.994999885559082,5.0,4.949999809265137,4.989999771118164,4.989999771118164,81406,Finance,
2020-02-07 13:30:00-05:00,4.989999771118164,5.019999980926514,4.929999828338623,4.934999942779541,4.934999942779541,53058,Finance,
2020-02-07 14:30:00-05:00,4.940000057220459,4.96999979019165,4.929999828338623,4.949999809265137,4.949999809265137,32703,Finance,
2020-02-07 15:30:00-05:00,4.949999809265137,4.980000019073486,4.949999809265137,4.96999979019165,4.96999979019165,90733,Finance,
2020-02-10 09:30:00-05:00,4.949999809265137,4.96999979019165,4.875,4.90500020980835,4.90500020980835,122088,Finance,
2020-02-10 10:30:00-05:00,4.90500020980835,4.949999809265137,4.899700164794922,4.949999809265137,4.949999809265137,29235,Finance,
2020-02-10 11:30:00-05:00,4.949999809265137,5.03000020980835,4.940000057220459,4.960000038146973,4.960000038146973,53089,Finance,
2020-02-10 12:30:00-05:00,4.960000038146973,4.989999771118164,4.929999828338623,4.940000057220459,4.940000057220459,45079,Finance,
2020-02-10 13:30:00-05:00,4.945000171661377,4.960000038146973,4.909999847412109,4.945000171661377,4.945000171661377,86418,Finance,
2020-02-10 14:30:00-05:00,4.949999809265137,4.96999979019165,4.920000076293945,4.965000152587891,4.965000152587891,67004,Finance,
2020-02-10 15:30:00-05:00,4.965000152587891,4.980000019073486,4.949999809265137,4.960000038146973,4.960000038146973,70696,Finance,
2020-02-11 09:30:00-05:00,4.989999771118164,4.989999771118164,4.800000190734863,4.875,4.875,166444,Finance,
2020-02-11 10:30:00-05:00,4.875,4.900000095367432,4.860000133514404,4.875,4.875,97109,Finance,
2020-02-11 11:30:00-05:00,4.875,4.875,4.744999885559082,4.78000020980835,4.78000020980835,162608,Finance,
2020-02-11 12:30:00-05:00,4.775000095367432,4.795000076293945,4.730000019073486,4.78000020980835,4.78000020980835,126891,Finance,
2020-02-11 13:30:00-05:00,4.775000095367432,4.809999942779541,4.760000228881836,4.804999828338623,4.804999828338623,114588,Finance,
2020-02-11 14:30:00-05:00,4.809999942779541,4.829999923706055,4.789999961853027,4.820000171661377,4.820000171661377,52889,Finance,
2020-02-11 15:30:00-05:00,4.824999809265137,4.829999923706055,4.800000190734863,4.809999942779541,4.809999942779541,49960,Finance,
2020-02-12 09:30:00-05:00,4.869900226593018,4.920000076293945,4.75,4.820000171661377,4.820000171661377,80073,Finance,
2020-02-12 10:30:00-05:00,4.815000057220459,4.824999809265137,4.789999961853027,4.800000190734863,4.800000190734863,196505,Finance,
2020-02-12 11:30:00-05:00,4.789999961853027,4.849999904632568,4.739999771118164,4.829999923706055,4.829999923706055,197855,Finance,
2020-02-12 12:30:00-05:00,4.835000038146973,4.835000038146973,4.739999771118164,4.760000228881836,4.760000228881836,86385,Finance,
2020-02-12 13:30:00-05:00,4.759900093078613,4.809999942779541,4.755000114440918,4.79010009765625,4.79010009765625,93127,Finance,
2020-02-12 14:30:00-05:00,4.784999847412109,4.789999961853027,4.710000038146973,4.724999904632568,4.724999904632568,116686,Finance,
2020-02-12 15:30:00-05:00,4.724999904632568,4.75,4.710000038146973,4.710000038146973,4.710000038146973,82330,Finance,
2020-02-13 09:30:00-05:00,4.610000133514404,4.610000133514404,4.5,4.5,4.5,323728,Finance,
2020-02-13 10:30:00-05:00,4.5,4.5,4.369999885559082,4.440000057220459,4.440000057220459,227896,Finance,
2020-02-13 11:30:00-05:00,4.440000057220459,4.440000057220459,4.389999866485596,4.389999866485596,4.389999866485596,203896,Finance,
2020-02-13 12:30:00-05:00,4.394999980926514,4.480000019073486,4.369999885559082,4.449999809265137,4.449999809265137,217674,Finance,
2020-02-13 13:30:00-05:00,4.454999923706055,4.460000038146973,4.295000076293945,4.399899959564209,4.399899959564209,302276,Finance,
2020-02-13 14:30:00-05:00,4.40500020980835,4.449999809265137,4.369999885559082,4.380000114440918,4.380000114440918,279009,Finance,
2020-02-13 15:30:00-05:00,4.369999885559082,4.380000114440918,4.340000152587891,4.340000152587891,4.340000152587891,103960,Finance,
2020-02-14 09:30:00-05:00,4.389999866485596,4.5,4.364999771118164,4.380000114440918,4.380000114440918,247729,Finance,
2020-02-14 10:30:00-05:00,4.385000228881836,4.460000038146973,4.300000190734863,4.349999904632568,4.349999904632568,131446,Finance,
2020-02-14 11:30:00-05:00,4.355000019073486,4.377999782562256,4.329999923706055,4.355000019073486,4.355000019073486,79586,Finance,
2020-02-14 12:30:00-05:00,4.360000133514404,4.460000038146973,4.340000152587891,4.420000076293945,4.420000076293945,268101,Finance,
2020-02-14 13:30:00-05:00,4.420000076293945,4.420000076293945,4.375,4.375,4.375,134421,Finance,
2020-02-14 14:30:00-05:00,4.375,4.389999866485596,4.349999904632568,4.349999904632568,4.349999904632568,87793,Finance,
2020-02-14 15:30:00-05:00,4.349999904632568,4.380000114440918,4.349999904632568,4.380000114440918,4.380000114440918,66865,Finance,
2020-02-18 09:30:00-05:00,4.380000114440918,4.440000057220459,4.340000152587891,4.355000019073486,4.355000019073486,245868,Finance,
2020-02-18 10:30:00-05:00,4.349999904632568,4.380000114440918,4.33620023727417,4.34499979019165,4.34499979019165,98948,Finance,
2020-02-18 11:30:00-05:00,4.349999904632568,4.375,4.300000190734863,4.369999885559082,4.369999885559082,146344,Finance,
2020-02-18 12:30:00-05:00,4.369999885559082,4.429999828338623,4.360000133514404,4.40500020980835,4.40500020980835,158803,Finance,
2020-02-18 13:30:00-05:00,4.400000095367432,4.40500020980835,4.380000114440918,4.380000114440918,4.380000114440918,91491,Finance,
2020-02-18 14:30:00-05:00,4.389999866485596,4.420000076293945,4.380000114440918,4.380000114440918,4.380000114440918,147755,Finance,
2020-02-18 15:30:00-05:00,4.380000114440918,4.460000038146973,4.329999923706055,4.380000114440918,4.380000114440918,135636,Finance,
2020-02-19 09:30:00-05:00,4.46999979019165,4.574999809265137,4.360000133514404,4.550000190734863,4.550000190734863,200100,Finance,
2020-02-19 10:30:00-05:00,4.550000190734863,4.590000152587891,4.510000228881836,4.574999809265137,4.574999809265137,168746,Finance,
2020-02-19 11:30:00-05:00,4.570099830627441,4.570099830627441,4.434999942779541,4.449999809265137,4.449999809265137,208910,Finance,
2020-02-19 12:30:00-05:00,4.445000171661377,4.460000038146973,4.385000228881836,4.409999847412109,4.409999847412109,85151,Finance,
2020-02-19 13:30:00-05:00,4.409999847412109,4.46999979019165,4.380000114440918,4.429999828338623,4.429999828338623,208120,Finance,
2020-02-19 14:30:00-05:00,4.4232001304626465,4.429999828338623,4.369999885559082,4.392399787902832,4.392399787902832,110083,Finance,
2020-02-19 15:30:00-05:00,4.389999866485596,4.429999828338623,4.380000114440918,4.409999847412109,4.409999847412109,111585,Finance,
2020-02-20 09:30:00-05:00,4.420000076293945,4.570000171661377,4.300000190734863,4.570000171661377,4.570000171661377,259728,Finance,
2020-02-20 10:30:00-05:00,4.565000057220459,4.610000133514404,4.480000019073486,4.570000171661377,4.570000171661377,303849,Finance,
2020-02-20 11:30:00-05:00,4.579999923706055,4.579999923706055,4.5,4.5,4.5,119317,Finance,
2020-02-20 12:30:00-05:00,4.494999885559082,4.539999961853027,4.480000019073486,4.519999980926514,4.519999980926514,60038,Finance,
2020-02-20 13:30:00-05:00,4.525000095367432,4.550000190734863,4.519999980926514,4.534999847412109,4.534999847412109,101926,Finance,
2020-02-20 14:30:00-05:00,4.539999961853027,4.579999923706055,4.53000020980835,4.565000057220459,4.565000057220459,112859,Finance,
2020-02-20 15:30:00-05:00,4.570000171661377,4.579999923706055,4.53000020980835,4.559999942779541,4.559999942779541,273862,Finance,
2020-02-21 09:30:00-05:00,4.590000152587891,4.590000152587891,4.449999809265137,4.489999771118164,4.489999771118164,156584,Finance,
2020-02-21 10:30:00-05:00,4.482500076293945,4.639999866485596,4.46999979019165,4.630000114440918,4.630000114440918,129388,Finance,
2020-02-21 11:30:00-05:00,4.619999885559082,4.639999866485596,4.579999923706055,4.610000133514404,4.610000133514404,72154,Finance,
2020-02-21 12:30:00-05:00,4.610000133514404,4.610000133514404,4.559999942779541,4.559999942779541,4.559999942779541,26194,Finance,
2020-02-21 13:30:00-05:00,4.559999942779541,4.570000171661377,4.5,4.570000171661377,4.570000171661377,159131,Finance,
2020-02-21 14:30:00-05:00,4.570000171661377,4.590000152587891,4.559999942779541,4.579999923706055,4.579999923706055,38938,Finance,
2020-02-21 15:30:00-05:00,4.579999923706055,4.590000152587891,4.550000190734863,4.590000152587891,4.590000152587891,153247,Finance,
2020-02-24 09:30:00-05:00,4.400000095367432,4.440000057220459,4.324999809265137,4.381499767303467,4.381499767303467,116072,Finance,
2020-02-24 10:30:00-05:00,4.389999866485596,4.46999979019165,4.370999813079834,4.46999979019165,4.46999979019165,56425,Finance,
2020-02-24 11:30:00-05:00,4.480000019073486,4.487100124359131,4.400000095367432,4.440000057220459,4.440000057220459,90918,Finance,
2020-02-24 12:30:00-05:00,4.440000057220459,4.480000019073486,4.420000076293945,4.449999809265137,4.449999809265137,111427,Finance,
2020-02-24 13:30:00-05:00,4.460000038146973,4.489999771118164,4.429999828338623,4.489999771118164,4.489999771118164,65038,Finance,
2020-02-24 14:30:00-05:00,4.485000133514404,4.539999961853027,4.46999979019165,4.477499961853027,4.477499961853027,78942,Finance,
2020-02-24 15:30:00-05:00,4.46999979019165,4.485000133514404,4.460000038146973,4.46999979019165,4.46999979019165,29027,Finance,
2020-02-25 09:30:00-05:00,4.550000190734863,4.550000190734863,4.400000095367432,4.440000057220459,4.440000057220459,68030,Finance,
2020-02-25 10:30:00-05:00,4.420000076293945,4.425000190734863,4.309999942779541,4.375,4.375,94297,Finance,
2020-02-25 11:30:00-05:00,4.380000114440918,4.400000095367432,4.340000152587891,4.340000152587891,4.340000152587891,65167,Finance,
2020-02-25 12:30:00-05:00,4.340000152587891,4.349999904632568,4.264999866485596,4.275000095367432,4.275000095367432,99381,Finance,
2020-02-25 13:30:00-05:00,4.270100116729736,4.289999961853027,4.21120023727417,4.21999979019165,4.21999979019165,175058,Finance,
2020-02-25 14:30:00-05:00,4.210000038146973,4.260000228881836,4.199999809265137,4.215000152587891,4.215000152587891,79262,Finance,
2020-02-25 15:30:00-05:00,4.210000038146973,4.239999771118164,4.195000171661377,4.239999771118164,4.239999771118164,80112,Finance,
2020-02-26 09:30:00-05:00,4.239999771118164,4.369999885559082,4.22160005569458,4.369999885559082,4.369999885559082,171176,Finance,
2020-02-26 10:30:00-05:00,4.355000019073486,4.369999885559082,4.300000190734863,4.34499979019165,4.34499979019165,83439,Finance,
2020-02-26 11:30:00-05:00,4.34499979019165,4.360000133514404,4.269999980926514,4.283400058746338,4.283400058746338,123228,Finance,
2020-02-26 12:30:00-05:00,4.289999961853027,4.309999942779541,4.25,4.289999961853027,4.289999961853027,80225,Finance,
2020-02-26 13:30:00-05:00,4.28000020980835,4.307499885559082,4.26039981842041,4.28000020980835,4.28000020980835,76754,Finance,
2020-02-26 14:30:00-05:00,4.269999980926514,4.300000190734863,4.260000228881836,4.28000020980835,4.28000020980835,49671,Finance,
2020-02-26 15:30:00-05:00,4.284999847412109,4.300000190734863,4.269999980926514,4.269999980926514,4.269999980926514,51731,Finance,
2020-02-27 09:30:00-05:00,4.159999847412109,4.179999828338623,3.950000047683716,3.9649999141693115,3.9649999141693115,311806,Finance,
2020-02-27 10:30:00-05:00,3.962100028991699,4.130000114440918,3.9600000381469727,4.090000152587891,4.090000152587891,278976,Finance,
2020-02-27 11:30:00-05:00,4.090099811553955,4.230000019073486,4.090000152587891,4.21999979019165,4.21999979019165,192344,Finance,
2020-02-27 12:30:00-05:00,4.21999979019165,4.309999942779541,4.21999979019165,4.300000190734863,4.300000190734863,129628,Finance,
2020-02-27 13:30:00-05:00,4.295000076293945,4.329999923706055,4.21999979019165,4.284999847412109,4.284999847412109,278854,Finance,
2020-02-27 14:30:00-05:00,4.28000020980835,4.289999961853027,4.230000019073486,4.239999771118164,4.239999771118164,61750,Finance,
2020-02-27 15:30:00-05:00,4.230000019073486,4.244999885559082,4.190000057220459,4.210000038146973,4.210000038146973,98460,Finance,
2020-02-28 09:30:00-05:00,4.110000133514404,4.119999885559082,3.9200000762939453,4.03000020980835,4.03000020980835,324130,Finance,
2020-02-28 10:30:00-05:00,4.03000020980835,4.090000152587891,4.0,4.059999942779541,4.059999942779541,156131,Finance,
2020-02-28 11:30:00-05:00,4.070000171661377,4.139999866485596,4.039999961853027,4.090000152587891,4.090000152587891,171866,Finance,
2020-02-28 12:30:00-05:00,4.090000152587891,4.099999904632568,4.050000190734863,4.050000190734863,4.050000190734863,189782,Finance,
2020-02-28 13:30:00-05:00,4.039999961853027,4.039999961853027,3.9700000286102295,4.010000228881836,4.010000228881836,150216,Finance,
2020-02-28 14:30:00-05:00,4.010000228881836,4.039999961853027,3.990000009536743,4.014999866485596,4.014999866485596,177819,Finance,
2020-02-28 15:30:00-05:00,4.010000228881836,4.070000171661377,4.000999927520752,4.03000020980835,4.03000020980835,142775,Finance,
2020-03-02 09:30:00-05:00,4.079999923706055,4.139999866485596,3.9700000286102295,4.110000133514404,4.110000133514404,185355,Finance,
2020-03-02 10:30:00-05:00,4.099999904632568,4.114999771118164,4.039999961853027,4.110000133514404,4.110000133514404,140526,Finance,
2020-03-02 11:30:00-05:00,4.120100021362305,4.199999809265137,4.090000152587891,4.179999828338623,4.179999828338623,178707,Finance,
2020-03-02 12:30:00-05:00,4.179999828338623,4.190000057220459,4.119999885559082,4.139999866485596,4.139999866485596,105550,Finance,
2020-03-02 13:30:00-05:00,4.139999866485596,4.170000076293945,4.119999885559082,4.130000114440918,4.130000114440918,56064,Finance,
2020-03-02 14:30:00-05:00,4.150000095367432,4.150000095367432,4.119999885559082,4.150000095367432,4.150000095367432,45324,Finance,
2020-03-02 15:30:00-05:00,4.144999980926514,4.239999771118164,4.139999866485596,4.239999771118164,4.239999771118164,69285,Finance,
2020-03-03 09:30:00-05:00,4.230000019073486,4.440000057220459,4.21999979019165,4.349999904632568,4.349999904632568,171311,Finance,
2020-03-03 10:30:00-05:00,4.340000152587891,4.449999809265137,4.300000190734863,4.309999942779541,4.309999942779541,179771,Finance,
2020-03-03 11:30:00-05:00,4.300000190734863,4.445000171661377,4.300000190734863,4.380000114440918,4.380000114440918,56461,Finance,
2020-03-03 12:30:00-05:00,4.389999866485596,4.420000076293945,4.28000020980835,4.289999961853027,4.289999961853027,118079,Finance,
2020-03-03 13:30:00-05:00,4.29610013961792,4.300000190734863,4.170000076293945,4.215000152587891,4.215000152587891,119086,Finance,
2020-03-03 14:30:00-05:00,4.210000038146973,4.239999771118164,4.170000076293945,4.210000038146973,4.210000038146973,91973,Finance,
2020-03-03 15:30:00-05:00,4.210000038146973,4.210000038146973,4.139999866485596,4.159999847412109,4.159999847412109,191262,Finance,
2020-03-04 09:30:00-05:00,4.230000019073486,4.309999942779541,4.159999847412109,4.295000076293945,4.295000076293945,136470,Finance,
2020-03-04 10:30:00-05:00,4.289999961853027,4.300000190734863,4.239999771118164,4.295000076293945,4.295000076293945,93016,Finance,
2020-03-04 11:30:00-05:00,4.289999961853027,4.320000171661377,4.28000020980835,4.315000057220459,4.315000057220459,38197,Finance,
2020-03-04 12:30:00-05:00,4.320000171661377,4.397600173950195,4.320000171661377,4.389999866485596,4.389999866485596,33355,Finance,
2020-03-04 13:30:00-05:00,4.380000114440918,4.440000057220459,4.347300052642822,4.429999828338623,4.429999828338623,81941,Finance,
2020-03-04 14:30:00-05:00,4.430099964141846,4.440000057220459,4.40500020980835,4.440000057220459,4.440000057220459,34032,Finance,
2020-03-04 15:30:00-05:00,4.449999809265137,4.480000019073486,4.429999828338623,4.480000019073486,4.480000019073486,81601,Finance,
2020-03-05 09:30:00-05:00,4.300000190734863,4.355999946594238,4.289999961853027,4.340000152587891,4.340000152587891,62553,Finance,
2020-03-05 10:30:00-05:00,4.329999923706055,4.420000076293945,4.329999923706055,4.389999866485596,4.389999866485596,56822,Finance,
2020-03-05 11:30:00-05:00,4.389999866485596,4.400000095367432,4.340000152587891,4.349999904632568,4.349999904632568,30439,Finance,
2020-03-05 12:30:00-05:00,4.369999885559082,4.380000114440918,4.329999923706055,4.360000133514404,4.360000133514404,33636,Finance,
2020-03-05 13:30:00-05:00,4.364999771118164,4.429999828338623,4.349999904632568,4.409999847412109,4.409999847412109,49112,Finance,
2020-03-05 14:30:00-05:00,4.420000076293945,4.460000038146973,4.400000095367432,4.409999847412109,4.409999847412109,57310,Finance,
2020-03-05 15:30:00-05:00,4.409999847412109,4.420000076293945,4.389999866485596,4.389999866485596,4.389999866485596,59303,Finance,
2020-03-06 09:30:00-05:00,4.260000228881836,4.329999923706055,4.21999979019165,4.284999847412109,4.284999847412109,84871,Finance,
2020-03-06 10:30:00-05:00,4.289999961853027,4.329999923706055,4.170000076293945,4.179999828338623,4.179999828338623,56611,Finance,
2020-03-06 11:30:00-05:00,4.170000076293945,4.190000057220459,4.125,4.130000114440918,4.130000114440918,72049,Finance,
2020-03-06 12:30:00-05:00,4.119999885559082,4.150000095367432,4.099999904632568,4.139999866485596,4.139999866485596,76042,Finance,
2020-03-06 13:30:00-05:00,4.139999866485596,4.150000095367432,4.079999923706055,4.099999904632568,4.099999904632568,87847,Finance,
2020-03-06 14:30:00-05:00,4.090000152587891,4.099999904632568,4.060100078582764,4.074999809265137,4.074999809265137,54097,Finance,
2020-03-06 15:30:00-05:00,4.074999809265137,4.119999885559082,4.065000057220459,4.079999923706055,4.079999923706055,64095,Finance,
2020-03-09 09:30:00-04:00,3.700000047683716,3.700000047683716,3.490000009536743,3.5499000549316406,3.5499000549316406,213853,Finance,
2020-03-09 10:30:00-04:00,3.5499000549316406,3.6050000190734863,3.4200000762939453,3.5399999618530273,3.5399999618530273,378319,Finance,
2020-03-09 11:30:00-04:00,3.5399999618530273,3.609999895095825,3.5399999618530273,3.5899999141693115,3.5899999141693115,107078,Finance,
2020-03-09 12:30:00-04:00,3.58270001411438,3.5899999141693115,3.48009991645813,3.490000009536743,3.490000009536743,133871,Finance,
2020-03-09 13:30:00-04:00,3.48009991645813,3.4899001121520996,3.430000066757202,3.430000066757202,3.430000066757202,97868,Finance,
2020-03-09 14:30:00-04:00,3.4200000762939453,3.4700000286102295,3.390000104904175,3.4149999618530273,3.4149999618530273,171380,Finance,
2020-03-09 15:30:00-04:00,3.4100000858306885,3.4200000762939453,3.369999885559082,3.369999885559082,3.369999885559082,75010,Finance,
2020-03-10 09:30:00-04:00,3.5199999809265137,3.634999990463257,3.4749999046325684,3.5801000595092773,3.5801000595092773,161705,Finance,
2020-03-10 10:30:00-04:00,3.5850000381469727,3.609999895095825,3.5299999713897705,3.5399999618530273,3.5399999618530273,52127,Finance,
2020-03-10 11:30:00-04:00,3.530100107192993,3.5399999618530273,3.4800000190734863,3.5299999713897705,3.5299999713897705,101630,Finance,
2020-03-10 12:30:00-04:00,3.5299999713897705,3.640000104904175,3.5199999809265137,3.6361000537872314,3.6361000537872314,91407,Finance,
2020-03-10 13:30:00-04:00,3.630000114440918,3.740000009536743,3.625,3.740000009536743,3.740000009536743,53906,Finance,
2020-03-10 14:30:00-04:00,3.734999895095825,3.7899999618530273,3.7300000190734863,3.7899999618530273,3.7899999618530273,45888,Finance,
2020-03-10 15:30:00-04:00,3.7899999618530273,3.819999933242798,3.7799999713897705,3.809999942779541,3.809999942779541,41981,Finance,
2020-03-11 09:30:00-04:00,3.640000104904175,3.740000009536743,3.5999999046325684,3.630000114440918,3.630000114440918,0,Finance,
2020-03-11 10:30:00-04:00,3.630000114440918,3.6500000953674316,3.559999942779541,3.5799999237060547,3.5799999237060547,73171,Finance,
2020-03-11 11:30:00-04:00,3.569999933242798,3.630000114440918,3.549999952316284,3.5899999141693115,3.5899999141693115,220931,Finance,
2020-03-11 12:30:00-04:00,3.5899999141693115,3.5999999046325684,3.4600000381469727,3.4800000190734863,3.4800000190734863,128983,Finance,
2020-03-11 13:30:00-04:00,3.4769999980926514,3.490000009536743,3.380000114440918,3.380000114440918,3.380000114440918,179720,Finance,
2020-03-11 14:30:00-04:00,3.380000114440918,3.380000114440918,3.2699999809265137,3.2699999809265137,3.2699999809265137,211421,Finance,
2020-03-11 15:30:00-04:00,3.2699999809265137,3.316999912261963,3.2600998878479004,3.2899999618530273,3.2899999618530273,262439,Finance,
2020-03-12 09:30:00-04:00,2.869999885559082,2.9000000953674316,2.309999942779541,2.799999952316284,2.799999952316284,854344,Finance,
2020-03-12 10:30:00-04:00,2.7950000762939453,2.819999933242798,2.6500000953674316,2.6700000762939453,2.6700000762939453,537841,Finance,
2020-03-12 11:30:00-04:00,2.6700000762939453,2.7300000190734863,2.4800000190734863,2.694999933242798,2.694999933242798,410472,Finance,
2020-03-12 12:30:00-04:00,2.680000066757202,2.950000047683716,2.630000114440918,2.799999952316284,2.799999952316284,224673,Finance,
2020-03-12 13:30:00-04:00,2.819999933242798,2.859999895095825,2.7899999618530273,2.8299999237060547,2.8299999237060547,48612,Finance,
2020-03-12 14:30:00-04:00,2.8299999237060547,2.8299999237060547,2.5999999046325684,2.640000104904175,2.640000104904175,495686,Finance,
2020-03-12 15:30:00-04:00,2.6500000953674316,2.6500000953674316,2.5899999141693115,2.5999999046325684,2.5999999046325684,355708,Finance,
2020-03-13 09:30:00-04:00,2.859999895095825,2.940000057220459,2.6600000858306885,2.890000104904175,2.890000104904175,318561,Finance,
2020-03-13 10:30:00-04:00,2.890000104904175,2.9200000762939453,2.759999990463257,2.759999990463257,2.759999990463257,88756,Finance,
2020-03-13 11:30:00-04:00,2.75,2.755000114440918,2.640000104904175,2.700000047683716,2.700000047683716,62161,Finance,
2020-03-13 12:30:00-04:00,2.687700033187866,2.740000009536743,2.684999942779541,2.73009991645813,2.73009991645813,58060,Finance,
2020-03-13 13:30:00-04:00,2.740000009536743,2.799999952316284,2.7200000286102295,2.755000114440918,2.755000114440918,169580,Finance,
2020-03-13 14:30:00-04:00,2.75,2.8299999237060547,2.7400999069213867,2.825000047683716,2.825000047683716,90751,Finance,
2020-03-13 15:30:00-04:00,2.819999933242798,2.9000000953674316,2.799999952316284,2.9000000953674316,2.9000000953674316,97205,Finance,
2020-03-16 09:30:00-04:00,2.5,2.630000114440918,2.493799924850464,2.5999999046325684,2.5999999046325684,168698,Finance,
2020-03-16 10:30:00-04:00,2.609999895095825,2.8499999046325684,2.609999895095825,2.8350000381469727,2.8350000381469727,101561,Finance,
2020-03-16 11:30:00-04:00,2.8299999237060547,2.8301000595092773,2.680000066757202,2.684999942779541,2.684999942779541,153249,Finance,
2020-03-16 12:30:00-04:00,2.684999942779541,2.6900999546051025,2.680000066757202,2.680000066757202,2.680000066757202,105474,Finance,
2020-03-16 13:30:00-04:00,2.690000057220459,2.690000057220459,2.5799999237060547,2.5899999141693115,2.5899999141693115,95793,Finance,
2020-03-16 14:30:00-04:00,2.59060001373291,2.700000047683716,2.5899999141693115,2.6600000858306885,2.6600000858306885,56335,Finance,
2020-03-16 15:30:00-04:00,2.6500000953674316,2.6600000858306885,2.630000114440918,2.6500000953674316,2.6500000953674316,50620,Finance,
2020-03-17 09:30:00-04:00,2.7300000190734863,2.7300000190734863,2.559999942779541,2.684999942779541,2.684999942779541,86565,Finance,
2020-03-17 10:30:00-04:00,2.6700000762939453,2.7699999809265137,2.6600000858306885,2.700000047683716,2.700000047683716,96217,Finance,
2020-03-17 11:30:00-04:00,2.700000047683716,2.799999952316284,2.6600000858306885,2.7799999713897705,2.7799999713897705,157867,Finance,
2020-03-17 12:30:00-04:00,2.7799999713897705,2.7899999618530273,2.6500000953674316,2.6500000953674316,2.6500000953674316,99909,Finance,
2020-03-17 13:30:00-04:00,2.6500000953674316,2.799999952316284,2.640000104904175,2.7950000762939453,2.7950000762939453,121107,Finance,
2020-03-17 14:30:00-04:00,2.7899999618530273,2.8399999141693115,2.759999990463257,2.7799999713897705,2.7799999713897705,174062,Finance,
2020-03-17 15:30:00-04:00,2.7699999809265137,2.8499999046325684,2.7699999809265137,2.819999933242798,2.819999933242798,158218,Finance,
2020-03-18 09:30:00-04:00,2.609999895095825,2.609999895095825,2.430000066757202,2.559999942779541,2.559999942779541,202347,Finance,
2020-03-18 10:30:00-04:00,2.550100088119507,2.559999942779541,2.430000066757202,2.4700000286102295,2.4700000286102295,140551,Finance,
2020-03-18 11:30:00-04:00,2.4800000190734863,2.490000009536743,2.380000114440918,2.380000114440918,2.380000114440918,91490,Finance,
2020-03-18 12:30:00-04:00,2.380000114440918,2.4000000953674316,2.2699999809265137,2.309999942779541,2.309999942779541,117790,Finance,
2020-03-18 13:30:00-04:00,2.319999933242798,2.369999885559082,2.2100000381469727,2.25,2.25,252377,Finance,
2020-03-18 14:30:00-04:00,2.255000114440918,2.5,2.25,2.3350000381469727,2.3350000381469727,269891,Finance,
2020-03-18 15:30:00-04:00,2.3299999237060547,2.5299999713897705,2.3299999237060547,2.490000009536743,2.490000009536743,172247,Finance,
2020-03-19 09:30:00-04:00,2.3299999237060547,2.569999933242798,2.319999933242798,2.5399999618530273,2.5399999618530273,0,Finance,
2020-03-19 10:30:00-04:00,2.536799907684326,2.567500114440918,2.4100000858306885,2.5,2.5,84159,Finance,
2020-03-19 11:30:00-04:00,2.490000009536743,2.5999999046325684,2.3510000705718994,2.380000114440918,2.380000114440918,190966,Finance,
2020-03-19 12:30:00-04:00,2.380000114440918,2.440000057220459,2.359999895095825,2.4200000762939453,2.4200000762939453,55728,Finance,
2020-03-19 13:30:00-04:00,2.390000104904175,2.5399999618530273,2.390000104904175,2.490000009536743,2.490000009536743,169450,Finance,
2020-03-19 14:30:00-04:00,2.490000009536743,2.5399999618530273,2.369999885559082,2.509999990463257,2.509999990463257,137713,Finance,
2020-03-19 15:30:00-04:00,2.5,2.5299999713897705,2.2100000381469727,2.2899999618530273,2.2899999618530273,233389,Finance,
2020-03-20 09:30:00-04:00,2.3389999866485596,2.4800000190734863,2.2699999809265137,2.4600000381469727,2.4600000381469727,131878,Finance,
2020-03-20 10:30:00-04:00,2.4649999141693115,2.700000047683716,2.4649999141693115,2.5899999141693115,2.5899999141693115,227331,Finance,
2020-03-20 11:30:00-04:00,2.5899999141693115,2.6500000953674316,2.509999990463257,2.509999990463257,2.509999990463257,79375,Finance,
2020-03-20 12:30:00-04:00,2.5199999809265137,2.5799999237060547,2.5,2.5199999809265137,2.5199999809265137,85251,Finance,
2020-03-20 13:30:00-04:00,2.5299999713897705,2.549999952316284,2.440000057220459,2.450000047683716,2.450000047683716,70047,Finance,
2020-03-20 14:30:00-04:00,2.430000066757202,2.440000057220459,2.4000000953674316,2.4149999618530273,2.4149999618530273,36225,Finance,
2020-03-20 15:30:00-04:00,2.4200000762939453,2.4600000381469727,2.4149999618530273,2.4200000762939453,2.4200000762939453,79575,Finance,
2020-03-23 09:30:00-04:00,2.3299999237060547,2.3980000019073486,2.25,2.3299999237060547,2.3299999237060547,82501,Finance,
2020-03-23 10:30:00-04:00,2.344099998474121,2.4100000858306885,2.299999952316284,2.359999895095825,2.359999895095825,174435,Finance,
2020-03-23 11:30:00-04:00,2.353100061416626,2.375,2.299999952316284,2.3287999629974365,2.3287999629974365,124290,Finance,
2020-03-23 12:30:00-04:00,2.319999933242798,2.4200000762939453,2.309999942779541,2.359999895095825,2.359999895095825,30400,Finance,
2020-03-23 13:30:00-04:00,2.359999895095825,2.375,2.283099889755249,2.3297998905181885,2.3297998905181885,42571,Finance,
2020-03-23 14:30:00-04:00,2.3294999599456787,2.359999895095825,2.299999952316284,2.3399999141693115,2.3399999141693115,74065,Finance,
2020-03-23 15:30:00-04:00,2.309999942779541,2.3299999237060547,2.2799999713897705,2.309999942779541,2.309999942779541,50123,Finance,
2020-03-24 09:30:00-04:00,2.5199999809265137,2.6700000762939453,2.4600000381469727,2.5999999046325684,2.5999999046325684,0,Finance,
2020-03-24 10:30:00-04:00,2.569999933242798,2.5899999141693115,2.4800000190734863,2.5850000381469727,2.5850000381469727,128478,Finance,
2020-03-24 11:30:00-04:00,2.5801000595092773,2.617000102996826,2.569999933242798,2.609999895095825,2.609999895095825,80034,Finance,
2020-03-24 12:30:00-04:00,2.609999895095825,2.680000066757202,2.569999933242798,2.5899999141693115,2.5899999141693115,249552,Finance,
2020-03-24 13:30:00-04:00,2.5999999046325684,2.609999895095825,2.4600000381469727,2.5399999618530273,2.5399999618530273,95565,Finance,
2020-03-24 14:30:00-04:00,2.5299999713897705,2.569999933242798,2.5,2.569999933242798,2.569999933242798,85842,Finance,
2020-03-24 15:30:00-04:00,2.569999933242798,2.5899999141693115,2.5299999713897705,2.5773000717163086,2.5773000717163086,98691,Finance,
2020-03-25 09:30:00-04:00,2.5799999237060547,2.7200000286102295,2.4800000190734863,2.5899999141693115,2.5899999141693115,0,Finance,
2020-03-25 10:30:00-04:00,2.5999999046325684,2.700000047683716,2.5799999237060547,2.640000104904175,2.640000104904175,43299,Finance,
2020-03-25 11:30:00-04:00,2.6500000953674316,2.677000045776367,2.615000009536743,2.677000045776367,2.677000045776367,70923,Finance,
2020-03-25 12:30:00-04:00,2.6700000762939453,2.819999933242798,2.6600000858306885,2.7950000762939453,2.7950000762939453,141007,Finance,
2020-03-25 13:30:00-04:00,2.799999952316284,2.819999933242798,2.5799999237060547,2.6700000762939453,2.6700000762939453,200305,Finance,
2020-03-25 14:30:00-04:00,2.6500000953674316,2.700000047683716,2.5999999046325684,2.630000114440918,2.630000114440918,139053,Finance,
2020-03-25 15:30:00-04:00,2.630000114440918,2.6700000762939453,2.5999999046325684,2.609999895095825,2.609999895095825,193110,Finance,
2020-03-26 09:30:00-04:00,2.5999999046325684,2.7799999713897705,2.5799999237060547,2.75,2.75,0,Finance,
2020-03-26 10:30:00-04:00,2.740000009536743,2.7799999713897705,2.690000057220459,2.740000009536743,2.740000009536743,108232,Finance,
2020-03-26 11:30:00-04:00,2.7300000190734863,2.7699999809265137,2.700000047683716,2.740000009536743,2.740000009536743,128087,Finance,
2020-03-26 12:30:00-04:00,2.740000009536743,2.7499001026153564,2.619999885559082,2.6500000953674316,2.6500000953674316,91569,Finance,
2020-03-26 13:30:00-04:00,2.640199899673462,2.6700000762939453,2.5899999141693115,2.5999999046325684,2.5999999046325684,106620,Finance,
2020-03-26 14:30:00-04:00,2.609999895095825,2.640000104904175,2.575000047683716,2.5950000286102295,2.5950000286102295,91067,Finance,
2020-03-26 15:30:00-04:00,2.5950000286102295,2.640000104904175,2.569999933242798,2.5999999046325684,2.5999999046325684,120184,Finance,
2020-03-27 09:30:00-04:00,2.48009991645813,2.490000009536743,2.3299999237060547,2.380000114440918,2.380000114440918,0,Finance,
2020-03-27 10:30:00-04:00,2.3701000213623047,2.430000066757202,2.3499999046325684,2.4100000858306885,2.4100000858306885,114984,Finance,
2020-03-27 11:30:00-04:00,2.4100000858306885,2.4200000762939453,2.4100000858306885,2.4100000858306885,2.4100000858306885,92816,Finance,
2020-03-27 12:30:00-04:00,2.4100000858306885,2.4200000762939453,2.384999990463257,2.384999990463257,2.384999990463257,96987,Finance,
2020-03-27 13:30:00-04:00,2.380000114440918,2.440000057220459,2.375,2.390000104904175,2.390000104904175,59554,Finance,
2020-03-27 14:30:00-04:00,2.3801000118255615,2.390000104904175,2.359999895095825,2.374500036239624,2.374500036239624,114748,Finance,
2020-03-27 15:30:00-04:00,2.369999885559082,2.380000114440918,2.309999942779541,2.319999933242798,2.319999933242798,103711,Finance,
