Datetime,Open,High,Low,Close,Adj Close,Volume,Sector,IPOyear
2020-01-02 09:30:00-05:00,13.960000038146973,13.989999771118164,13.710000038146973,13.859999656677246,13.859999656677246,68725,Basic Industries,
2020-01-02 10:30:00-05:00,13.873800277709961,13.960000038146973,13.84000015258789,13.846500396728516,13.846500396728516,46761,Basic Industries,
2020-01-02 11:30:00-05:00,13.836299896240234,13.9350004196167,13.800000190734863,13.829999923706055,13.829999923706055,35965,Basic Industries,
2020-01-02 12:30:00-05:00,13.819999694824219,13.859999656677246,13.760000228881836,13.760000228881836,13.760000228881836,26762,Basic Industries,
2020-01-02 13:30:00-05:00,13.760000228881836,13.786999702453613,13.6899995803833,13.694999694824219,13.694999694824219,41497,Basic Industries,
2020-01-02 14:30:00-05:00,13.694999694824219,13.819999694824219,13.6899995803833,13.770000457763672,13.770000457763672,36284,Basic Industries,
2020-01-02 15:30:00-05:00,13.761300086975098,13.800000190734863,13.75,13.770000457763672,13.770000457763672,29112,Basic Industries,
2020-01-03 09:30:00-05:00,14.0,14.0,13.84000015258789,13.890000343322754,13.890000343322754,53667,Basic Industries,
2020-01-03 10:30:00-05:00,13.869999885559082,13.899999618530273,13.75,13.84000015258789,13.84000015258789,33153,Basic Industries,
2020-01-03 11:30:00-05:00,13.84000015258789,13.854999542236328,13.670000076293945,13.680000305175781,13.680000305175781,30229,Basic Industries,
2020-01-03 12:30:00-05:00,13.689900398254395,13.720000267028809,13.630000114440918,13.65999984741211,13.65999984741211,19902,Basic Industries,
2020-01-03 13:30:00-05:00,13.649999618530273,13.6899995803833,13.510000228881836,13.539999961853027,13.539999961853027,49616,Basic Industries,
2020-01-03 14:30:00-05:00,13.54069995880127,13.54069995880127,13.430000305175781,13.520000457763672,13.520000457763672,58416,Basic Industries,
2020-01-03 15:30:00-05:00,13.520000457763672,13.520000457763672,13.449999809265137,13.479999542236328,13.479999542236328,57261,Basic Industries,
2020-01-06 09:30:00-05:00,14.020000457763672,14.050000190734863,13.460000038146973,13.510000228881836,13.510000228881836,193148,Basic Industries,
2020-01-06 10:30:00-05:00,13.489999771118164,13.600000381469727,13.460000038146973,13.5,13.5,71904,Basic Industries,
2020-01-06 11:30:00-05:00,13.489999771118164,13.609999656677246,13.479999542236328,13.550000190734863,13.550000190734863,32254,Basic Industries,
2020-01-06 12:30:00-05:00,13.555000305175781,13.6899995803833,13.550000190734863,13.65999984741211,13.65999984741211,36748,Basic Industries,
2020-01-06 13:30:00-05:00,13.649999618530273,13.680000305175781,13.59000015258789,13.600000381469727,13.600000381469727,22923,Basic Industries,
2020-01-06 14:30:00-05:00,13.59000015258789,13.59000015258789,13.489999771118164,13.539999961853027,13.539999961853027,31584,Basic Industries,
2020-01-06 15:30:00-05:00,13.550000190734863,13.595000267028809,13.539999961853027,13.59000015258789,13.59000015258789,37154,Basic Industries,
2020-01-07 09:30:00-05:00,13.579999923706055,13.770000457763672,13.420000076293945,13.729999542236328,13.729999542236328,63520,Basic Industries,
2020-01-07 10:30:00-05:00,13.710000038146973,13.84000015258789,13.710000038146973,13.800000190734863,13.800000190734863,38389,Basic Industries,
2020-01-07 11:30:00-05:00,13.8100004196167,13.920000076293945,13.75,13.869999885559082,13.869999885559082,114243,Basic Industries,
2020-01-07 12:30:00-05:00,13.880000114440918,13.930000305175781,13.829999923706055,13.899999618530273,13.899999618530273,47134,Basic Industries,
2020-01-07 13:30:00-05:00,13.904999732971191,13.949999809265137,13.770000457763672,13.819999694824219,13.819999694824219,24331,Basic Industries,
2020-01-07 14:30:00-05:00,13.819999694824219,13.819999694824219,13.6899995803833,13.725000381469727,13.725000381469727,49681,Basic Industries,
2020-01-07 15:30:00-05:00,13.744999885559082,13.774999618530273,13.710000038146973,13.770000457763672,13.770000457763672,30851,Basic Industries,
2020-01-08 09:30:00-05:00,13.75,13.75,13.40999984741211,13.479999542236328,13.479999542236328,100820,Basic Industries,
2020-01-08 10:30:00-05:00,13.470600128173828,13.5,13.270000457763672,13.3100004196167,13.3100004196167,151695,Basic Industries,
2020-01-08 11:30:00-05:00,13.3149995803833,13.380000114440918,13.109600067138672,13.140000343322754,13.140000343322754,85323,Basic Industries,
2020-01-08 12:30:00-05:00,13.130000114440918,13.199999809265137,13.050000190734863,13.0600004196167,13.0600004196167,35319,Basic Industries,
2020-01-08 13:30:00-05:00,13.054900169372559,13.054900169372559,12.869999885559082,12.890000343322754,12.890000343322754,65762,Basic Industries,
2020-01-08 14:30:00-05:00,12.890000343322754,12.934100151062012,12.800000190734863,12.869999885559082,12.869999885559082,50408,Basic Industries,
2020-01-08 15:30:00-05:00,12.869999885559082,12.890000343322754,12.789999961853027,12.819999694824219,12.819999694824219,104542,Basic Industries,
2020-01-09 09:30:00-05:00,12.640000343322754,12.701399803161621,12.449999809265137,12.517200469970703,12.517200469970703,150302,Basic Industries,
2020-01-09 10:30:00-05:00,12.5,12.600000381469727,12.470000267028809,12.59630012512207,12.59630012512207,57530,Basic Industries,
2020-01-09 11:30:00-05:00,12.595000267028809,12.597299575805664,12.479999542236328,12.539999961853027,12.539999961853027,29742,Basic Industries,
2020-01-09 12:30:00-05:00,12.529999732971191,12.59000015258789,12.489999771118164,12.5600004196167,12.5600004196167,34515,Basic Industries,
2020-01-09 13:30:00-05:00,12.550000190734863,12.555000305175781,12.5,12.510000228881836,12.510000228881836,18440,Basic Industries,
2020-01-09 14:30:00-05:00,12.510000228881836,12.579999923706055,12.5,12.529999732971191,12.529999732971191,61401,Basic Industries,
2020-01-09 15:30:00-05:00,12.529999732971191,12.555000305175781,12.520000457763672,12.53499984741211,12.53499984741211,96363,Basic Industries,
2020-01-10 09:30:00-05:00,12.539999961853027,12.979999542236328,12.539999961853027,12.880000114440918,12.880000114440918,71972,Basic Industries,
2020-01-10 10:30:00-05:00,12.90999984741211,13.119999885559082,12.90999984741211,13.064000129699707,13.064000129699707,38314,Basic Industries,
2020-01-10 11:30:00-05:00,13.100000381469727,13.199999809265137,13.09000015258789,13.100000381469727,13.100000381469727,58618,Basic Industries,
2020-01-10 12:30:00-05:00,13.109999656677246,13.1899995803833,13.100000381469727,13.110199928283691,13.110199928283691,49035,Basic Industries,
2020-01-10 13:30:00-05:00,13.130000114440918,13.15999984741211,13.0600004196167,13.149999618530273,13.149999618530273,40152,Basic Industries,
2020-01-10 14:30:00-05:00,13.15999984741211,13.199999809265137,13.149999618530273,13.170000076293945,13.170000076293945,39379,Basic Industries,
2020-01-10 15:30:00-05:00,13.170000076293945,13.210000038146973,13.170000076293945,13.170000076293945,13.170000076293945,59805,Basic Industries,
2020-01-13 09:30:00-05:00,13.119999885559082,13.180000305175781,12.833800315856934,12.90310001373291,12.90310001373291,44598,Basic Industries,
2020-01-13 10:30:00-05:00,12.886699676513672,12.90999984741211,12.739999771118164,12.75,12.75,39527,Basic Industries,
2020-01-13 11:30:00-05:00,12.760000228881836,12.850000381469727,12.739999771118164,12.819999694824219,12.819999694824219,23371,Basic Industries,
2020-01-13 12:30:00-05:00,12.8100004196167,12.840499877929688,12.739999771118164,12.819999694824219,12.819999694824219,33150,Basic Industries,
2020-01-13 13:30:00-05:00,12.789999961853027,12.797300338745117,12.729999542236328,12.739999771118164,12.739999771118164,43148,Basic Industries,
2020-01-13 14:30:00-05:00,12.760000228881836,12.774999618530273,12.735699653625488,12.735699653625488,12.735699653625488,19915,Basic Industries,
2020-01-13 15:30:00-05:00,12.729999542236328,12.84000015258789,12.729999542236328,12.779999732971191,12.779999732971191,51810,Basic Industries,
2020-01-14 09:30:00-05:00,12.680000305175781,13.010000228881836,12.619999885559082,12.9399995803833,12.9399995803833,63131,Basic Industries,
2020-01-14 10:30:00-05:00,12.920000076293945,13.0600004196167,12.890000343322754,13.003399848937988,13.003399848937988,32295,Basic Industries,
2020-01-14 11:30:00-05:00,12.979999542236328,13.010000228881836,12.930000305175781,12.953100204467773,12.953100204467773,39911,Basic Industries,
2020-01-14 12:30:00-05:00,12.960000038146973,13.020000457763672,12.960000038146973,12.961600303649902,12.961600303649902,12078,Basic Industries,
2020-01-14 13:30:00-05:00,12.966899871826172,13.104999542236328,12.966899871826172,13.104999542236328,13.104999542236328,48777,Basic Industries,
2020-01-14 14:30:00-05:00,13.109999656677246,13.119999885559082,13.020000457763672,13.039999961853027,13.039999961853027,32585,Basic Industries,
2020-01-14 15:30:00-05:00,13.050000190734863,13.100000381469727,13.029999732971191,13.069999694824219,13.069999694824219,33260,Basic Industries,
2020-01-15 09:30:00-05:00,13.119999885559082,13.279999732971191,13.100000381469727,13.260000228881836,13.260000228881836,61139,Basic Industries,
2020-01-15 10:30:00-05:00,13.270000457763672,13.399999618530273,13.25,13.380000114440918,13.380000114440918,63590,Basic Industries,
2020-01-15 11:30:00-05:00,13.380000114440918,13.420000076293945,13.357600212097168,13.390000343322754,13.390000343322754,19809,Basic Industries,
2020-01-15 12:30:00-05:00,13.389900207519531,13.520000457763672,13.389900207519531,13.470000267028809,13.470000267028809,47101,Basic Industries,
2020-01-15 13:30:00-05:00,13.470000267028809,13.470000267028809,13.430000305175781,13.460000038146973,13.460000038146973,94375,Basic Industries,
2020-01-15 14:30:00-05:00,13.460000038146973,13.510000228881836,13.392000198364258,13.5,13.5,83846,Basic Industries,
2020-01-15 15:30:00-05:00,13.5,13.550000190734863,13.460000038146973,13.479999542236328,13.479999542236328,61380,Basic Industries,
2020-01-16 09:30:00-05:00,13.399999618530273,13.525400161743164,13.34000015258789,13.479999542236328,13.479999542236328,64007,Basic Industries,
2020-01-16 10:30:00-05:00,13.420000076293945,13.4306001663208,13.25,13.337400436401367,13.337400436401367,39684,Basic Industries,
2020-01-16 11:30:00-05:00,13.329999923706055,13.40999984741211,13.319999694824219,13.34000015258789,13.34000015258789,37068,Basic Industries,
2020-01-16 12:30:00-05:00,13.34000015258789,13.359999656677246,13.239999771118164,13.260000228881836,13.260000228881836,23007,Basic Industries,
2020-01-16 13:30:00-05:00,13.270000457763672,13.3100004196167,13.229999542236328,13.270000457763672,13.270000457763672,49460,Basic Industries,
2020-01-16 14:30:00-05:00,13.270000457763672,13.319999694824219,13.244999885559082,13.279999732971191,13.279999732971191,23636,Basic Industries,
2020-01-16 15:30:00-05:00,13.290200233459473,13.329999923706055,13.270000457763672,13.300000190734863,13.300000190734863,59120,Basic Industries,
2020-01-17 09:30:00-05:00,13.380000114440918,13.5,13.160200119018555,13.239999771118164,13.239999771118164,55852,Basic Industries,
2020-01-17 10:30:00-05:00,13.25,13.329999923706055,13.15999984741211,13.307499885559082,13.307499885559082,49591,Basic Industries,
2020-01-17 11:30:00-05:00,13.319999694824219,13.385000228881836,13.316100120544434,13.369999885559082,13.369999885559082,15799,Basic Industries,
2020-01-17 12:30:00-05:00,13.375699996948242,13.40999984741211,13.34000015258789,13.399999618530273,13.399999618530273,16969,Basic Industries,
2020-01-17 13:30:00-05:00,13.385000228881836,13.4399995803833,13.385000228881836,13.420000076293945,13.420000076293945,22726,Basic Industries,
2020-01-17 14:30:00-05:00,13.420000076293945,13.449999809265137,13.380000114440918,13.380000114440918,13.380000114440918,30580,Basic Industries,
2020-01-17 15:30:00-05:00,13.380000114440918,13.380000114440918,13.289999961853027,13.289999961853027,13.289999961853027,61014,Basic Industries,
2020-01-21 09:30:00-05:00,13.100000381469727,13.670000076293945,13.010000228881836,13.65999984741211,13.65999984741211,177992,Basic Industries,
2020-01-21 10:30:00-05:00,13.670000076293945,13.770000457763672,13.619999885559082,13.630000114440918,13.630000114440918,89273,Basic Industries,
2020-01-21 11:30:00-05:00,13.618000030517578,13.649999618530273,13.569999694824219,13.614999771118164,13.614999771118164,32412,Basic Industries,
2020-01-21 12:30:00-05:00,13.619999885559082,13.649999618530273,13.5,13.574999809265137,13.574999809265137,42666,Basic Industries,
2020-01-21 13:30:00-05:00,13.574999809265137,13.680000305175781,13.569999694824219,13.649999618530273,13.649999618530273,36770,Basic Industries,
2020-01-21 14:30:00-05:00,13.65999984741211,13.699999809265137,13.649999618530273,13.699999809265137,13.699999809265137,20887,Basic Industries,
2020-01-21 15:30:00-05:00,13.699999809265137,13.75,13.699999809265137,13.739999771118164,13.739999771118164,67163,Basic Industries,
2020-01-22 09:30:00-05:00,13.75,13.904999732971191,13.75,13.859999656677246,13.859999656677246,75889,Basic Industries,
2020-01-22 10:30:00-05:00,13.880000114440918,13.949999809265137,13.829999923706055,13.850000381469727,13.850000381469727,48236,Basic Industries,
2020-01-22 11:30:00-05:00,13.850000381469727,13.920000076293945,13.84000015258789,13.916299819946289,13.916299819946289,30542,Basic Industries,
2020-01-22 12:30:00-05:00,13.920000076293945,13.930000305175781,13.84000015258789,13.869999885559082,13.869999885559082,29034,Basic Industries,
2020-01-22 13:30:00-05:00,13.854999542236328,13.899999618530273,13.84000015258789,13.890000343322754,13.890000343322754,22309,Basic Industries,
2020-01-22 14:30:00-05:00,13.895000457763672,13.90999984741211,13.84000015258789,13.902099609375,13.902099609375,41567,Basic Industries,
2020-01-22 15:30:00-05:00,13.899999618530273,13.90999984741211,13.890000343322754,13.90999984741211,13.90999984741211,37536,Basic Industries,
2020-01-23 09:30:00-05:00,13.829999923706055,14.0600004196167,13.829999923706055,13.899999618530273,13.899999618530273,110323,Basic Industries,
2020-01-23 10:30:00-05:00,13.890000343322754,14.09000015258789,13.829999923706055,14.09000015258789,14.09000015258789,39050,Basic Industries,
2020-01-23 11:30:00-05:00,14.079999923706055,14.109999656677246,14.039999961853027,14.0600004196167,14.0600004196167,46839,Basic Industries,
2020-01-23 12:30:00-05:00,14.0600004196167,14.130000114440918,14.029999732971191,14.045000076293945,14.045000076293945,28082,Basic Industries,
2020-01-23 13:30:00-05:00,14.050000190734863,14.100000381469727,14.0,14.055000305175781,14.055000305175781,60501,Basic Industries,
2020-01-23 14:30:00-05:00,14.055000305175781,14.15999984741211,14.050000190734863,14.15999984741211,14.15999984741211,76445,Basic Industries,
2020-01-23 15:30:00-05:00,14.154999732971191,14.204999923706055,14.149999618530273,14.180000305175781,14.180000305175781,165086,Basic Industries,
2020-01-24 09:30:00-05:00,14.149999618530273,14.260000228881836,14.0,14.260000228881836,14.260000228881836,53891,Basic Industries,
2020-01-24 10:30:00-05:00,14.270000457763672,14.3100004196167,14.109999656677246,14.119999885559082,14.119999885559082,35455,Basic Industries,
2020-01-24 11:30:00-05:00,14.100000381469727,14.109999656677246,13.949999809265137,13.970000267028809,13.970000267028809,40329,Basic Industries,
2020-01-24 12:30:00-05:00,13.949999809265137,13.989999771118164,13.880000114440918,13.979999542236328,13.979999542236328,34819,Basic Industries,
2020-01-24 13:30:00-05:00,13.979299545288086,14.0600004196167,13.949999809265137,14.020000457763672,14.020000457763672,38700,Basic Industries,
2020-01-24 14:30:00-05:00,13.989999771118164,14.039999961853027,13.9399995803833,13.989999771118164,13.989999771118164,27345,Basic Industries,
2020-01-24 15:30:00-05:00,13.979999542236328,14.010000228881836,13.960000038146973,13.970000267028809,13.970000267028809,17971,Basic Industries,
2020-01-27 09:30:00-05:00,14.074999809265137,14.220000267028809,13.819999694824219,13.84000015258789,13.84000015258789,101604,Basic Industries,
2020-01-27 10:30:00-05:00,13.826499938964844,13.930000305175781,13.8100004196167,13.8100004196167,13.8100004196167,20635,Basic Industries,
2020-01-27 11:30:00-05:00,13.800999641418457,13.819999694824219,13.59000015258789,13.609999656677246,13.609999656677246,58868,Basic Industries,
2020-01-27 12:30:00-05:00,13.61769962310791,13.625,13.5,13.5,13.5,49465,Basic Industries,
2020-01-27 13:30:00-05:00,13.51990032196045,13.569999694824219,13.479999542236328,13.520000457763672,13.520000457763672,28179,Basic Industries,
2020-01-27 14:30:00-05:00,13.520000457763672,13.65999984741211,13.5,13.609999656677246,13.609999656677246,36934,Basic Industries,
2020-01-27 15:30:00-05:00,13.600000381469727,13.699999809265137,13.585000038146973,13.649999618530273,13.649999618530273,43179,Basic Industries,
2020-01-28 09:30:00-05:00,13.479999542236328,13.612500190734863,13.359999656677246,13.414999961853027,13.414999961853027,41472,Basic Industries,
2020-01-28 10:30:00-05:00,13.4399995803833,13.449700355529785,13.260000228881836,13.369999885559082,13.369999885559082,31743,Basic Industries,
2020-01-28 11:30:00-05:00,13.380000114440918,13.449999809265137,13.3100004196167,13.449999809265137,13.449999809265137,18965,Basic Industries,
2020-01-28 12:30:00-05:00,13.430000305175781,13.479999542236328,13.390000343322754,13.449999809265137,13.449999809265137,12235,Basic Industries,
2020-01-28 13:30:00-05:00,13.442500114440918,13.442500114440918,13.359999656677246,13.369999885559082,13.369999885559082,8666,Basic Industries,
2020-01-28 14:30:00-05:00,13.366600036621094,13.460000038146973,13.345000267028809,13.420000076293945,13.420000076293945,21531,Basic Industries,
2020-01-28 15:30:00-05:00,13.40999984741211,13.430000305175781,13.329999923706055,13.34000015258789,13.34000015258789,50540,Basic Industries,
2020-01-29 09:30:00-05:00,13.300000190734863,13.630000114440918,13.270000457763672,13.619999885559082,13.619999885559082,42412,Basic Industries,
2020-01-29 10:30:00-05:00,13.670000076293945,13.760000228881836,13.649999618530273,13.75,13.75,36363,Basic Industries,
2020-01-29 11:30:00-05:00,13.75,13.842499732971191,13.75,13.814000129699707,13.814000129699707,23472,Basic Industries,
2020-01-29 12:30:00-05:00,13.8100004196167,13.819999694824219,13.729999542236328,13.729999542236328,13.729999542236328,5591,Basic Industries,
2020-01-29 13:30:00-05:00,13.737099647521973,13.770899772644043,13.710000038146973,13.770899772644043,13.770899772644043,5657,Basic Industries,
2020-01-29 14:30:00-05:00,13.760000228881836,14.100000381469727,13.760000228881836,14.069999694824219,14.069999694824219,71022,Basic Industries,
2020-01-29 15:30:00-05:00,14.069999694824219,14.119999885559082,14.0600004196167,14.0600004196167,14.0600004196167,98511,Basic Industries,
2020-01-30 09:30:00-05:00,14.079999923706055,14.210000038146973,13.920000076293945,13.949999809265137,13.949999809265137,70749,Basic Industries,
2020-01-30 10:30:00-05:00,13.960000038146973,14.109999656677246,13.944999694824219,14.045000076293945,14.045000076293945,26151,Basic Industries,
2020-01-30 11:30:00-05:00,14.039999961853027,14.09000015258789,13.989999771118164,14.079999923706055,14.079999923706055,13639,Basic Industries,
2020-01-30 12:30:00-05:00,14.079999923706055,14.100000381469727,13.994999885559082,14.039999961853027,14.039999961853027,31342,Basic Industries,
2020-01-30 13:30:00-05:00,14.03439998626709,14.050000190734863,13.979999542236328,14.0,14.0,36812,Basic Industries,
2020-01-30 14:30:00-05:00,14.010000228881836,14.039899826049805,13.899999618530273,13.9399995803833,13.9399995803833,42190,Basic Industries,
2020-01-30 15:30:00-05:00,13.920000076293945,13.979999542236328,13.869999885559082,13.970000267028809,13.970000267028809,72211,Basic Industries,
2020-01-31 09:30:00-05:00,13.989999771118164,14.149999618530273,13.956999778747559,14.039999961853027,14.039999961853027,39578,Basic Industries,
2020-01-31 10:30:00-05:00,14.055000305175781,14.130000114440918,14.010000228881836,14.0600004196167,14.0600004196167,28775,Basic Industries,
2020-01-31 11:30:00-05:00,14.067999839782715,14.067999839782715,13.880000114440918,13.90999984741211,13.90999984741211,27553,Basic Industries,
2020-01-31 12:30:00-05:00,13.90999984741211,13.989999771118164,13.890000343322754,13.899999618530273,13.899999618530273,13564,Basic Industries,
2020-01-31 13:30:00-05:00,13.890000343322754,14.010000228881836,13.890000343322754,13.951000213623047,13.951000213623047,25716,Basic Industries,
2020-01-31 14:30:00-05:00,13.949999809265137,13.951199531555176,13.890000343322754,13.920000076293945,13.920000076293945,23766,Basic Industries,
2020-01-31 15:30:00-05:00,13.90999984741211,13.949999809265137,13.880000114440918,13.930000305175781,13.930000305175781,32475,Basic Industries,
2020-02-03 09:30:00-05:00,13.800000190734863,13.8100004196167,13.420000076293945,13.489899635314941,13.489899635314941,90903,Basic Industries,
2020-02-03 10:30:00-05:00,13.479999542236328,13.630000114440918,13.479999542236328,13.609999656677246,13.609999656677246,27603,Basic Industries,
2020-02-03 11:30:00-05:00,13.609999656677246,13.640000343322754,13.430000305175781,13.430000305175781,13.430000305175781,26716,Basic Industries,
2020-02-03 12:30:00-05:00,13.449999809265137,13.479299545288086,13.430000305175781,13.430000305175781,13.430000305175781,26475,Basic Industries,
2020-02-03 13:30:00-05:00,13.430000305175781,13.449899673461914,13.359999656677246,13.359999656677246,13.359999656677246,32117,Basic Industries,
2020-02-03 14:30:00-05:00,13.359999656677246,13.420000076293945,13.34000015258789,13.359999656677246,13.359999656677246,71168,Basic Industries,
2020-02-03 15:30:00-05:00,13.359999656677246,13.40999984741211,13.345000267028809,13.390000343322754,13.390000343322754,50287,Basic Industries,
2020-02-04 09:30:00-05:00,13.149999618530273,13.239999771118164,12.859999656677246,12.880000114440918,12.880000114440918,152119,Basic Industries,
2020-02-04 10:30:00-05:00,12.850000381469727,12.911100387573242,12.754799842834473,12.771200180053711,12.771200180053711,64135,Basic Industries,
2020-02-04 11:30:00-05:00,12.770000457763672,12.930000305175781,12.730999946594238,12.829999923706055,12.829999923706055,58278,Basic Industries,
2020-02-04 12:30:00-05:00,12.829999923706055,12.829999923706055,12.720000267028809,12.800000190734863,12.800000190734863,67021,Basic Industries,
2020-02-04 13:30:00-05:00,12.789999961853027,13.029999732971191,12.76360034942627,13.029999732971191,13.029999732971191,80742,Basic Industries,
2020-02-04 14:30:00-05:00,13.010000228881836,13.109999656677246,13.0,13.069999694824219,13.069999694824219,55938,Basic Industries,
2020-02-04 15:30:00-05:00,13.069999694824219,13.109999656677246,13.0600004196167,13.069999694824219,13.069999694824219,35270,Basic Industries,
2020-02-05 09:30:00-05:00,13.0,13.239999771118164,12.890000343322754,13.220000267028809,13.220000267028809,70233,Basic Industries,
2020-02-05 10:30:00-05:00,13.229999542236328,13.319999694824219,13.180000305175781,13.3100004196167,13.3100004196167,29600,Basic Industries,
2020-02-05 11:30:00-05:00,13.319999694824219,13.369999885559082,13.22249984741211,13.229999542236328,13.229999542236328,34612,Basic Industries,
2020-02-05 12:30:00-05:00,13.220000267028809,13.260000228881836,13.180000305175781,13.210000038146973,13.210000038146973,35305,Basic Industries,
2020-02-05 13:30:00-05:00,13.213000297546387,13.22089958190918,13.140000343322754,13.140000343322754,13.140000343322754,22009,Basic Industries,
2020-02-05 14:30:00-05:00,13.140000343322754,13.140000343322754,13.0600004196167,13.079999923706055,13.079999923706055,38594,Basic Industries,
2020-02-05 15:30:00-05:00,13.09000015258789,13.149999618530273,13.09000015258789,13.140000343322754,13.140000343322754,29362,Basic Industries,
2020-02-06 09:30:00-05:00,13.020000457763672,13.263999938964844,13.010000228881836,13.25,13.25,42276,Basic Industries,
2020-02-06 10:30:00-05:00,13.260000228881836,13.274999618530273,13.1899995803833,13.270000457763672,13.270000457763672,47797,Basic Industries,
2020-02-06 11:30:00-05:00,13.279999732971191,13.369999885559082,13.239999771118164,13.369999885559082,13.369999885559082,44686,Basic Industries,
2020-02-06 12:30:00-05:00,13.369999885559082,13.4399995803833,13.360099792480469,13.430000305175781,13.430000305175781,13696,Basic Industries,
2020-02-06 13:30:00-05:00,13.4399995803833,13.460000038146973,13.399999618530273,13.449999809265137,13.449999809265137,25250,Basic Industries,
2020-02-06 14:30:00-05:00,13.4399995803833,13.460000038146973,13.350000381469727,13.359999656677246,13.359999656677246,29150,Basic Industries,
2020-02-06 15:30:00-05:00,13.359999656677246,13.399999618530273,13.319999694824219,13.329999923706055,13.329999923706055,16357,Basic Industries,
2020-02-07 09:30:00-05:00,13.40999984741211,13.489999771118164,13.210000038146973,13.220000267028809,13.220000267028809,20167,Basic Industries,
2020-02-07 10:30:00-05:00,13.221500396728516,13.279999732971191,13.09000015258789,13.109999656677246,13.109999656677246,22178,Basic Industries,
2020-02-07 11:30:00-05:00,13.109999656677246,13.149999618530273,13.079999923706055,13.100000381469727,13.100000381469727,12769,Basic Industries,
2020-02-07 12:30:00-05:00,13.102999687194824,13.149999618530273,13.102999687194824,13.115400314331055,13.115400314331055,5507,Basic Industries,
2020-02-07 13:30:00-05:00,13.114999771118164,13.1899995803833,13.09000015258789,13.109999656677246,13.109999656677246,23556,Basic Industries,
2020-02-07 14:30:00-05:00,13.109999656677246,13.109999656677246,13.000399589538574,13.034899711608887,13.034899711608887,33342,Basic Industries,
2020-02-07 15:30:00-05:00,13.039999961853027,13.0600004196167,13.010000228881836,13.010000228881836,13.010000228881836,30151,Basic Industries,
2020-02-10 09:30:00-05:00,13.1899995803833,13.25,12.979999542236328,13.229999542236328,13.229999542236328,64765,Basic Industries,
2020-02-10 10:30:00-05:00,13.239999771118164,13.340999603271484,13.199999809265137,13.270000457763672,13.270000457763672,18992,Basic Industries,
2020-02-10 11:30:00-05:00,13.276200294494629,13.319999694824219,13.255999565124512,13.3100004196167,13.3100004196167,15794,Basic Industries,
2020-02-10 12:30:00-05:00,13.319999694824219,13.380000114440918,13.3100004196167,13.350000381469727,13.350000381469727,28935,Basic Industries,
2020-02-10 13:30:00-05:00,13.343199729919434,13.350000381469727,13.279999732971191,13.288100242614746,13.288100242614746,13724,Basic Industries,
2020-02-10 14:30:00-05:00,13.289999961853027,13.34000015258789,13.220000267028809,13.220000267028809,13.220000267028809,24426,Basic Industries,
2020-02-10 15:30:00-05:00,13.199999809265137,13.239999771118164,13.199999809265137,13.199999809265137,13.199999809265137,29978,Basic Industries,
2020-02-11 09:30:00-05:00,13.0600004196167,13.350000381469727,13.020000457763672,13.149999618530273,13.149999618530273,34794,Basic Industries,
2020-02-11 10:30:00-05:00,13.130000114440918,13.130000114440918,13.010000228881836,13.104399681091309,13.104399681091309,46134,Basic Industries,
2020-02-11 11:30:00-05:00,13.121299743652344,13.170000076293945,13.079999923706055,13.125,13.125,17716,Basic Industries,
2020-02-11 12:30:00-05:00,13.130000114440918,13.170000076293945,13.109999656677246,13.170000076293945,13.170000076293945,8049,Basic Industries,
2020-02-11 13:30:00-05:00,13.15999984741211,13.210000038146973,13.140000343322754,13.140000343322754,13.140000343322754,24347,Basic Industries,
2020-02-11 14:30:00-05:00,13.149999618530273,13.180000305175781,13.140000343322754,13.180000305175781,13.180000305175781,24929,Basic Industries,
2020-02-11 15:30:00-05:00,13.180000305175781,13.1899995803833,13.140000343322754,13.149999618530273,13.149999618530273,17081,Basic Industries,
2020-02-12 09:30:00-05:00,13.140000343322754,13.170000076293945,12.9399995803833,13.091300010681152,13.091300010681152,20326,Basic Industries,
2020-02-12 10:30:00-05:00,13.119999885559082,13.119999885559082,13.020000457763672,13.0649995803833,13.0649995803833,14493,Basic Industries,
2020-02-12 11:30:00-05:00,13.079999923706055,13.15999984741211,13.0600004196167,13.130000114440918,13.130000114440918,19713,Basic Industries,
2020-02-12 12:30:00-05:00,13.130000114440918,13.149999618530273,13.115900039672852,13.140000343322754,13.140000343322754,18432,Basic Industries,
2020-02-12 13:30:00-05:00,13.119999885559082,13.140399932861328,13.09000015258789,13.100000381469727,13.100000381469727,13780,Basic Industries,
2020-02-12 14:30:00-05:00,13.109999656677246,13.130000114440918,13.079999923706055,13.100000381469727,13.100000381469727,23257,Basic Industries,
2020-02-12 15:30:00-05:00,13.109999656677246,13.109999656677246,13.0600004196167,13.0600004196167,13.0600004196167,62668,Basic Industries,
2020-02-13 09:30:00-05:00,13.050000190734863,13.279999732971191,13.010000228881836,13.25,13.25,51766,Basic Industries,
2020-02-13 10:30:00-05:00,13.260000228881836,13.315099716186523,13.130000114440918,13.140000343322754,13.140000343322754,41333,Basic Industries,
2020-02-13 11:30:00-05:00,13.140000343322754,13.229999542236328,13.119999885559082,13.170000076293945,13.170000076293945,26647,Basic Industries,
2020-02-13 12:30:00-05:00,13.1899995803833,13.220000267028809,13.149999618530273,13.15999984741211,13.15999984741211,13884,Basic Industries,
2020-02-13 13:30:00-05:00,13.180000305175781,13.180000305175781,13.119999885559082,13.149999618530273,13.149999618530273,34942,Basic Industries,
2020-02-13 14:30:00-05:00,13.149999618530273,13.180000305175781,13.134599685668945,13.170000076293945,13.170000076293945,28354,Basic Industries,
2020-02-13 15:30:00-05:00,13.168100357055664,13.1899995803833,13.145000457763672,13.1899995803833,13.1899995803833,40099,Basic Industries,
2020-02-14 09:30:00-05:00,13.1899995803833,13.420000076293945,13.079999923706055,13.399999618530273,13.399999618530273,52176,Basic Industries,
2020-02-14 10:30:00-05:00,13.377900123596191,13.399999618530273,13.209799766540527,13.220000267028809,13.220000267028809,23043,Basic Industries,
2020-02-14 11:30:00-05:00,13.180000305175781,13.25,13.130000114440918,13.229999542236328,13.229999542236328,30022,Basic Industries,
2020-02-14 12:30:00-05:00,13.2298002243042,13.300000190734863,13.220000267028809,13.239999771118164,13.239999771118164,28244,Basic Industries,
2020-02-14 13:30:00-05:00,13.25,13.25,13.149999618530273,13.170000076293945,13.170000076293945,13948,Basic Industries,
2020-02-14 14:30:00-05:00,13.170000076293945,13.1899995803833,13.130000114440918,13.15999984741211,13.15999984741211,31504,Basic Industries,
2020-02-14 15:30:00-05:00,13.149999618530273,13.170000076293945,13.130000114440918,13.149999618530273,13.149999618530273,37126,Basic Industries,
2020-02-18 09:30:00-05:00,13.1899995803833,13.479999542236328,13.119999885559082,13.47130012512207,13.47130012512207,129913,Basic Industries,
2020-02-18 10:30:00-05:00,13.470000267028809,13.539999961853027,13.359999656677246,13.505000114440918,13.505000114440918,74694,Basic Industries,
2020-02-18 11:30:00-05:00,13.5,13.539999961853027,13.414799690246582,13.460000038146973,13.460000038146973,30031,Basic Industries,
2020-02-18 12:30:00-05:00,13.479999542236328,13.5,13.40999984741211,13.449999809265137,13.449999809265137,29761,Basic Industries,
2020-02-18 13:30:00-05:00,13.45829963684082,13.489999771118164,13.430000305175781,13.449999809265137,13.449999809265137,20308,Basic Industries,
2020-02-18 14:30:00-05:00,13.4350004196167,13.479999542236328,13.399999618530273,13.475000381469727,13.475000381469727,55275,Basic Industries,
2020-02-18 15:30:00-05:00,13.475000381469727,13.53499984741211,13.470000267028809,13.479999542236328,13.479999542236328,81675,Basic Industries,
2020-02-19 09:30:00-05:00,13.619999885559082,13.619999885559082,13.34000015258789,13.4399995803833,13.4399995803833,79068,Basic Industries,
2020-02-19 10:30:00-05:00,13.449999809265137,13.59000015258789,13.420000076293945,13.59000015258789,13.59000015258789,64416,Basic Industries,
2020-02-19 11:30:00-05:00,13.569999694824219,13.720000267028809,13.4399995803833,13.720000267028809,13.720000267028809,121396,Basic Industries,
2020-02-19 12:30:00-05:00,13.710000038146973,13.75,13.65999984741211,13.75,13.75,76202,Basic Industries,
2020-02-19 13:30:00-05:00,13.75,13.770000457763672,13.651000022888184,13.6899995803833,13.6899995803833,42192,Basic Industries,
2020-02-19 14:30:00-05:00,13.680000305175781,13.739999771118164,13.670000076293945,13.6850004196167,13.6850004196167,34252,Basic Industries,
2020-02-19 15:30:00-05:00,13.6850004196167,13.770000457763672,13.680000305175781,13.75,13.75,54538,Basic Industries,
2020-02-20 09:30:00-05:00,13.600000381469727,13.835000038146973,13.539999961853027,13.789999961853027,13.789999961853027,63888,Basic Industries,
2020-02-20 10:30:00-05:00,13.791799545288086,13.827400207519531,13.510000228881836,13.529999732971191,13.529999732971191,101558,Basic Industries,
2020-02-20 11:30:00-05:00,13.520000457763672,13.630000114440918,13.399999618530273,13.489999771118164,13.489999771118164,42075,Basic Industries,
2020-02-20 12:30:00-05:00,13.479999542236328,13.489999771118164,13.350000381469727,13.460000038146973,13.460000038146973,27570,Basic Industries,
2020-02-20 13:30:00-05:00,13.470000267028809,13.529999732971191,13.449999809265137,13.489999771118164,13.489999771118164,17901,Basic Industries,
2020-02-20 14:30:00-05:00,13.510000228881836,13.569999694824219,13.494999885559082,13.569999694824219,13.569999694824219,32903,Basic Industries,
2020-02-20 15:30:00-05:00,13.555000305175781,13.555000305175781,13.460000038146973,13.489999771118164,13.489999771118164,76666,Basic Industries,
2020-02-21 09:30:00-05:00,13.720000267028809,13.829999923706055,13.640000343322754,13.670000076293945,13.670000076293945,94576,Basic Industries,
2020-02-21 10:30:00-05:00,13.699999809265137,13.779999732971191,13.65999984741211,13.6899995803833,13.6899995803833,32627,Basic Industries,
2020-02-21 11:30:00-05:00,13.6899995803833,13.699999809265137,13.630000114440918,13.65999984741211,13.65999984741211,38077,Basic Industries,
2020-02-21 12:30:00-05:00,13.668999671936035,13.7052001953125,13.569999694824219,13.7052001953125,13.7052001953125,51310,Basic Industries,
2020-02-21 13:30:00-05:00,13.706500053405762,13.779999732971191,13.706500053405762,13.774999618530273,13.774999618530273,29219,Basic Industries,
2020-02-21 14:30:00-05:00,13.770000457763672,13.779999732971191,13.720000267028809,13.755000114440918,13.755000114440918,31037,Basic Industries,
2020-02-21 15:30:00-05:00,13.755000114440918,13.770000457763672,13.699999809265137,13.720000267028809,13.720000267028809,101535,Basic Industries,
2020-02-24 09:30:00-05:00,14.09000015258789,14.09000015258789,13.75,13.9399995803833,13.9399995803833,220851,Basic Industries,
2020-02-24 10:30:00-05:00,13.979999542236328,13.979999542236328,13.8100004196167,13.895000457763672,13.895000457763672,51806,Basic Industries,
2020-02-24 11:30:00-05:00,13.880000114440918,14.029999732971191,13.869999885559082,14.010000228881836,14.010000228881836,35431,Basic Industries,
2020-02-24 12:30:00-05:00,14.023500442504883,14.119999885559082,14.010000228881836,14.0600004196167,14.0600004196167,106086,Basic Industries,
2020-02-24 13:30:00-05:00,14.077799797058105,14.109999656677246,13.895000457763672,13.895000457763672,13.895000457763672,57987,Basic Industries,
2020-02-24 14:30:00-05:00,13.880000114440918,13.930000305175781,13.710000038146973,13.770000457763672,13.770000457763672,87047,Basic Industries,
2020-02-24 15:30:00-05:00,13.800000190734863,13.859999656677246,13.770000457763672,13.859999656677246,13.859999656677246,75665,Basic Industries,
2020-02-25 09:30:00-05:00,13.770000457763672,14.149999618530273,13.619999885559082,14.064299583435059,14.064299583435059,146507,Basic Industries,
2020-02-25 10:30:00-05:00,14.069999694824219,14.109999656677246,13.890000343322754,13.90999984741211,13.90999984741211,50068,Basic Industries,
2020-02-25 11:30:00-05:00,13.90999984741211,13.920000076293945,13.725000381469727,13.760000228881836,13.760000228881836,23015,Basic Industries,
2020-02-25 12:30:00-05:00,13.779999732971191,13.869999885559082,13.739700317382812,13.869999885559082,13.869999885559082,22621,Basic Industries,
2020-02-25 13:30:00-05:00,13.8100004196167,13.819999694824219,13.538100242614746,13.539999961853027,13.539999961853027,40876,Basic Industries,
2020-02-25 14:30:00-05:00,13.544400215148926,13.619999885559082,13.510000228881836,13.5600004196167,13.5600004196167,53553,Basic Industries,
2020-02-25 15:30:00-05:00,13.569999694824219,13.569999694824219,13.350000381469727,13.369999885559082,13.369999885559082,71426,Basic Industries,
2020-02-26 09:30:00-05:00,13.300000190734863,13.369999885559082,13.029999732971191,13.229999542236328,13.229999542236328,99878,Basic Industries,
2020-02-26 10:30:00-05:00,13.220000267028809,13.4399995803833,13.199999809265137,13.40999984741211,13.40999984741211,45453,Basic Industries,
2020-02-26 11:30:00-05:00,13.399999618530273,13.491499900817871,13.369999885559082,13.405200004577637,13.405200004577637,38023,Basic Industries,
2020-02-26 12:30:00-05:00,13.390000343322754,13.472599983215332,13.380000114440918,13.449999809265137,13.449999809265137,39760,Basic Industries,
2020-02-26 13:30:00-05:00,13.449999809265137,13.5,13.4350004196167,13.479999542236328,13.479999542236328,31382,Basic Industries,
2020-02-26 14:30:00-05:00,13.470000267028809,13.539999961853027,13.4399995803833,13.470000267028809,13.470000267028809,41053,Basic Industries,
2020-02-26 15:30:00-05:00,13.479999542236328,13.489999771118164,13.350000381469727,13.359999656677246,13.359999656677246,47683,Basic Industries,
2020-02-27 09:30:00-05:00,13.4399995803833,13.489999771118164,12.880000114440918,12.989999771118164,12.989999771118164,125490,Basic Industries,
2020-02-27 10:30:00-05:00,12.976499557495117,13.050000190734863,12.760000228881836,12.850000381469727,12.850000381469727,109273,Basic Industries,
2020-02-27 11:30:00-05:00,12.850000381469727,12.869999885559082,12.545000076293945,12.630000114440918,12.630000114440918,128166,Basic Industries,
2020-02-27 12:30:00-05:00,12.619999885559082,12.630000114440918,12.34000015258789,12.350000381469727,12.350000381469727,180781,Basic Industries,
2020-02-27 13:30:00-05:00,12.359999656677246,12.420000076293945,12.279999732971191,12.359999656677246,12.359999656677246,96164,Basic Industries,
2020-02-27 14:30:00-05:00,12.333900451660156,12.333900451660156,11.6899995803833,11.760000228881836,11.760000228881836,221420,Basic Industries,
2020-02-27 15:30:00-05:00,11.760000228881836,11.789999961853027,11.15999984741211,11.1899995803833,11.1899995803833,245792,Basic Industries,
2020-02-28 09:30:00-05:00,10.640000343322754,11.015000343322754,9.960000038146973,10.329999923706055,10.329999923706055,499697,Basic Industries,
2020-02-28 10:30:00-05:00,10.319999694824219,10.460000038146973,10.0,10.180000305175781,10.180000305175781,235821,Basic Industries,
2020-02-28 11:30:00-05:00,10.15999984741211,10.220000267028809,9.960100173950195,9.983099937438965,9.983099937438965,146673,Basic Industries,
2020-02-28 12:30:00-05:00,9.989999771118164,10.010000228881836,9.765000343322754,9.856499671936035,9.856499671936035,170980,Basic Industries,
2020-02-28 13:30:00-05:00,9.859999656677246,9.920000076293945,9.649999618530273,9.680000305175781,9.680000305175781,169398,Basic Industries,
2020-02-28 14:30:00-05:00,9.659899711608887,10.010000228881836,9.659899711608887,9.84000015258789,9.84000015258789,171903,Basic Industries,
2020-02-28 15:30:00-05:00,9.84000015258789,9.920000076293945,9.739999771118164,9.819999694824219,9.819999694824219,250207,Basic Industries,
2020-03-02 09:30:00-05:00,9.9399995803833,10.449999809265137,9.930000305175781,10.329999923706055,10.329999923706055,375501,Basic Industries,
2020-03-02 10:30:00-05:00,10.329999923706055,10.420000076293945,10.15999984741211,10.289999961853027,10.289999961853027,114090,Basic Industries,
2020-03-02 11:30:00-05:00,10.289999961853027,10.34000015258789,10.114999771118164,10.140000343322754,10.140000343322754,115754,Basic Industries,
2020-03-02 12:30:00-05:00,10.149999618530273,10.1899995803833,10.070099830627441,10.102899551391602,10.102899551391602,75285,Basic Industries,
2020-03-02 13:30:00-05:00,10.109999656677246,10.279999732971191,10.104999542236328,10.239999771118164,10.239999771118164,66087,Basic Industries,
2020-03-02 14:30:00-05:00,10.240099906921387,10.240099906921387,10.119999885559082,10.1899995803833,10.1899995803833,47724,Basic Industries,
2020-03-02 15:30:00-05:00,10.1850004196167,10.449999809265137,10.170000076293945,10.369999885559082,10.369999885559082,127470,Basic Industries,
2020-03-03 09:30:00-05:00,10.670000076293945,10.890000343322754,10.333100318908691,10.811699867248535,10.811699867248535,284902,Basic Industries,
2020-03-03 10:30:00-05:00,10.789999961853027,11.34000015258789,10.78499984741211,11.274999618530273,11.274999618530273,156523,Basic Industries,
2020-03-03 11:30:00-05:00,11.270000457763672,11.539999961853027,11.260000228881836,11.529999732971191,11.529999732971191,111278,Basic Industries,
2020-03-03 12:30:00-05:00,11.550000190734863,11.59000015258789,11.420000076293945,11.4399995803833,11.4399995803833,66990,Basic Industries,
2020-03-03 13:30:00-05:00,11.420000076293945,11.430000305175781,10.699999809265137,11.050000190734863,11.050000190734863,97483,Basic Industries,
2020-03-03 14:30:00-05:00,11.024999618530273,11.079999923706055,10.760000228881836,11.0600004196167,11.0600004196167,65604,Basic Industries,
2020-03-03 15:30:00-05:00,11.038000106811523,11.0600004196167,10.869999885559082,11.039999961853027,11.039999961853027,79917,Basic Industries,
2020-03-04 09:30:00-05:00,11.149999618530273,11.350000381469727,10.910099983215332,10.910099983215332,10.910099983215332,106619,Basic Industries,
2020-03-04 10:30:00-05:00,10.94629955291748,11.130000114440918,10.899999618530273,11.020000457763672,11.020000457763672,53019,Basic Industries,
2020-03-04 11:30:00-05:00,11.024200439453125,11.050000190734863,10.890000343322754,11.039999961853027,11.039999961853027,44947,Basic Industries,
2020-03-04 12:30:00-05:00,11.029999732971191,11.079999923706055,10.944999694824219,11.050000190734863,11.050000190734863,34406,Basic Industries,
2020-03-04 13:30:00-05:00,11.0600004196167,11.069999694824219,10.970000267028809,11.010000228881836,11.010000228881836,20877,Basic Industries,
2020-03-04 14:30:00-05:00,11.029999732971191,11.180800437927246,11.010000228881836,11.149999618530273,11.149999618530273,32332,Basic Industries,
2020-03-04 15:30:00-05:00,11.149999618530273,11.1899995803833,11.079999923706055,11.180000305175781,11.180000305175781,58414,Basic Industries,
2020-03-05 09:30:00-05:00,11.239999771118164,11.40999984741211,10.930000305175781,10.954999923706055,10.954999923706055,117395,Basic Industries,
2020-03-05 10:30:00-05:00,10.979999542236328,11.079999923706055,10.930000305175781,10.9399995803833,10.9399995803833,28137,Basic Industries,
2020-03-05 11:30:00-05:00,10.949999809265137,11.220000267028809,10.949999809265137,11.199999809265137,11.199999809265137,39840,Basic Industries,
2020-03-05 12:30:00-05:00,11.204999923706055,11.420000076293945,11.1899995803833,11.420000076293945,11.420000076293945,59087,Basic Industries,
2020-03-05 13:30:00-05:00,11.40999984741211,11.420000076293945,11.329999923706055,11.33530044555664,11.33530044555664,39239,Basic Industries,
2020-03-05 14:30:00-05:00,11.349699974060059,11.359999656677246,11.229999542236328,11.260000228881836,11.260000228881836,32872,Basic Industries,
2020-03-05 15:30:00-05:00,11.27239990234375,11.34000015258789,11.260000228881836,11.319999694824219,11.319999694824219,35349,Basic Industries,
2020-03-06 09:30:00-05:00,11.319999694824219,11.329999923706055,10.609999656677246,10.710000038146973,10.710000038146973,139805,Basic Industries,
2020-03-06 10:30:00-05:00,10.729999542236328,10.859999656677246,10.680000305175781,10.770000457763672,10.770000457763672,59946,Basic Industries,
2020-03-06 11:30:00-05:00,10.800800323486328,10.850000381469727,10.75,10.829999923706055,10.829999923706055,26234,Basic Industries,
2020-03-06 12:30:00-05:00,10.800000190734863,10.890000343322754,10.739999771118164,10.890000343322754,10.890000343322754,23900,Basic Industries,
2020-03-06 13:30:00-05:00,10.890000343322754,10.989999771118164,10.819999694824219,10.989999771118164,10.989999771118164,22732,Basic Industries,
2020-03-06 14:30:00-05:00,10.970000267028809,10.970000267028809,10.819999694824219,10.880000114440918,10.880000114440918,59186,Basic Industries,
2020-03-06 15:30:00-05:00,10.869999885559082,11.0,10.8100004196167,10.989999771118164,10.989999771118164,61032,Basic Industries,
2020-03-09 09:30:00-04:00,10.670000076293945,10.670000076293945,9.949999809265137,10.180000305175781,10.180000305175781,128289,Basic Industries,
2020-03-09 10:30:00-04:00,10.109999656677246,10.25,9.990099906921387,10.054800033569336,10.054800033569336,89984,Basic Industries,
2020-03-09 11:30:00-04:00,10.0600004196167,10.40999984741211,10.039999961853027,10.319999694824219,10.319999694824219,39818,Basic Industries,
2020-03-09 12:30:00-04:00,10.260000228881836,10.3100004196167,10.190099716186523,10.239999771118164,10.239999771118164,31681,Basic Industries,
2020-03-09 13:30:00-04:00,10.239999771118164,10.270000457763672,9.960000038146973,9.960000038146973,9.960000038146973,59336,Basic Industries,
2020-03-09 14:30:00-04:00,9.968000411987305,10.0,9.899999618530273,9.960000038146973,9.960000038146973,79199,Basic Industries,
2020-03-09 15:30:00-04:00,9.949999809265137,10.079999923706055,9.890000343322754,9.976200103759766,9.976200103759766,105771,Basic Industries,
2020-03-10 09:30:00-04:00,10.050000190734863,10.29990005493164,9.970999717712402,10.048600196838379,10.048600196838379,130372,Basic Industries,
2020-03-10 10:30:00-04:00,10.029999732971191,10.050000190734863,9.949999809265137,9.950499534606934,9.950499534606934,114635,Basic Industries,
2020-03-10 11:30:00-04:00,9.960000038146973,9.960000038146973,9.5600004196167,9.760000228881836,9.760000228881836,126215,Basic Industries,
2020-03-10 12:30:00-04:00,9.760000228881836,9.859999656677246,9.670000076293945,9.770000457763672,9.770000457763672,38775,Basic Industries,
2020-03-10 13:30:00-04:00,9.760000228881836,9.770000457763672,9.369999885559082,9.520000457763672,9.520000457763672,133895,Basic Industries,
2020-03-10 14:30:00-04:00,9.520000457763672,9.949999809265137,9.514900207519531,9.920000076293945,9.920000076293945,73801,Basic Industries,
2020-03-10 15:30:00-04:00,9.930000305175781,9.949999809265137,9.8100004196167,9.930000305175781,9.930000305175781,43247,Basic Industries,
2020-03-11 09:30:00-04:00,9.779999732971191,9.899999618530273,9.4399995803833,9.447099685668945,9.447099685668945,85399,Basic Industries,
2020-03-11 10:30:00-04:00,9.460000038146973,9.470000267028809,9.300000190734863,9.380000114440918,9.380000114440918,105891,Basic Industries,
2020-03-11 11:30:00-04:00,9.385000228881836,9.40999984741211,9.220600128173828,9.359999656677246,9.359999656677246,58107,Basic Industries,
2020-03-11 12:30:00-04:00,9.330100059509277,9.369999885559082,9.039999961853027,9.116000175476074,9.116000175476074,88849,Basic Industries,
2020-03-11 13:30:00-04:00,9.119999885559082,9.180000305175781,8.89009952545166,8.954999923706055,8.954999923706055,131295,Basic Industries,
2020-03-11 14:30:00-04:00,8.954999923706055,9.020000457763672,8.579999923706055,8.680000305175781,8.680000305175781,229323,Basic Industries,
2020-03-11 15:30:00-04:00,8.6899995803833,8.829999923706055,8.6899995803833,8.739999771118164,8.739999771118164,110915,Basic Industries,
2020-03-12 09:30:00-04:00,7.53000020980835,7.539999961853027,6.380000114440918,7.349999904632568,7.349999904632568,519232,Basic Industries,
2020-03-12 10:30:00-04:00,7.360000133514404,7.46999979019165,7.28000020980835,7.340000152587891,7.340000152587891,197218,Basic Industries,
2020-03-12 11:30:00-04:00,7.340000152587891,7.440000057220459,7.28000020980835,7.380000114440918,7.380000114440918,171602,Basic Industries,
2020-03-12 12:30:00-04:00,7.385000228881836,7.849999904632568,7.320000171661377,7.5,7.5,200754,Basic Industries,
2020-03-12 13:30:00-04:00,7.480100154876709,7.559999942779541,7.239999771118164,7.2758002281188965,7.2758002281188965,159816,Basic Industries,
2020-03-12 14:30:00-04:00,7.250100135803223,7.329999923706055,7.099999904632568,7.269999980926514,7.269999980926514,290728,Basic Industries,
2020-03-12 15:30:00-04:00,7.269999980926514,7.300000190734863,7.159999847412109,7.199999809265137,7.199999809265137,259267,Basic Industries,
2020-03-13 09:30:00-04:00,7.75,7.760000228881836,6.840000152587891,7.320000171661377,7.320000171661377,480642,Basic Industries,
2020-03-13 10:30:00-04:00,7.309999942779541,7.380000114440918,6.835000038146973,6.889999866485596,6.889999866485596,146750,Basic Industries,
2020-03-13 11:30:00-04:00,6.880000114440918,6.880000114440918,6.5,6.510000228881836,6.510000228881836,302873,Basic Industries,
2020-03-13 12:30:00-04:00,6.525000095367432,6.610000133514404,6.28000020980835,6.400100231170654,6.400100231170654,168539,Basic Industries,
2020-03-13 13:30:00-04:00,6.440000057220459,6.630000114440918,6.300000190734863,6.570000171661377,6.570000171661377,175138,Basic Industries,
2020-03-13 14:30:00-04:00,6.550000190734863,6.670000076293945,6.409999847412109,6.599999904632568,6.599999904632568,153463,Basic Industries,
2020-03-13 15:30:00-04:00,6.599999904632568,6.605000019073486,6.269999980926514,6.335000038146973,6.335000038146973,258997,Basic Industries,
2020-03-16 09:30:00-04:00,5.379000186920166,5.889999866485596,5.25,5.659999847412109,5.659999847412109,381114,Basic Industries,
2020-03-16 10:30:00-04:00,5.659999847412109,6.171000003814697,5.619999885559082,6.171000003814697,6.171000003814697,185148,Basic Industries,
2020-03-16 11:30:00-04:00,6.199999809265137,6.590000152587891,6.179999828338623,6.519999980926514,6.519999980926514,192224,Basic Industries,
2020-03-16 12:30:00-04:00,6.5,7.090000152587891,6.5,7.010000228881836,7.010000228881836,176660,Basic Industries,
2020-03-16 13:30:00-04:00,6.942399978637695,6.945000171661377,6.753799915313721,6.791600227355957,6.791600227355957,118731,Basic Industries,
2020-03-16 14:30:00-04:00,6.800000190734863,7.449999809265137,6.800000190734863,7.309999942779541,7.309999942779541,193516,Basic Industries,
2020-03-16 15:30:00-04:00,7.324999809265137,7.324999809265137,6.650000095367432,6.920000076293945,6.920000076293945,136002,Basic Industries,
2020-03-17 09:30:00-04:00,6.800000190734863,8.350000381469727,6.71999979019165,8.194999694824219,8.194999694824219,465241,Basic Industries,
2020-03-17 10:30:00-04:00,8.229999542236328,9.130000114440918,8.050000190734863,8.899999618530273,8.899999618530273,402725,Basic Industries,
2020-03-17 11:30:00-04:00,8.920000076293945,9.239999771118164,8.220000267028809,8.270000457763672,8.270000457763672,171473,Basic Industries,
2020-03-17 12:30:00-04:00,8.25,8.420000076293945,7.869999885559082,8.309200286865234,8.309200286865234,87011,Basic Industries,
2020-03-17 13:30:00-04:00,8.25,8.694999694824219,8.199999809265137,8.694999694824219,8.694999694824219,103933,Basic Industries,
2020-03-17 14:30:00-04:00,8.720000267028809,8.880000114440918,8.520000457763672,8.640000343322754,8.640000343322754,175118,Basic Industries,
2020-03-17 15:30:00-04:00,8.600000381469727,8.930000305175781,8.510000228881836,8.90999984741211,8.90999984741211,123021,Basic Industries,
2020-03-18 09:30:00-04:00,8.5,9.324000358581543,8.300000190734863,9.0,9.0,154769,Basic Industries,
2020-03-18 10:30:00-04:00,8.979999542236328,9.229999542236328,8.569999694824219,9.15999984741211,9.15999984741211,103943,Basic Industries,
2020-03-18 11:30:00-04:00,9.210000038146973,9.255499839782715,8.670000076293945,8.670000076293945,8.670000076293945,84208,Basic Industries,
2020-03-18 12:30:00-04:00,8.6899995803833,8.6899995803833,8.069999694824219,8.175000190734863,8.175000190734863,114322,Basic Industries,
2020-03-18 13:30:00-04:00,8.170999526977539,8.630000114440918,7.96999979019165,8.265000343322754,8.265000343322754,84462,Basic Industries,
2020-03-18 14:30:00-04:00,8.260000228881836,8.609999656677246,8.04990005493164,8.079999923706055,8.079999923706055,116393,Basic Industries,
2020-03-18 15:30:00-04:00,8.069999694824219,8.119999885559082,7.880000114440918,7.940000057220459,7.940000057220459,136483,Basic Industries,
2020-03-19 09:30:00-04:00,7.619999885559082,8.050000190734863,7.0,7.639999866485596,7.639999866485596,174143,Basic Industries,
2020-03-19 10:30:00-04:00,7.690000057220459,7.690000057220459,6.800000190734863,7.434999942779541,7.434999942779541,128072,Basic Industries,
2020-03-19 11:30:00-04:00,7.449999809265137,7.690000057220459,7.164999961853027,7.199999809265137,7.199999809265137,90382,Basic Industries,
2020-03-19 12:30:00-04:00,7.25,7.744999885559082,7.195000171661377,7.699999809265137,7.699999809265137,56906,Basic Industries,
2020-03-19 13:30:00-04:00,7.71999979019165,8.0,7.664999961853027,7.989999771118164,7.989999771118164,59418,Basic Industries,
2020-03-19 14:30:00-04:00,7.940000057220459,9.210000038146973,7.920000076293945,9.0,9.0,179718,Basic Industries,
2020-03-19 15:30:00-04:00,9.0,9.010000228881836,7.949999809265137,7.954999923706055,7.954999923706055,169143,Basic Industries,
2020-03-20 09:30:00-04:00,8.420000076293945,8.470000267028809,7.900000095367432,8.154999732971191,8.154999732971191,132311,Basic Industries,
2020-03-20 10:30:00-04:00,8.109999656677246,8.109999656677246,7.510000228881836,7.650000095367432,7.650000095367432,90029,Basic Industries,
2020-03-20 11:30:00-04:00,7.639999866485596,7.809999942779541,7.5,7.5,7.5,42490,Basic Industries,
2020-03-20 12:30:00-04:00,7.510000228881836,7.965000152587891,7.5,7.739999771118164,7.739999771118164,43149,Basic Industries,
2020-03-20 13:30:00-04:00,7.71999979019165,7.75,7.429999828338623,7.460000038146973,7.460000038146973,60509,Basic Industries,
2020-03-20 14:30:00-04:00,7.449999809265137,7.579999923706055,7.320000171661377,7.570000171661377,7.570000171661377,85491,Basic Industries,
2020-03-20 15:30:00-04:00,7.650000095367432,7.71999979019165,7.315000057220459,7.380000114440918,7.380000114440918,179256,Basic Industries,
2020-03-23 09:30:00-04:00,7.300000190734863,7.630000114440918,6.800000190734863,7.3983001708984375,7.3983001708984375,0,Basic Industries,
2020-03-23 10:30:00-04:00,7.380000114440918,7.739999771118164,7.260000228881836,7.630000114440918,7.630000114440918,120460,Basic Industries,
2020-03-23 11:30:00-04:00,7.659999847412109,7.679699897766113,7.340000152587891,7.5,7.5,79870,Basic Industries,
2020-03-23 12:30:00-04:00,7.480000019073486,7.610000133514404,7.409999847412109,7.46999979019165,7.46999979019165,55006,Basic Industries,
2020-03-23 13:30:00-04:00,7.489999771118164,7.710000038146973,7.440000057220459,7.570000171661377,7.570000171661377,76873,Basic Industries,
2020-03-23 14:30:00-04:00,7.550000190734863,7.630000114440918,7.340000152587891,7.51170015335083,7.51170015335083,92317,Basic Industries,
2020-03-23 15:30:00-04:00,7.510000228881836,7.639999866485596,7.360000133514404,7.380000114440918,7.380000114440918,123137,Basic Industries,
2020-03-24 09:30:00-04:00,8.109999656677246,9.0,8.109999656677246,8.850000381469727,8.850000381469727,251019,Basic Industries,
2020-03-24 10:30:00-04:00,8.869999885559082,8.90999984741211,8.449999809265137,8.640000343322754,8.640000343322754,126826,Basic Industries,
2020-03-24 11:30:00-04:00,8.65999984741211,9.100000381469727,8.600000381469727,9.069999694824219,9.069999694824219,140000,Basic Industries,
2020-03-24 12:30:00-04:00,9.09000015258789,9.180000305175781,8.760000228881836,9.119999885559082,9.119999885559082,125304,Basic Industries,
2020-03-24 13:30:00-04:00,9.100000381469727,9.279999732971191,8.795000076293945,9.0,9.0,171257,Basic Industries,
2020-03-24 14:30:00-04:00,9.0,9.020000457763672,8.600000381469727,8.75,8.75,136230,Basic Industries,
2020-03-24 15:30:00-04:00,8.75,9.029999732971191,8.630000114440918,8.800000190734863,8.800000190734863,191679,Basic Industries,
2020-03-25 09:30:00-04:00,9.3100004196167,10.0,9.0,9.65999984741211,9.65999984741211,0,Basic Industries,
2020-03-25 10:30:00-04:00,9.670000076293945,9.829999923706055,9.399999618530273,9.800000190734863,9.800000190734863,186161,Basic Industries,
2020-03-25 11:30:00-04:00,9.765000343322754,9.880000114440918,9.494000434875488,9.800000190734863,9.800000190734863,84861,Basic Industries,
2020-03-25 12:30:00-04:00,9.75,10.25,9.75,10.25,10.25,197716,Basic Industries,
2020-03-25 13:30:00-04:00,10.270000457763672,10.329999923706055,9.760000228881836,9.868000030517578,9.868000030517578,105801,Basic Industries,
2020-03-25 14:30:00-04:00,9.869999885559082,10.350000381469727,9.720000267028809,10.270000457763672,10.270000457763672,138531,Basic Industries,
2020-03-25 15:30:00-04:00,10.289999961853027,10.34000015258789,9.880000114440918,9.9399995803833,9.9399995803833,191103,Basic Industries,
2020-03-26 09:30:00-04:00,10.460000038146973,11.399999618530273,10.279999732971191,11.180000305175781,11.180000305175781,0,Basic Industries,
2020-03-26 10:30:00-04:00,11.15999984741211,11.680000305175781,11.029999732971191,11.149999618530273,11.149999618530273,224664,Basic Industries,
2020-03-26 11:30:00-04:00,11.170000076293945,11.199999809265137,10.25,10.720000267028809,10.720000267028809,253707,Basic Industries,
2020-03-26 12:30:00-04:00,10.607999801635742,10.670000076293945,10.350000381469727,10.460000038146973,10.460000038146973,88405,Basic Industries,
2020-03-26 13:30:00-04:00,10.390000343322754,10.600000381469727,10.359999656677246,10.470000267028809,10.470000267028809,76007,Basic Industries,
2020-03-26 14:30:00-04:00,10.470000267028809,10.679900169372559,10.420000076293945,10.489999771118164,10.489999771118164,99985,Basic Industries,
2020-03-26 15:30:00-04:00,10.5,10.649999618530273,10.4399995803833,10.569999694824219,10.569999694824219,138228,Basic Industries,
2020-03-27 09:30:00-04:00,10.220000267028809,10.350000381469727,9.579999923706055,9.600000381469727,9.600000381469727,177353,Basic Industries,
2020-03-27 10:30:00-04:00,9.640000343322754,10.319999694824219,9.5,9.979999542236328,9.979999542236328,53356,Basic Industries,
2020-03-27 11:30:00-04:00,10.020000457763672,10.069999694824219,9.7947998046875,9.925000190734863,9.925000190734863,33259,Basic Industries,
2020-03-27 12:30:00-04:00,9.9399995803833,10.029999732971191,9.779999732971191,9.779999732971191,9.779999732971191,41940,Basic Industries,
2020-03-27 13:30:00-04:00,9.800000190734863,9.920000076293945,9.649999618530273,9.819999694824219,9.819999694824219,66200,Basic Industries,
2020-03-27 14:30:00-04:00,9.829999923706055,9.920000076293945,9.5600004196167,9.75,9.75,94157,Basic Industries,
2020-03-27 15:30:00-04:00,9.739999771118164,9.890000343322754,9.619999885559082,9.84000015258789,9.84000015258789,128361,Basic Industries,
