Date,ORAN_Open_average,ORAN_Open_max,ORAN_Open_volatility,ORAN_Open_change,ORAN_High_average,ORAN_High_max,ORAN_High_volatility,ORAN_High_change,ORAN_Low_average,ORAN_Low_max,ORAN_Low_volatility,ORAN_Low_change,ORAN_Close_average,ORAN_Close_max,ORAN_Close_volatility,ORAN_Close_change,ORAN_Volume_average,ORAN_Volume_max,ORAN_Volume_volatility,ORAN_Volume_change
2016-03-27,0.030753991942337407,0.09177588905231213,1.3865551136272645,-1.1008861980974312,0.027568309173078297,0.13634959540240293,1.604785167438787,-1.5045175196015341,-0.31963315035065604,0.3359954495739242,1.8700763257165633,-1.3605632992594177,-0.3536601612149072,0.0768544198996925,1.3880176725600883,-1.6778155373085928,1.651289430361854,2.2769778224510935,2.44166046759613,2.456567343952267
2016-04-03,-2.208380652924055,-2.339036614116392,-1.359503403337586,0.5420535127812969,-2.3170204350262935,-2.243641414618296,-0.7609303445739045,0.7141657418742925,-2.0583396424130496,-2.0146707922491793,-0.8947107375810724,0.5754277833181707,-2.172269949776644,-2.122713714829049,-0.8946656660310043,0.5443065567897978,0.27955522628064977,-0.2801789479913784,-0.4345652986224593,0.2452847499344754
2016-04-10,-0.4721299955559593,-0.6260483846665138,-0.8612150138906981,0.3516276492922575,-0.47019709585002206,-0.5770025342579014,-0.753072033741216,0.37180447353425206,-0.3031665624597789,-0.5133298907188594,-0.8267522006439161,0.33340909728228685,-0.33509948311681637,-0.688527959857161,-1.0674532372160328,0.3330096133436846,3.308806323672675,3.284321172505713,3.2864161608932996,-3.276699056100811
2016-04-17,-0.45093300742565984,-0.33558512453156775,-0.18083150884005408,-0.7562833394878298,-0.3038852281668355,0.1024004266411955,0.7873696099905195,-0.7417991333716873,-0.3924388551762154,-0.2505416560132591,-0.03735760539509997,-0.7900930395681567,-0.4397795515465485,-0.28940422123114623,0.1659499167696353,-0.8876020857045419,0.2294595459582412,0.1381533551325099,-0.05170275368288711,0.2487650697075412
2016-04-24,-0.6216907284318199,-0.8067283676209674,-0.8115085067290647,0.26843229076567526,-0.7295486705634026,-0.8913495899545614,-0.6079197281348764,0.35829776056923224,-0.5825544393581741,-0.7273543942323418,-0.5413641424022482,0.32380420014752354,-0.6783118233547677,-0.7259055412179887,-0.34264062735309725,0.37592539468863273,-0.34298662395644763,-0.33633576774819235,-0.30433473660017457,-0.019073625698863853
2016-05-01,-1.0656442210607167,-0.6222886480383308,1.0032669832493863,-0.5820687681402684,-1.1500489775065244,-0.5830316171153447,0.9261144253927753,-0.6471331305108704,-1.1432944514276902,-0.5462447096808808,0.7449039656152903,-0.7437253274292578,-1.1519079498488995,-0.6188793450256369,0.41892265944660784,-0.6381909505547259,-0.2985923959487714,-0.39782851766681443,-0.41097706504716036,0.22502021395293736
2016-05-08,-0.7032532849062091,-0.8666875398999102,-0.5595615203321574,0.7710206439089817,-0.6226022653671015,-0.8983119628584619,-0.8457528787532974,0.7071243087760954,-0.5850702812671422,-0.8341373379042479,-0.6094619335020053,0.7728245823111628,-0.5732965761021948,-0.7361001086131155,-0.8617616903055905,0.624992353044614,-0.4331442238159316,-0.4555565794065707,-0.4352599094897169,0.17045708680884614
2016-05-15,-0.3291907061975527,-0.574962896037008,-1.0222539278357792,-0.28093833105442495,-0.41395511039764277,-0.6484439928223309,-0.7695365027475926,-0.18248228711831663,-0.29738173420044806,-0.6392691821967118,-0.9280496409678725,-0.10289046488770957,-0.36089603112068214,-0.6394058758411449,-0.9516162513579896,0.017412175381886864,-0.41126407946253,-0.43875173242222804,-0.434225182463502,0.28033213491360215
2016-05-22,0.040883995058121785,-0.1920866735225036,-0.9193445095817696,0.46233081129636033,0.07291494125753845,0.029293705638027856,-0.44889629326943375,0.6258291182705891,0.23914745431959206,-0.020798757657982662,-0.5993468842767481,0.5842067814982598,0.28117113686286854,0.13010612930693008,-0.45358986071782015,0.6221050331969613,-0.3943783461565638,-0.4175940873462109,-0.4064873729623442,0.1241804601545524
2016-05-29,0.6136214786366343,0.22742809749080986,-1.207674862490435,-0.13825014807013256,0.5226441287871918,0.0882335498289283,-1.2881025524752567,0.21538319177392098,0.7256804405189275,0.23218840290285356,-1.1588343229487188,0.13276313625119399,0.663737291628343,0.2462934125845729,-0.9954635668289173,0.18607516563088414,-0.3946025869508915,-0.44465165240342064,-0.44187206109552224,0.26853550210316934
2016-06-05,0.2615435531701644,0.7363158725043486,1.80554754423043,-1.6958802980849323,0.26317547203494146,0.8346838185103024,1.6129649441696827,-1.514304846507092,0.23771996587225794,0.9781034370520442,1.7352801481384221,-1.7635657194275483,0.2046721756983433,0.7910655125202868,1.8741336307506105,-1.747248481893169,-0.07926401522403603,0.0671972389239951,0.031862330203321416,-0.029095349738437047
2016-06-12,-2.2146610792893138,-2.1190617509478624,0.44187072364191526,0.4543940880516726,-2.110830788069313,-2.1457543197567537,-0.43984757825446796,0.4234716262961203,-2.3033525304536675,-2.226857165064099,0.30445175645099903,0.6367141383593931,-2.1489892629317,-2.2210170306073165,-0.5365530695149013,0.5644558007796386,-0.34927235865765827,-0.3850187766143773,-0.37458506983173046,0.18776665067552573
2016-06-19,-1.8675611628795172,-1.0222028795550098,2.2080761919413474,-1.8654046757618032,-1.7023813512978503,-0.5840426572347764,2.3506730976952723,-1.6962946121654086,-1.8981229454014519,-1.0759923101715154,2.0930120462887474,-1.9020715296449648,-1.794253570554487,-0.3129228912147237,2.4237943417880046,-1.591457032739088,-0.10445767904522962,-0.0694156398445922,-0.07158276000530146,0.24668589592858772
2016-06-26,-1.169551286030146,-1.4106090131707436,0.35190443840418023,1.568141859236346,-1.2256792842566482,-1.4102889515284187,0.2601999794466349,1.4887284601356991,-1.131161001660996,-1.4252280631058536,0.10970704976547409,1.2918834810060489,-1.1336434979571681,-1.2230873512811105,0.47076192982877413,1.319982146001557,-0.2484929721739428,-0.3261437515387379,-0.33781375972827277,0.1565093751357383
2016-07-03,-1.7741340993270336,-1.9716754148809088,-0.14997565527858656,-0.01748877253280024,-1.9161128940145615,-2.0177361416544093,-0.2393547476566412,0.053738628622017205,-1.7554357136021372,-2.0077953565079807,-0.21769406436323002,0.4028003252310592,-1.8673980055970332,-2.2042340091025587,-0.5643727419371241,0.37934115846120076,-0.31747856577601746,-0.34369620657937894,-0.33121022122031024,0.23687049144811356
2016-07-10,-0.8552003129834707,-1.25007474045278,-0.9305851662497551,0.19003298646850753,-0.9256949145153673,-1.242922328545961,-0.9365016451488373,0.18871137961427228,-0.739170139402526,-1.0248325152358466,-0.8476516746319721,0.17747195955667708,-0.8830526945442554,-1.1254809754257231,-0.6592612514638508,0.1888552161380851,0.4293517487466316,0.4791582738066091,0.3629830467898657,0.8070086366980918
2016-07-17,-1.2114428253173912,-1.2955810801752883,-0.2913696485492681,0.38907334190568377,-1.2841871544843506,-1.3792480223411692,-0.4959170343705458,0.2740984896040026,-1.134279052458679,-1.3015713959818567,-0.5080676392861362,0.26768831741743193,-1.2078975898457975,-1.3938711241436907,-0.5668379280850899,0.31683987102675004,-0.2964450119870695,-0.2270752380403033,-0.03690687956737057,-1.5795753816478786
2016-07-24,-1.6277923371321086,-1.8897887929470094,-1.066905111719222,0.5648500097153657,-1.6348015728330894,-1.800717875077214,-0.856877491398929,0.5973332087563894,-1.5297304235008558,-1.7568477140617098,-0.904155846627319,0.4787540767918262,-1.553763353832053,-1.7216617735566015,-0.728679294937995,0.42968694837874705,0.9422054503585808,0.19323344298191972,-0.027797066709364698,0.10311097674983688
2016-07-31,-1.3582739739512162,-1.5155703392892361,-0.7331535819855016,0.25238980241827114,-1.4112772022898152,-1.5126195881870148,-0.755451477983632,0.29386792649376126,-1.2898330431072853,-1.405837333288825,-0.704816386942221,0.20539454012156932,-1.3331560430516662,-1.4470342840239296,-0.7080836312864652,0.19429953784784376,-0.7672389482331232,-0.372080987631905,-0.2546524433492425,-0.5340851341273023
2016-08-07,-0.7239520125826803,-0.8579085301203936,-0.513856019453757,0.717330834665065,-0.7726830192644366,-0.8625838967743547,-0.429877852882386,0.6437155045162389,-0.682730862644207,-0.7758300963244501,-0.4338062448358077,0.5057332997998407,-0.7769536967759088,-0.8591396296652746,-0.3740310546371311,0.6601339840341269,-0.634095617981464,-0.4295392843738181,-0.19041959074814382,1.4373417537717472
2016-08-14,-0.8758196830973477,-1.0032345732066117,-0.7460682835478837,-0.06144104899019738,-0.8739704461015871,-0.9641617938394431,-0.5244336276740494,-0.06359306812772361,-0.8229087002098276,-0.8957126505260711,-0.5272405810733918,-0.08777815872712577,-0.7996791106379257,-0.9360200167234498,-0.6049309500532359,0.10485646933838569,-0.4936837023194827,0.059395284662250594,0.13819993863954008,1.259966364306385
2016-08-21,-0.8460193404568417,-0.8774840556810609,-0.3065000973902619,-0.5134464600316864,-0.8699897717677869,-0.8899136753788781,-0.2618027445660183,-0.5052975901793662,-0.8699546136397581,-0.863551717126121,-0.39952391857735503,-0.3694320918006387,-0.949726653169191,-0.9178990509976629,-0.4457967827984567,-0.2513131416710314,-0.5853073129959248,-0.28062062812713146,-0.11945342746338854,-0.6233382114247916
2016-08-28,-0.9577117226957652,-0.8709769757747878,-0.2719632995005101,0.38359555255355493,-1.0330668450754819,-0.9050222773289995,-0.2682738582976621,0.4319247053122137,-1.132311936808858,-1.0367638627826739,-0.5284410551386987,0.5208973474065373,-1.139926309355062,-0.9444878288051778,-0.42526761507402244,0.7066553625658353,1.2508876598761571,0.9318523588189256,0.9315423473447554,1.729473258560905
2016-09-04,-1.0512076767097795,-0.9259441184509375,-0.27889980179880974,-0.3700175281808287,-0.9981057434931461,-0.8948217331211445,-0.418744265777868,-0.1977325504499672,-0.9544115508164102,-0.7984665511743457,-0.14377107091544175,-0.4261689575698415,-0.8931495078053655,-0.710108693565039,-0.19145032292378802,-0.30300930972425383,-1.1984213404478703,-1.1074761751287847,-0.9530100272424785,0.39531461715852434
2016-09-11,-1.8087547535433002,-1.533466267610268,-0.46320132535186814,0.3445545129979074,-1.6832288369579471,-1.4046784281075904,-0.3536926725382778,0.2976665630085253,-1.824955944473718,-1.5825504302975106,-0.43620744224359653,0.4518999134985838,-1.8166837044852489,-1.4287025158138755,-0.37841049705264607,0.4457894578531591,0.3849248416832911,0.9471103245093064,1.1128143449167187,0.41975108960426344
2016-09-18,-0.5859013762794719,-0.5538575762993219,-0.17055551429351945,0.3447152838161914,-0.6229245562695762,-0.5305196502973298,0.46150502748225475,0.5361284665360483,-0.5238026445834584,-0.4874752252010907,0.2671914134485916,0.3809784489238513,-0.5583529654902728,-0.5116020057979812,0.5762523204746143,0.4545481070381458,-1.1217487439015228,-1.1049812511235046,-0.9468791516568954,0.5006876547379999
2016-09-25,0.386778389922098,0.4674730659168975,0.025372502296316095,0.3021731443854234,0.4377636968764822,0.4398361888589043,0.05104663808471058,-0.18326993099430447,0.3022159266864822,0.20290171928612954,-0.8128145907129385,0.18255216603128707,0.40949821987517127,0.5411273933314252,0.24727609286814975,-0.22615778172008774,-0.1938265715694214,-0.3150683419513672,-0.508319758240081,0.11726957954381328
2016-10-02,-0.03119253092381146,0.18445025444976898,0.6624290805975599,-1.2237111283578566,-0.10986377200160051,0.290433256698927,1.5133315501727918,-1.5296144878344842,-0.032622448898132726,0.10006038580476916,1.4287111459861335,-0.9425030381697383,-0.043610917322948056,0.19514403480833828,1.793364589871621,-1.3923433199966897,-1.3480921975539926,-1.310498269592594,-1.159287757047034,-0.8376503261845956
2016-10-09,-0.5041868501181426,-0.5251364483316063,0.6474417099211118,0.36077608686146406,-0.5026322022064823,-0.7429489315443613,-1.0716316385722726,0.32264613033982065,-0.47144774664601,-0.5817535263448298,0.5943881165896049,0.13419682890681728,-0.46511702670584615,-0.6311354788936707,-0.9643878041328722,0.09289623207577193,-0.6376623443132825,-1.0039545393747171,-1.2294667386073173,0.23075704384084636
2016-10-16,0.09141835263865727,0.11762213834046391,-0.23454921017080468,-0.5112071635919646,-0.009770180081330201,0.020444298417142737,-0.548276652292797,-0.7103293756682336,0.19758974344167196,0.3323738605981345,-0.07727214728476611,-1.0999430999132762,0.10686579265729958,0.2635137723856816,-0.23864232408751898,-1.3888059902326253,-0.2860484035483749,-0.7513864641291833,-0.9696650893068979,-0.2655861087770744
2016-10-23,2.091014945497892,1.993451062215305,-0.9585144756340321,-1.0728496224282882,2.1324739989030648,2.052295862974017,0.20145934483351577,-1.3010524639428334,2.07965155026302,2.013288555479276,0.02315610090340473,-1.283669694639713,2.11141516114571,2.0504643132735647,0.1302039244054351,-1.3393210203426407,-0.04284528217556897,-0.10226032416127759,-0.2747586867511168,-1.7184133735464378
2016-10-30,0.6153642249552241,0.6025570704549879,-0.11549572240640417,-1.0460035130928786,0.5131811618021698,0.451035789975449,0.18574705875368577,-0.9024327771678331,0.5118880117934406,0.5604938877955816,0.6714888573895816,-0.8036015047311381,0.4817572044633705,0.3873111427406764,0.5009315618107244,-0.6070796997809528,-0.020136829100078982,-0.23741365335918987,-0.4948345253181498,-0.016480857409847643
2016-11-06,-1.4539996635710768,-0.6567968203255442,2.99312553411229,-2.485711059418021,-1.4540253684480442,-0.5061073255223183,3.0751880592542626,-2.634529416442536,-1.4897480881721938,-0.44533635569166696,3.1619542367889704,-2.644135449888589,-1.3594304102467147,-0.1336110103160024,3.139340887034613,-2.7557282116441515,0.03687940440157618,-0.4494186317954774,-0.39120698058406195,1.1187280110086055
2016-11-13,-2.1482155586852016,-2.433988661091264,-1.3812106855858792,0.025125357908039565,-2.1959647381408085,-2.3967179704502963,-0.9109664984355167,0.32180690785982663,-2.0101395832653335,-2.362742044868462,-1.0613153625167497,0.14944445290154468,-2.042715910029025,-2.2798832535533875,-0.5697308645518767,0.15459810352577666,1.4257096878079951,1.5445068512797269,1.440376528043473,2.249660432922576
2016-11-20,-1.6568923879133137,-1.7397549568826085,-0.7668849933673972,-0.22314294757106212,-1.7648195431869373,-1.835948932200876,-0.7667537600025366,-0.2034579234449135,-1.6565410852483369,-1.7484196810345398,-0.45628602889526343,-0.429203840608695,-1.6877131039075026,-1.7253999753510678,-0.30227922126120715,-0.45520513410668273,-0.7625882958427345,-0.7844201806627952,-0.3892347549206428,0.39795634529466156
2016-11-27,-1.78797070629001,-1.6982934907586362,0.5994922293057952,-0.8693881074197412,-1.7897594181823535,-1.6196853305552574,0.6853791741196301,-0.7076580059880728,-1.7938215272467786,-1.6153912507129427,0.6928972761201548,-0.8230661301453088,-1.8190913515631428,-1.6098870881063583,0.9533909622621131,-0.5859665409371017,0.26117118892369195,-0.27168089991644695,-0.6940552147260618,-0.1609452397308665
2016-12-04,-1.266439038615927,-1.0984671254752256,0.27752890500840405,0.7628777704360215,-1.2288146622523581,-1.189814499514099,0.03555063591769036,0.3989269049667022,-1.348994406527257,-1.3942024275875529,-0.290649372619572,0.2272524432977861,-1.2960534841104359,-1.3743638430577774,-0.13181683831286484,0.37006303172809285,0.46515139308937314,-0.23971508384666046,-0.7970515831132264,0.6089768771923793
2016-12-11,-0.9589044436550226,-0.9961443063650502,-0.009666348622176163,1.5412883749144024,-0.8707330406355583,-0.9460777985235793,0.09934123390997747,1.2101973312897254,-0.9356118340004311,-0.898113054602065,0.6294723983881072,1.4381746169762304,-0.9885050248650987,-1.0293469072284593,0.46059996551122256,1.063968307180628,2.20361216001682,1.3663156870078943,1.1353620981475092,-2.0352787517762003
2016-12-18,-0.3846587028775729,-0.5860877271654872,-1.3050286346062645,1.0865252945752808,-0.448356615039296,-0.6117667531818334,-0.9918387485906826,1.2240989541978342,-0.3329968959544173,-0.49274449820528776,-0.8929156109980133,1.2161934125700844,-0.3964602444337953,-0.5837953407162567,-0.9159337782355635,1.1147375285510612,0.2010906809652493,-0.22275321469676088,-0.7399830796764062,-0.45771530055984344
2016-12-25,-0.022492217578644974,-0.013059076617839963,0.07127355355005789,1.3865214137118138,-0.017410130915075383,0.017888350646563342,0.29954234882833697,1.320221712637268,0.07846278982840586,0.05050168428903747,-0.023195057779979152,1.2600380435105718,0.012769180013840349,0.05961954431552688,0.33280993087142724,1.2951218527449542,-0.5539094107213639,-0.6664815475371301,-0.9501261428200004,-0.03394974987760815
2017-01-01,0.8960964825784795,0.8634694295720847,0.5027908727293144,1.511717021285267,1.056261274371398,1.0786196945262077,0.4873531708161292,1.53358206156594,0.9992956781711634,0.9579276918011493,0.3577037727405597,1.5331274663007657,1.095790189484688,1.1698205710621443,0.4763139720814406,1.3669262667641742,-0.5196761546618108,-0.07923318127322103,0.07325047667638612,0.7673117946005651
2017-01-08,1.0983644087876145,1.4215193643606048,1.1925073484069206,1.5143868466701378,1.2497729702122877,1.3874357687044387,0.4432463225936448,1.4588347281236547,1.1545282933003085,1.3939691072369693,0.7149276145204373,1.409851658790402,1.245278607190603,1.350278488529818,0.42245639159761345,1.498902589568553,-0.37869012300251875,0.2683761837103992,0.5090849627087117,1.3034488013753738
2017-01-15,1.5513002157832747,1.3347522360232043,-1.304719053469562,-0.0683355270009436,1.5421126857052743,1.465644398111288,-0.882463176988856,-0.33884402087780086,1.5197704183204284,1.3169924823845895,-1.1716976145245828,-0.10177760953838103,1.523565302520145,1.4631270419005766,-0.6247784572522401,-0.2715719989206288,0.0046147156322653565,-0.23562791292200094,-0.18653582074287314,-0.9420920913173623
2017-01-22,1.0488355850574718,0.9511000586570163,-0.05032607897910643,-0.8448415699314475,0.996945026194438,0.9011108368122978,-0.424146078919842,-0.5992118534557412,1.0429770018760613,1.0177729627885472,-0.0826834554686994,-0.7737096593132755,1.0336903751607256,0.9376645861248536,-0.4206570624366081,-0.6414779541360249,-0.3111755381624767,-0.7835760266800912,-1.1560889157110257,0.38810944442189355
2017-01-29,1.0126193533579808,0.7826461536965704,-0.9921379101976986,-0.35034199817323364,0.9077668755339868,0.7098612550492287,-0.9193427778213024,-0.3076863198491291,0.9237294617703231,0.7162781425869609,-0.9552386732325424,-0.17536395708506702,0.8762960862219131,0.6557399450931217,-1.0874705707258892,-0.1838381941731307,-1.1778316705191079,0.05569256906305414,0.613665598702961,1.0120176011166933
2017-02-05,0.6096544069628934,0.5270688857656375,-0.46305172718681503,0.5968190795079821,0.5807723003732691,0.4725475332334712,-0.5599287344631376,0.671966940641832,0.6004840288387889,0.5267877177186782,-0.48095106408290605,0.5574099107070466,0.6478167817351669,0.47170846655290105,-1.0089193129285845,0.6600019434619511,1.2175403627873362,1.9039875065217875,2.130134636081631,1.1687354328266883
2017-02-12,0.7452288769875715,0.7682916788147357,-0.4593218442952794,-0.41635165630369736,0.6782306596912987,0.6864881851693994,-0.2345015182052653,-0.43663838464369004,0.7444163760352528,0.8441977150526597,0.03950643090050987,-0.3024950023420082,0.7048544081707231,0.7246886880732145,-0.43945654678808455,-0.24642916358730496,0.01884996373056352,-0.257870647376991,-0.3917924341220132,-0.6209765907085302
2017-02-19,0.3738802716101641,0.5923356229928075,0.7175171210293805,-0.7264779183291271,0.3754716567586064,0.4427384227760796,0.7859091305235264,-0.7588880092488827,0.3384214539231489,0.42604394609038293,0.199898308903226,-0.6748490585222481,0.4144232936801559,0.5223957934848472,0.8986703916913744,-0.953009899644417,2.874490637518374,2.9900152548961163,2.7673301202707505,-0.3632035460626791
2017-02-26,-0.10561832767804033,-0.28619611053940874,-0.7639912314339715,0.1929802274884067,-0.1534070717623518,-0.2749985384895422,-1.1302751343448638,0.28042694040548344,-0.11876872783704755,-0.26939120786580484,-0.7146001596015003,0.28114317486351287,-0.16361544032450723,-0.18541263381954556,-0.2924393346347324,0.5358797685447235,0.8649636926907522,0.3932434594504374,0.38885588960431655,0.896419363014429
2017-03-05,0.45402955207473294,0.70324278294015,1.4113779577520773,1.4122273019894,0.2716741984250462,0.5896958431205886,1.8654459432039983,1.4936329710565983,0.38585955592410137,0.70579329295419,1.5552257855667018,1.4256543582255305,0.20963776382486915,0.5462670297185889,1.6961786093690796,1.4740277659509669,1.8288551804546238,2.04632859400552,2.1766431188367728,-2.7296833703647856
2017-03-12,1.0799982808675042,1.3768363630635407,1.4975558715783317,1.2076400401480758,1.0554417575516688,1.1349374019487857,0.9908498725291485,1.212734577997037,1.0636869076781117,1.0766109459267434,0.8408553045606939,0.9322586981503557,0.9969670889517931,0.9076549387052179,0.546465115461315,0.9941071967770374,0.10595032336606364,-0.3204567672013596,-0.35202584852401736,-0.5590982075703101
2017-03-19,1.6565460207394114,1.345089467496312,-0.5453259283007159,-0.4265394600575503,1.5969300346134803,1.181448357447254,-1.17161694512706,-0.3810104220861548,1.6389200670720139,1.4662221074036916,-0.8210657731490986,0.15026533185456645,1.533504908020441,1.2522534115796407,-1.2750878758904782,0.07121371037909369,-0.9013345309328654,-0.8897588161541018,-0.9240002850842135,0.08034384131813653
2017-03-26,0.5745864315284761,0.615352853807667,-0.2763861729201914,-1.2309603715652055,0.4124778406840839,0.635649691406392,-0.005456448779385376,-1.2770669707159716,0.609422758932834,0.8392062932224982,0.25485644580541367,-1.4981007948957368,0.48337047888064744,0.4962391120715997,-0.5106441227701817,-1.1884610265633853,-0.760870108521521,-0.6533359614967589,-0.6652998911257001,0.060416770089395666
2017-04-02,-1.0735690354036127,-1.1417906371936468,-0.4295522669462196,-0.9302928022578753,-1.1681648130676328,-1.1835707775021442,-0.47196473417195167,-0.861629167171428,-0.9478744996612269,-1.0427625392158513,-0.5772203078392864,-0.8902790160241402,-1.1530278190286287,-1.0684996931408859,-0.08720479165342415,-1.1220830339538028,-0.5478651303952279,-0.5145330079485351,-0.48457630619865405,0.7768005460306374
2017-04-09,-1.3854706850534257,-1.6142526503112034,-0.9566258723823929,-0.42957117242047493,-1.272863913080218,-1.4894187044012765,-0.7786750552245478,-0.24918496963774656,-1.315980125968888,-1.5028156142438733,-1.0219353342137534,-0.271006289802389,-1.2559979703537216,-1.5000633940141173,-0.4053936965915212,-0.1472007260143496,-0.751287965842591,-0.7205118927087366,-0.7076634588197163,0.36491609864964863
2017-04-16,-1.0289230178095912,1.2104569120904378,2.634893346033592,2.20707264562071,-0.9225992096804451,1.3833475843557779,2.74336142888222,2.3360986125828758,-0.8684169302915364,1.3594506122009173,2.783764465896273,2.301335506322806,-0.8759279276663522,1.600561699157204,2.741745668209499,2.369498702670584,1.1353873919855006,1.2857692300970613,1.1064361849758682,-1.6269962592290077
2017-04-23,1.3719856066803917,1.433104834927821,0.9973642310423773,-1.1378431514987613,1.3903503467646374,1.4072944860466599,0.9037270051961149,-1.0014328539513973,1.444056435076313,1.3094516892849175,0.6592556210761663,-1.1896015593827227,1.329073089712887,1.2781003348145794,0.45205706961190434,-1.2507772877239927,-0.8912568200693542,-0.8111649982330057,-0.7594567120018209,0.1674830597202423
2017-04-30,1.7862479370396094,1.8769268788209428,1.257238085079002,1.446408286622801,1.8547464453500193,2.05075749802288,1.3844788175536307,1.3913753602185688,1.8702072193438777,2.0197403047038924,1.4574412568682054,1.467059380014858,1.922162233583031,2.2176009356644086,1.5825436082953181,1.2538940065758402,-0.7145063841418737,-0.5055378698523378,-0.28312909778979467,0.6248648701980543
2017-05-07,2.2153697720485845,2.0254612590605925,0.08127798381082789,0.4864552092152317,2.1984130472234154,2.0649840795076955,0.3834735485563598,0.46626859241256385,2.2404956043502735,2.081844592735946,0.4189870691579726,0.5085981379796034,2.211001791921845,2.1344265999675978,0.747554310402813,0.6824059055561522,-0.9510657085764976,-0.8444080622610706,-0.7961202704874294,0.4511232398526473
2017-05-14,2.444517974019519,2.4012939383827527,0.5469350934164172,0.2864601508477637,2.444040732282953,2.4139343302061707,0.42201985865289454,0.4515471094795491,2.450508693657181,2.390468995523905,0.512381706164453,0.34833243119611085,2.4448302295294426,2.3819690346986437,0.417312879480627,0.40538191596615225,-0.5302613969600102,-0.17187192879264296,-0.06743701077848069,-0.528489362083547
2017-05-21,2.277950592442855,1.992392159395445,-1.3330065589275402,-0.5813079965440988,2.231669339103246,1.925271594375733,-1.5156564960934862,-0.5518355750901378,2.244765131292892,1.9746044946877537,-1.2497486790303407,-0.21191630348354742,2.2404308149694745,1.9658501879432564,-1.1277419226940009,-0.28194679470756373,-0.7873640090573144,-0.7442939751613092,-0.7355755320224809,0.13905445249604784
2017-05-28,1.7057102797554409,1.6104244977818245,-0.9538143211582353,-0.4961635130675862,1.7051787017709636,1.6093313181450932,-0.8692464676090161,-0.5984693837177419,1.718783352835406,1.6003250042781458,-1.086200760821502,-0.6301529926916613,1.7334184740996395,1.588908973718225,-1.1483046674855066,-0.5419631861728336,0.4086892250798432,0.35133212331577235,0.4357346082180539,0.08482032041086214
2017-06-04,0.8741077447509983,1.0611958130143229,0.5105150000749425,-1.3471695744498828,0.8455500279543986,1.0801673052829737,0.7238407740100054,-1.3462405147430072,0.8012684497068784,1.0503928152557884,0.968362880891472,-1.3026528680769431,0.7966216479969599,0.9826102531020681,0.6777113306766357,-1.1745282639838655,-0.05657995062294857,-0.06956615446082755,0.04152339475549931,-0.5410549351903584
2017-06-11,0.3189921424482565,0.3864441215863738,0.27603336431599457,-0.744250695707999,0.3296730019715981,0.3768673372750878,0.14253235318343677,-0.8175354262351173,0.2847190631653228,0.20032000792729115,-0.32129863173930584,-0.9303158964146518,0.3257061758069016,0.2423902534879334,-0.05625413543525015,-1.131417569143306,0.36255347361834417,0.3645701004058911,0.49756224650142744,-1.136522780862699
2017-06-18,-0.12794596268995537,-0.37574657094103764,-1.1312072137570421,-0.08117287199376798,-0.1630453018478594,-0.4498741906030093,-1.1623005279020793,-0.07401555299248025,-0.167827001108127,-0.4347907958049176,-1.205016631435129,-0.0264787157774023,-0.2105494674202471,-0.5026058498459254,-1.33934130705389,-0.09162334669989942,-1.097012153177148,-0.9415294596012751,-0.8536017000721541,0.32690775604741706
2017-06-25,-0.25030462759668043,-0.4662927679639436,-0.9514392641564591,-0.2821658194801991,-0.2582663318370056,-0.4411286425699705,-0.907847120345869,-0.34408164603534463,-0.2806567133449731,-0.4461551870459563,-0.603467686970926,-0.28733439301458386,-0.25072951484360617,-0.41194336629449524,-0.8212665148016274,-0.26532703516664313,-1.0516455052807878,-0.8021428225708657,-0.5686385090522363,0.3198817416457352
2017-07-02,-0.4340955574905942,-0.7536271897238447,-1.1894543184576258,-0.2579100782717937,-0.4214479965622713,-0.7486797195835315,-1.2524843440435516,-0.14668856239859612,-0.40266622154812365,-0.7227419152880822,-1.2169466287886928,-0.2633782794852631,-0.39432598338152747,-0.6926041217334968,-1.1239611425645901,-0.21613917826687776,-0.7459013877176037,-0.6654173901249287,-0.672359742625087,0.3343516070020779
2017-07-09,-0.12561827670603343,-0.2611280754583761,0.2477048917380319,0.9269426025505427,-0.11101093869647512,-0.21476350537053418,0.2041879639439019,0.86949688504612,-0.11474661000452414,-0.19292387737332883,0.2971969938978439,0.8991464974790185,-0.07546965006635337,-0.1703821108748943,0.05462797942213021,0.7696982886091078,-0.730096264796666,-0.7105637283335311,-0.6906431438260249,0.3359591908763113
2017-07-16,0.22055996507491413,0.01740952422219055,-0.8865742980788467,0.016630459283339755,0.1763200287369871,0.08328886968123944,-0.5865464152543366,-0.019156532936856104,0.23825661923449173,0.04437691764392744,-1.002661908938387,-0.10707672286264659,0.2497622790483147,0.15271069726305303,-0.6225745384853294,-0.029888669993053618,-0.8369029563339931,-0.7720433230141999,-0.4464726658900006,0.7105002848642861
2017-07-23,0.5297255795293305,0.3839855018315073,-0.645237027609063,-0.31838517854535414,0.49080416306189234,0.34486937761247555,-0.7001357168379162,-0.29334101106009497,0.41423045520180946,0.18705481322076098,-0.5381742597407254,0.24315810825804923,0.43712797916502333,0.22081829499142808,-0.39629242676963883,0.33061139586540317,-0.2790919931239701,0.2721704224779103,0.5726881589569986,0.9290101071570731
2017-07-30,0.7177484859751629,0.5070904717872,-0.6649069840502926,0.39438967190450386,0.6612843438850079,0.4773639184769821,-0.5088497223808466,0.3134483342591814,0.6986428928268593,0.6074630269134957,-0.24735234752152943,0.7347200102895564,0.688622928456216,0.5292313662580803,-0.26778384476047074,0.7225270291198296,-1.5792450990813194,-1.1793381313104585,-0.6175893451112472,0.26587851341656876
2017-08-06,0.2828677791603918,0.44207772815216184,0.5372010063097578,-1.1242369690418093,0.30945658288394884,0.4176125218815885,0.6126663285576706,-0.8038430174002245,0.2751980224179228,0.3009771383669883,0.17570976805242136,-0.7252108776328354,0.31164366567741747,0.28086343715430034,0.059037755019506644,-0.5444468663951813,-0.9612639410275746,-0.9694320637197001,-0.9481569558961759,0.4627090255729256
2017-08-13,0.18171378824648143,0.12972014788237243,-0.437492991646036,-0.4980641777969316,0.17494023669689593,0.036434669290251465,-0.651904925823183,-0.31752325767741296,0.2559101831168895,0.1591610477263778,-0.6216725960739986,-0.5756437993894327,0.20808961105392076,0.0632630931729057,-0.6501506717719407,-0.29047822685914654,-1.3015834886965245,-1.166631727617773,-0.8984727477132287,0.5936863155926565
2017-08-20,0.4800582494552086,0.3344506937587926,-0.32761113564627214,0.8548695003134875,0.4767980278763655,0.3121807535434265,-0.5288843948546801,0.8991722699109548,0.5843931457450414,0.49199327724769776,-0.3246170305296287,0.7023532659209483,0.5128633647942719,0.3625450916524127,-0.9072787303635572,0.49318858157848006,-0.8254841592642814,0.29392895355418025,0.9107885575392913,2.3450985660860013
2017-08-27,1.0422491945251042,0.7150770695169634,-0.7922102665851652,0.7071623562011737,1.0889342327986153,0.6751363288041018,-1.0588112724153154,0.2320631421929998,1.1380336703031526,0.7355906063137001,-1.2065414444147855,0.1871704738199359,1.1013996777302462,0.8024365705289483,-1.0803140827266793,-0.24915880142865274,-0.5036760993206535,0.03234955485131751,0.3242685911270115,-0.9536524226521146
2017-09-03,0.2818216376768806,0.09641561145578319,-0.9213869634552999,0.08159128705969936,0.25548785268368557,0.07799512885938972,-0.6628766449782514,0.3045746649534311,0.30683795240288697,0.12707942650998275,-0.9945889906352045,0.16377246835202036,0.23661621559630877,0.15782174413213448,-0.7990659111773977,0.18179723385737676,-0.6882091641675965,-0.8433631901888567,-0.894022150704608,-0.026445919446942766
2017-09-10,0.18005925588919786,-0.016098426163572887,-0.699459690328624,0.011202403380795322,0.15833773136711451,0.0884050337407365,-0.3511473578553742,0.07305686857210299,0.21358120858520369,0.15621875711267716,-0.45753236783941403,-0.08410233068904202,0.21096807671702492,0.1406601612045168,-0.6906653556827278,-0.17050449852702068,-0.9104118362535157,-0.21126484908549537,0.09322829064539215,0.4670141081615138
2017-09-17,0.013845500992920888,0.6499324210317426,2.048989000619106,-1.3898252031053373,-0.003920727254186944,0.5886325630768162,1.9978607985321546,-2.138169469649864,-0.05489169619495227,0.3110624577163748,1.3691419065863588,-1.9256861615875471,-0.02316864817619195,0.5842622083101617,2.236056994379311,-2.4747197285888447,-0.39685191761592753,-0.48074149532411586,-0.6409081860738814,-0.46703255490630935
2017-09-24,-1.220029972964265,-1.3352814914657005,-0.6079405387239328,-0.5726849685777053,-1.2307621330739922,-1.3226735391518927,-0.19141505665034297,-0.7271430707079015,-1.1459679894111696,-1.3169605370200987,-0.6963170825358342,-0.626168643615753,-1.1748471049085747,-1.2861667563584542,-0.11904933071926943,-0.7997815403885785,-0.06954750662099925,-0.13933567332710342,-0.2788346019350582,-0.10048282879476104
2017-10-01,-1.771859698369234,-1.7484431182556206,-0.5393755595107412,-0.5785287650695357,-1.754094427159693,-1.8129180344087534,-0.458943658930964,-0.236431537342691,-1.7914467728170764,-1.9521518628623529,-0.7927105454059398,-0.3657752920707234,-1.7453507096237841,-1.8566935070231465,-0.506011599507405,-0.30779700907165763,3.1731193754295832,3.2978825090512656,3.2973287013057417,0.07841481886005684
2017-10-08,-1.0646734474607522,-1.217769691528396,-0.6268302785932197,0.9622925822554553,-1.0948080721681896,-1.135260564449738,-0.6067380839872647,0.39930470375262467,-1.061953506067381,-1.0854183512241644,-0.6513165081740171,0.17594102136913117,-1.1681586483943247,-1.2176381358887367,-0.46077092012224696,-0.21532849005857274,-0.13821661245149963,-0.3458372772407974,-0.3472662296989871,0.6883107508185592
2017-10-15,-1.6158190882972274,-1.5406185979639988,0.16129824399219203,-0.561512820373706,-1.7232181008798346,-1.6525368253203652,0.33909491394016494,-0.6190460389464476,-1.7871080026897324,-1.4747344626917467,0.9337050095113605,-1.3585006990650341,-1.800376490349559,-1.6962662591700461,0.5149491814092766,-1.102988709766436,0.553263329392173,-0.01263215554559229,-0.13476367704678055,-0.054411878395314396
2017-10-22,-1.4587309578062921,-1.1465157557259655,0.5511675029176809,1.5620194110169174,-1.4935574628275727,-1.015276230719872,1.3299822936732846,1.9025274997409767,-1.5382512939028716,-1.0336930967184295,1.6829733096410586,1.6295831657296742,-1.5347943387541374,-1.107125839576324,1.1537342717162482,1.6768698226387315,0.3687233272165574,-0.12899347612262824,-0.2831190143110227,0.8530174832737089
2017-10-29,-0.21398806992723332,-0.16502922651352,-0.06281186626511043,0.43476701005798785,-0.15730281915722655,-0.16408969695533224,0.2750264163043089,0.7107038383636114,-0.181456489556993,-0.4009645081907247,-0.3823595564509395,0.6803854621550416,-0.18908608471541105,-0.3068434032588288,-0.18557980667103077,0.8281979479375805,0.07777622056788447,-0.19255972666958943,-0.2290482727038139,-0.5761362026113453
2017-11-05,-0.09583722538030491,-0.14656625304180224,0.20800362045325527,-0.5461561277837066,-0.004087829432821842,-0.2574859916636477,-0.5548111695575767,-0.13477316480663895,0.025518930545556432,-0.11832187914183359,0.012425236682619935,-0.3890167823658751,0.09258560441731604,-0.12773308809865647,-0.3939043208624722,-0.13721356160809509,-0.09865720187218606,-0.22641462975350984,-0.23574261136518465,-1.047243121717849
2017-11-12,-0.031501610485303505,0.07512923954130184,0.1826339153723629,1.3084380298457405,0.01978684020074555,-0.06801606736783988,-0.3580283017873807,0.7829831441396251,0.010582278882199968,-0.034102448075268334,0.06848787558254966,0.9951912554296324,0.0489822131937935,-0.09627392057812126,-0.31969046330866463,0.8056124509679782,-0.23728612900836457,-0.35165455921375055,-0.35320733149067346,-0.3557063252226419
2017-11-19,1.2455527709024516,1.4672323972107013,1.6600995863283743,2.02896645686497,1.179492381995745,1.4708797840159775,1.2889880625915258,1.6948645224895595,1.3197779251531316,1.7315130102620144,1.6847162611852204,1.8277090427146423,1.231388982169113,1.577144073575749,1.445570917363323,1.719012465041227,-0.4475612110295332,-0.32048464304910396,-0.29025884926921824,1.2739012323137389
2017-11-26,2.0301467727784708,1.9359939622192743,0.6930584161056219,-0.5685807127459155,2.046223322629157,2.0301765585939138,0.3094891108268267,-0.645051600320673,1.9313833172852584,2.010025453925553,0.5232695291171242,-0.785444232433676,1.968821924085424,2.018068179609395,0.6435911542753795,-0.6985746841071271,0.024941510172020585,-0.2985031782748089,-0.3501346094244197,0.4110581548201219
2017-12-03,1.7893022775922887,1.6628663698712292,1.021376917315518,1.0760918626253162,1.7415874075251128,1.7374398737135663,1.4480508826084624,1.1232701969896801,1.6953160114858812,1.8656193125767069,1.6295526704822978,1.5913667226953494,1.6623967002685172,1.713130660905053,1.2628897058122246,1.413792858689087,0.11216497880640253,-0.15237808951358212,-0.2015607968293419,0.9227007037190141
2017-12-10,1.9707473121433183,1.7287601082347843,-0.8142223219989039,0.10085396372349993,1.9671462373623894,1.767948336676274,-0.8638072597004446,0.08572325187553304,1.9563307063056985,1.789636512506193,-0.27052002542023096,0.033507550641936605,1.9847694394184763,1.7469222933434538,-0.26912409136914406,-0.053240592061893056,-0.0025503083561540024,-0.14532588199208196,-0.22444944126220898,-0.10820731611339511
2017-12-17,1.6982146702880665,1.597117197960827,-0.9829867555380046,-0.9080026552345073,1.7332544340745324,1.597417231345986,-0.9717591911625287,-0.8302825286800216,1.6689709813630582,1.4852961293485731,-1.1330747590656207,-0.4511343940894073,1.7473120770093624,1.5825730089397023,-1.5818305187496882,-0.16791279643781926,0.06697591345134024,-0.06988981555678278,-0.08778278521310313,-2.4051566465387064
2017-12-24,1.4025237081443251,1.289107073226836,-1.2760605563543066,-0.6566326193432394,1.3426836219239,1.2184339941020437,-1.2126738416747753,-0.48500218322766364,1.4156400882005218,1.2868907217987373,-0.9826350587925476,-0.44246874754184173,1.3907552392827882,1.2369381842264384,-1.4695147316856771,-0.3512165919618743,-0.8479598333070747,-0.4242403357790705,-0.33465518669122185,0.30906449042751
2017-12-31,1.3984399891390895,1.3111328642053792,-1.0448464971289575,-0.011730270663099758,1.384885049132593,1.3443736985754169,-0.5496699188899868,-0.0928735033100665,1.4035992951036251,1.3807551524485444,-0.6152437789906616,0.1339971843084494,1.4354924825705315,1.4618846603419973,-0.06739818322689071,-0.016310009330007865,1.353492415968394,-0.02408295684966433,-1.2419389672972436,-0.46123471912521374
2018-01-07,1.0213163054289975,1.0688470816952529,0.4044211768744518,-0.5940620039110165,0.9787713411413839,1.0756627927599358,0.5264001122986935,-0.2016450767458961,0.9743694993711572,1.0386202662460997,0.0861284638359847,-0.4033969319658468,0.9827298983299548,1.1184571235048177,0.43160110753548103,-0.14255209748479877,2.092101120838386,1.4206246107781226,-0.140896369587743,-1.0242504842354616
2018-01-14,1.5332556934221224,1.7094353909871463,0.6005066377002702,0.5007986053950807,1.5563508136619635,1.8710790840888374,1.1122190771358116,1.0489668937859289,1.5423783734573473,1.7832735380375215,1.0209434452190147,0.4980436635778738,1.589280556020541,1.9151602797815506,1.5229464232462302,0.9039282692559317,2.0258799508017025,2.0422599237560815,1.3855864027829436,1.1142010211982099
2018-01-21,2.026935303654775,2.0912058599273955,0.5745133615041023,-0.6423108401166768,2.0645411175751733,2.060414304226626,0.2078397463463664,-0.4007095077486042,2.0174284634002304,2.034812124465478,0.5993448247012494,-0.27055644838677184,2.035193424083409,2.0160965179299213,0.1916087059978811,-0.6926330302387892,0.7291113112219194,1.4533599399942936,1.8509678995535286,-1.9149555791328192
2018-01-28,1.0851314079531456,1.3168531984438832,2.459743044691371,-2.5542751826118626,1.111790894531133,1.2084621190218399,2.2465875860008744,-2.5903375567851668,0.9074593867903556,1.1993037460971436,2.9625673467101565,-2.90495637183921,0.965006592258808,1.2363291774281653,2.8617564361116115,-2.8662857842114025,0.32736645274573717,1.3978086353793897,2.2151866390899646,2.156642985022682
2018-02-04,-1.0767414390835517,-0.9501165543385901,0.605036541631128,-0.12580117723914364,-0.9410780716951812,-0.6914609155041048,1.240430666474578,-1.2106323151149943,-1.2861344298639397,-0.9635978343353616,1.1670822613755567,-0.23402288134515423,-1.056621895572423,-0.6406248031423338,0.8775996912958395,-0.8985425408551987,0.9361113161438572,0.10711796370931431,-0.11216156151299764,-0.855089938230399
2018-02-11,-1.25940360808429,-1.1913435034171258,-0.013566237761216682,1.0195404462151474,-1.1497242921489887,-1.1525630809479503,-0.10145218257897871,0.9820670671784806,-1.1888828181564841,-1.1499118189129558,-0.23727677529947575,0.7619521463525106,-1.0622029246086095,-1.1770461199974225,-0.45087458448913953,0.684960363159195,-1.1675403610860655,-1.5025373714392387,-1.414209678819452,0.24069892213120786
2018-02-18,-0.629730041308748,-0.499431810874833,0.8682392167173149,1.5660982111964645,-0.5965965367139899,-0.43368899112289017,0.6500604315969097,1.4103654130289534,-0.6508836086615897,-0.5955467166241297,-0.01567374088549647,0.9331354651479945,-0.6335023762444814,-0.3511630259534644,0.4606474936751374,1.2588570037538056,-0.7472693116914219,-1.0507464927762116,-0.9174438569395259,0.6011447989217371
2018-02-25,-0.7260331796296378,-0.8394793087358279,-0.7915650964043053,-0.5383785924588268,-0.7407665832039926,-0.8909811223831982,-0.9395403164777908,-0.004970177800995339,-0.7805626844379296,-0.906201831090198,-0.4723874523347758,-0.1711057537932376,-0.8018408605712338,-0.8972147587309327,-0.5945744878515398,0.20483511125278786,-1.4016762362602901,-1.3250903678546682,-0.7631798821031627,-0.07234878170478852
2018-03-04,0.035756585219812856,-0.06113256569607039,-0.42221666220401427,0.5603801215794391,0.1559799561084425,0.2155007880483546,0.22555904279041508,0.7634425918627216,0.1313630785237793,-0.05842450498823893,-0.5267286613626759,0.47854489431120484,0.18360407847647495,0.07042451800974875,-0.18294959693647933,0.792721402174713,2.181059259861622,3.043437078880539,3.15847437542683,1.3499661257116453
2018-03-11,-0.21646003856658846,-0.20288051742533267,-0.29005635614509606,-0.8250942845240282,-0.2844113349845346,-0.3356159813867947,-0.6202488468354372,-0.6950435009213914,-0.1995397023589788,-0.3983322116164525,-0.6657592835338815,-0.3625677854705705,-0.2612223350430619,-0.4724118365114447,-0.7193745335134029,-0.15236968016278146,0.4456501695906246,0.16843698304858318,0.2206129304822146,-0.9870643557738544
2018-03-18,-0.9850490612102308,-0.9170422211808046,0.32438188675679824,-0.5680366107168525,-1.0753079672271038,-1.0559839316127142,-0.36535551106262554,-0.5223871236990943,-1.04529352136925,-0.9051706652325777,-0.010596035784422142,-0.7271454252825684,-1.1111655410357626,-1.0217461649784234,0.06206774200141826,-0.34056977258271603,-0.7375612917220993,-0.2981579546892339,-0.22788178463744602,0.079860552482852
2018-03-25,-0.783007354870141,-0.9386439385519507,-0.8614230840781559,0.26798502117253586,-0.7668558966741419,-0.9763753387176195,-1.3778612684876974,0.15686942030730455,-0.8535346367666897,-0.9603533473437881,-0.7301457519849495,0.031107825680535394,-0.8663246360740948,-0.9692193238893018,-0.7207184401313204,0.08792099209942109,-0.3422293718782521,-0.41926561745500696,-0.33841983118677027,0.44124516354761184
2018-04-01,-0.4124517218494558,-0.017801706741741974,1.713362393788856,1.5572532946159285,-0.418065305725734,-0.15623837354590833,1.08061740738521,1.4419362918444814,-0.3493793273507001,-0.12517787412777476,0.4066565858465878,1.2540187753424026,-0.3974587953146344,-0.3535956291642284,-0.06637348269092742,0.9134215903106504,-0.5009223876004808,-0.6211171897676249,-0.5407602860791104,-0.49652448924670406
2018-04-08,0.41775535243911815,0.1505053388165322,-1.3725035521694597,0.07561726773108304,0.4789088655032196,0.6418300545809368,0.2320384442203189,0.7025780390914297,0.5028727022680273,0.18216695587925602,-1.09387107416392,0.134185227477182,0.5018928310203772,0.5070966462064257,-0.4346675280227177,0.49712405926200376,-0.19157335915665824,0.07136797553929808,0.05993517456307242,1.248232292354362
2018-04-15,1.4491823249472702,1.4266296968350551,-0.2072720206736844,0.8038576506708017,1.423496297975958,1.2939721512781495,-0.5055685078979941,0.5771977763338417,1.537735357929498,1.5048249518897825,-0.3108556334221509,0.7046956383492284,1.4782888171571447,1.3290984528081289,-0.575919056118111,0.5136692306364421,0.1374844739062757,0.03100579594043604,0.04531461070932689,-1.4285523135749147
2018-04-22,1.8120390421273478,1.6898502122026118,-0.046545794570606584,0.3429025436996576,1.8239562089523789,1.5870840929303827,-0.7977224287042644,0.15677037833234944,1.8316484881184851,1.7229270194258575,-0.2035555804997311,0.37711736102659477,1.879394907644298,1.687809654514731,-0.684659396086585,0.18134997982988427,-0.20954734346524012,0.04942470270467282,0.17890285372446368,-0.4660859986293685
2018-04-29,1.582689327761166,1.5887092417866124,-0.17667617070986102,-1.4414016447162123,1.5285067315314582,1.4329774535581885,-0.6478846012557851,-1.1680545648572476,1.52423030501371,1.4710455402874312,-0.8050004978845833,-1.0112602811650928,1.4912927208519051,1.3593218425403364,-1.068903023535076,-1.0099125655759371,-1.1909552350911017,-0.7083244016858306,-0.5717772892534188,0.3298889099000312
2018-05-06,1.2036172371428715,1.1545264785527252,-0.3707755132156522,0.4206425033218545,1.1978639196671625,1.0902796784019448,-0.7434902454104998,-0.11565135585113347,1.1989234999641925,1.2443367900481959,0.10913967063879249,0.22373847275101738,1.2229872226641203,1.1172109223326487,-1.1797101238572762,-0.6219929569204186,-0.8973348637863972,-0.5123729185712459,-0.406866737991215,-0.6706450480428602
2018-05-13,-0.7452591527701742,-0.7269592498136922,0.5121883022835861,-1.2139421780062947,-0.7603973581315158,-0.8027545572263806,0.7443538033376631,-1.720986594752583,-0.6909693424183696,-0.6219953313128277,1.0840177821111592,-1.4508818135219568,-0.7101014227109096,-0.7451972657717262,0.751660572560634,-1.909589290460968,-0.05526175583320674,-0.13355184734494888,-0.30193245530200874,-0.9869305875573009
2018-05-20,0.043492100792600547,-0.027589720080033516,-0.4994520899504763,-0.507696444159599,0.08046786321725402,0.06463568246978454,0.244813004812222,-0.8722467617911672,0.04944589676251823,-0.10813873690252218,-0.9133305289994536,-0.6509555829388184,-0.006539759111755885,-0.10980855230079793,-0.8197623071086216,-0.6855939512660204,0.3836948079321104,-0.20800956829792552,-0.2557265485024537,-0.6640660789933691
2018-05-27,-0.806876212625114,-0.9223122240364434,-0.19368585371164146,0.3681543721787627,-0.8021927030236401,-0.8410962703077073,0.7668938468894195,0.32556305582713313,-0.8508949138313149,-0.9377665245041209,0.24306717098138594,0.5581525556468605,-0.8329597488135669,-0.7305412965810644,1.6782863264347954,0.4199350990292375,-0.32162896643553834,-0.45943045883455924,-0.5616078120585583,-0.05060318436048983
2018-06-03,-0.4530527394163241,-0.4874289327126674,-0.1547646465068259,0.8878823272942852,-0.39229495603928066,-0.34008537061122984,0.6647459865973929,1.1416364654121895,-0.33067603719627053,-0.34466851131289744,0.042959879157019466,0.9398617271854977,-0.3192572226601686,-0.23745532195352528,0.9038786649814847,1.430658207600996,-1.2682753951403534,-1.0774896497467996,-0.7911522281222874,0.22348673003295455
2018-06-10,-0.7453962467815957,-0.4323029765053502,1.56134930176077,-1.933493933447718,-0.8220154900815667,-0.6010963366815134,1.3189221697619817,-1.7059830517994903,-0.769723886610876,-0.47923181994020336,1.873009753770432,-1.9043392994387691,-0.893056747748392,-0.6069880383715595,1.9373376334508956,-2.07008807914779,1.223244678815509,1.2218849890988888,1.253106771070121,2.014258700475326
2018-06-17,-1.4139731996015266,-1.4364427100256574,0.19641526611209462,0.5815242833393709,-1.4986825076762922,-1.623958901374852,-0.042467160232306074,0.1311299219144122,-1.37067520040862,-1.4383097930868858,0.058697353838611376,0.37158869956355284,-1.4406521214238188,-1.5815298146306553,0.08142861445755228,0.17748402838266591,-1.5146210264535458,-1.6993454529603818,-1.7506218444518593,0.05872605408340191
2018-06-24,-1.4666207415129193,-1.4725119360869687,0.18181289271920226,-1.2274328238644325,-1.4490486775653035,-1.6093548319251865,-0.8660877643485182,-0.8758255672711558,-1.4779202767996158,-1.6182459575814947,-0.53358015076386,-0.8219828449875659,-1.5210238617788043,-1.7962496142571982,-1.4008524446012771,-0.44769262359274925,-0.12490070503248599,0.10290094696808084,0.013021323624529691,1.0857607009836847
2018-07-01,-0.35154699825812896,-0.17903972178073027,2.420275436589775,1.800625423662421,-0.3709172467600855,-0.24588993765823072,2.50061134897184,1.9069353313025947,-0.3128248403395411,-0.16895639335431586,2.2871554483091474,2.028149649141723,-0.3610053673745013,-0.10981575876886268,2.3728498293527394,2.140429890819184,-0.4564901851671702,-1.1479626220677501,-1.5230902205825907,-0.04116229546271718
2018-07-08,-0.42481723678764577,-0.3763009692982238,-0.12901321313567815,-0.6287662526165586,-0.461426850552562,-0.43492554855622956,-0.01132198411984686,-0.8084492302767907,-0.413627053266976,-0.4449987582515075,-0.4668102711079156,-0.6873752680631974,-0.42994375181424654,-0.35006280895140157,0.038850750336155634,-0.9898334429608099,-0.7940318376520558,-0.8293397814405208,-0.7720701567364971,0.7682439018095902
2018-07-15,-1.5461313524162636,-1.6969420352118354,-0.6978421118710479,0.04834611045705233,-1.514720749214131,-1.615839118073271,-0.785538685115801,-0.16911017100881132,-1.4603451654089106,-1.571736683952366,-0.444053035786897,0.004715036342868994,-1.4025608131389244,-1.5071739707108724,-0.2770525587441218,-0.27350857071352225,0.08292299788492896,-0.2717045713606503,-0.29631442720658907,-0.7995692753751806
2018-07-22,-0.9060130474002958,-0.664605965118879,1.7010309401283952,1.2283771166867397,-0.8932298097659043,-0.5490572443158256,1.5465446603022444,1.5741883165636545,-0.8961320931319219,-0.5498570443193938,1.883036811477388,1.4574149147174909,-0.8668755798594467,-0.4814871222355681,1.3329125357142466,1.572388739271548,-0.9210340417471571,-0.98770950325976,-0.9613112674791873,-0.30738013800007113
2018-07-29,-0.34413781101762,-0.42205337780156654,-0.8373027411715985,-0.7648587513687056,-0.3291614461503752,-0.41093710141957845,-0.9916382705592274,-0.6271666599855255,-0.27370001732403887,-0.34360970866688106,-0.7671497634340089,-0.6755916923984129,-0.25756365656750957,-0.5010852642786694,-0.9468480100735626,-0.46696190547756317,-1.277151024214667,0.2883298826482919,0.8801143644624863,0.051045967736604185
2018-08-05,-1.1766587637439796,-0.6011590252129843,1.6934150203108187,-1.6506002194313938,-1.2674969704409342,-0.5798939724330335,1.9924303541681931,-1.6289891911655916,-1.1288182215150102,-0.35201325659643623,1.8812692344718616,-1.6740867057681237,-1.2189426287713303,-0.41519445168676555,1.7741716437491637,-1.6782594027699889,-1.2839127249016808,-0.7510265043436107,-0.1373114679050314,0.9311170813140546
2018-08-12,-1.9475409309025806,-2.1246753785085004,-1.0333163838119548,0.035349248021302224,-1.9399466188127086,-2.1163706508523243,-1.0731491890448621,0.1525293904136133,-1.9596798446914752,-2.095283873667051,-0.5806677026045978,0.2531400069211837,-1.9229675928039178,-2.1164890682654582,-1.1013423301968412,0.1029437949750609,-0.7019602818102204,-0.9920089096683881,-0.8649070605420562,-0.23631061178594098
2018-08-19,-0.6788347656823637,-0.8168123856977,-0.5964263506982871,0.7530617480693889,-0.6194333267044401,-0.6975238018709138,-0.7637997195096419,0.5792679275644789,-0.6312549745824106,-0.6285714285714349,-0.35212140760200483,0.7369702763498726,-0.5674513843353121,-0.5426230962515458,-0.5050219687553363,0.565831522442176,2.717136190861279,3.102645989660736,3.093548633869479,-1.7215326401151994
2018-08-26,-0.8272740452655745,-0.6339534317448622,0.3589175547396455,-1.0447781237549645,-0.8496718384991229,-0.6927372739058143,0.47154861152884037,-1.049119745314856,-0.8382849010719801,-0.6457200757425914,0.6862348281752574,-1.2287068984435046,-0.9233628383583486,-0.6920721734397427,0.682561577401141,-1.0848956803902525,-1.0020795211740456,-0.6830381318609919,-0.4479238661346224,0.23838366871590846
2018-09-02,-2.0688772071567123,-2.061271096741119,-0.9423194902517683,0.20148944165749155,-2.129577492354759,-2.069588370011373,-0.6348253900610754,0.003722414931356771,-2.113729802476877,-2.1257576449307676,-0.8300874795743031,-1.8849745218007102e-15,-2.1949337181045583,-2.006769893577586,-0.4238267832993746,-0.20789888398053433,-0.3151162878149834,-0.5089790111699736,-0.42806554375819506,-0.1475938946056342
2018-09-09,-1.7060439818305289,-1.7485129776415844,-1.0381356583517307,0.43598982702272177,-1.6722590058504376,-1.7910257996226484,-1.2728400421150774,0.2493850110333054,-1.6486256932122598,-1.7275669112639764,-0.9422664895990386,0.3771362439243829,-1.668886988074943,-1.7034709733135196,-0.9164702229621385,0.1512999628526714,-0.35517520502458966,-0.40689336104789336,-0.43057299157715156,-0.3339611489612636
2018-09-16,-1.076483422589254,-1.0060992884443547,-0.5235423816017201,0.7612599277924968,-1.1001689232291005,-1.1051822795604453,-0.42652948163270504,0.5088219425731078,-1.060929860991846,-1.114964639238795,-0.7231797046520584,0.3323616341396802,-1.1122366278432718,-1.1845897127125158,-0.6015650238314485,0.3700913451106545,0.596956292951135,-0.021840478998617227,-0.30181901932130323,-0.2792914977514297
2018-09-23,-0.9171200182605103,-0.8775665720772168,-0.29523741224033345,-0.7609578106459687,-0.9277006495693817,-0.8330299066033361,0.2328461611977232,-0.7254967192824101,-0.9814954872798657,-0.9644879234627257,0.0372748599262142,-0.8488233496836449,-1.0481253736523541,-1.0004395235665562,0.19873289666172453,-0.7674072002036191,-0.6930691253923568,-0.5667221746189476,-0.5077856047945692,0.27716476046155347
2018-09-30,-1.344691817285766,-1.3485476658215372,-0.7126543490682455,-0.044723692841372426,-1.392851363170154,-1.3537385532630533,-0.4334815662349063,-0.0045390291926493435,-1.3936057927955707,-1.380644231247392,-0.6375872920011473,-0.08471737420873446,-1.4113492655707798,-1.4563180895501233,-0.8735013745131466,0.1859651662700617,-0.3770257724623627,-0.4325041124507595,-0.34936526563958087,0.26705572073403716
2018-10-07,-1.2002032846229227,-0.9318330884859922,0.8574179494508403,0.8892100283068223,-1.229692177443408,-1.0209168517204008,0.3059244082935178,0.658189012580188,-1.401480565422847,-1.1787444707835886,-0.05894142287562259,0.6164084987153244,-1.3653318745812388,-1.265479387072878,-0.26474033980365125,0.5958994112758292,1.977664023083084,1.0345142736972681,0.4675249825689659,1.762856077420763
2018-10-14,-0.651140092586835,-0.7211715355793199,-0.7828495730643242,0.3074637765270756,-0.6527514549828045,-0.512853202816658,0.03412193901365131,0.32980013153841975,-0.6891544870919509,-0.5564672658176606,-0.4075294795581684,0.2699715580661929,-0.7080357397647975,-0.5548200777120955,-0.2685168964925414,0.11998748828286457,0.6808599465253085,0.39270047965153987,0.23270997509198404,-1.8181121898717871
2018-10-21,-1.306779842883263,-1.2355289793817115,-0.2015426668475983,-0.4381855151390685,-1.1849721153563189,-1.1997277796227461,-0.6247104251769975,-0.3988939041849315,-1.3209550797901863,-1.2517272306446567,-0.23467159516957445,-0.5938245612507198,-1.1978541418445623,-1.1178174117960817,-0.019113507349477022,-0.5861606875179107,0.8647906941913311,0.06623466472194975,-0.07415818784281202,0.1831713316260498
2018-10-28,-0.7615441636172222,-0.3502018932489031,1.2610272457768967,1.6166866541150693,-0.7129956155264704,-0.17236728850322525,1.488962046817321,1.9189910529227843,-0.6418914094464477,-0.17324924816054432,1.2063771790423548,1.7546284597456718,-0.550298758589578,-0.10399683079793332,1.2767822022022208,1.857081164821428,2.027381094965549,2.0172982395853154,1.9447131186769493,2.9391457656097613
2018-11-04,1.2886411926290207,1.3332319145374156,1.5896911404648661,0.75888800924889,1.20345600825439,1.29173660982582,1.5278630837265352,0.8086156672802333,1.2112867409751793,1.1701700355316365,1.115364953675721,0.6832495100351538,1.2072699436924312,1.172360952574578,1.0230273820075002,0.7187671955069703,0.8955877587777287,0.6101360658275006,0.3367075481680141,-1.2567597777973625
2018-11-11,1.5193489484779796,1.5980169836016191,0.6004693000326476,1.1283879818721152,1.58919934191637,1.4861275311324438,-0.21042433713259875,0.8757039669524157,1.4824363370723832,1.476693978244706,0.11348807895167683,0.9854650678482308,1.5536144378550847,1.3254393617521023,-0.4235192433575175,0.8278251655783652,1.6957949631701206,1.2938270935765686,1.1747189156290951,-1.4156309670882847
2018-11-18,1.6472319531791426,1.370013792088917,-1.1485617636633603,0.05705640937228415,1.7224484522504933,1.6526671890123263,-0.12571936970693393,0.7877486902374496,1.6552205278453087,1.464082664821617,-0.836095076383439,0.591922332642507,1.7294777242819954,1.7958863921365673,0.12669099667727426,1.0660818442013067,0.00048720998170827614,-0.0979323029813799,0.3345980843385046,0.04535305712260538
2018-11-25,1.8902703326513781,1.83095859413624,-0.20572604182398765,-1.362855852821278,1.9001082902118163,1.746064299562955,-0.4367491826857044,-1.16929082888542,1.890888896739458,1.8660537123577075,-0.2849195242377789,-1.0750059666702736,1.894644878233931,1.7869398081875592,-0.48386269230750084,-0.8542741332344369,0.17822928755104742,-0.16652244878142633,-0.515292629309596,0.21983146098492534
2018-12-02,1.2164805207783376,1.1358494573375553,-0.7170036253689168,-1.1464223210646938,1.120087063038971,1.0336063543276646,-0.5697566212335692,-1.1662974213986692,0.9187284885447283,0.7804731217835468,-1.0450611227206064,-0.6851704561014702,1.0029136359000133,0.8416339501859207,-1.0193558122809854,-0.5316431214756288,1.3019406812791074,0.471885667597401,-0.2011734777598612,0.4170474468240122
2018-12-09,0.7433503361786431,0.9529985468121598,1.0334988587357778,-0.9658340653906634,0.7280296221914897,0.9871574296670804,0.7877027980369006,-0.9670121422751886,0.6654603651745952,0.9732745346681572,1.221314825086909,-0.8172705589528114,0.5755098704840795,0.8592596159712813,1.1219676345982863,-0.8918791287697253,0.6119585957623103,0.25090805491605495,-0.11025628860230177,0.7520806946563904
2018-12-16,-0.20673265261132248,-0.28617736632604457,-0.7130781541824437,-0.6171085831031354,-0.14641735275885367,-0.04982273499960922,0.08728008802232061,-0.5110840205252086,-0.41050904984176334,-0.4108706177749663,1.1100222006660305,-1.3242778641491368,-0.4385591804065927,-0.43290187403997393,0.7784143315556254,-1.1956939143623762,0.8373590766607514,0.15060512125646142,0.06696985444677606,-0.5794226162042583
2018-12-23,-0.7010330703541425,-0.619443121298632,0.7870497752796265,1.1852616398268996,-0.5011734740906671,-0.6480623968521514,-0.7738772962702255,0.6568985102906865,-0.662136514461814,-0.6024154805584467,1.0058744912256528,1.3758973714468767,-0.3130286082552412,-0.39386013907112866,-0.677978701106297,0.6898627574041202,0.6994535952699642,-0.2926561194339848,-1.0577688956469369,-0.2908846819847796
2018-12-30,-0.4014901011675687,-0.4981354813867246,-0.6781168315635043,0.6084399605958063,-0.26562342749844564,-0.4434923386964409,-0.8530930825026114,0.5954249789976942,-0.216796571992842,-0.3883066771257866,-0.9606454318143257,0.5095165171791364,-0.08712453731325354,-0.2727375380001084,-0.9631831946326282,0.5146097460854078,-0.86707888559302,-0.515025542088432,-0.35418189531697275,0.1745712484943538
2019-01-06,-1.3001557498828342,-1.0952109007408923,0.4081014096425123,-1.4576867574267005,-1.3218761722175472,-1.3479913045854701,-0.10994908115910232,-1.309343724250253,-1.245975436496785,-1.4197012773436164,-0.9901426409406829,-0.8659053508358264,-1.2592204505507925,-1.3907975311708405,-0.5114283064583595,-0.7990222829417027,-0.5492168932605015,-0.5400055269406617,-0.38893359583669124,0.1419316609415025
2019-01-13,-1.77463105304977,-1.93280156173285,-1.2294688887697816,0.011973000197801493,-1.8823304153352305,-2.024257118413609,-1.1919947450214898,0.030103549291042732,-1.7521932788148806,-1.8536994907624296,-1.2181149269517146,0.1766587754397258,-1.8352411817698076,-1.9429429092338906,-0.8273034059099419,0.22384189642809318,0.21830842617517116,-0.2220332242599885,-0.5456714645336508,-0.6875062971181415
2019-01-20,-1.7504881922498163,-1.8436004486862752,-0.8109427144993147,0.5331734975115845,-1.7869220014535518,-1.8553220422816186,-0.7768300864925564,0.5441753184315077,-1.7101140383254358,-1.7072840202499335,-0.3990376484841776,0.5201429389341699,-1.7752667815220275,-1.7788933526881627,-0.1776758992558269,0.5403080620669476,0.20811645355482403,-0.2758690645967734,-0.45573097725795736,-0.17275180124095538
2019-01-27,-1.2954476615239272,-1.360448649522068,-0.9653418611995112,-0.3648955184421298,-1.307493863295907,-1.3230385711867116,-0.942188394382761,-0.33492485534045574,-1.2388394865536592,-1.2710644370271809,-0.831082278766122,-0.47146228419602815,-1.2570375814106618,-1.3504069983223461,-1.4557519000128039,-0.281922674125512,-0.9096234416636263,-0.4399613915689122,-0.12398381502678094,0.7653867543361237
2019-02-03,-1.329592258442209,-1.2189358010858236,1.2901920671060296,-1.4833800858786192,-1.362731001538229,-1.2147315064858972,1.7760742975893549,-1.614217926968044,-1.3016517643902907,-1.1108856155586393,1.1773276267025405,-1.5328357856392176,-1.3354737332975664,-1.1591957188262285,1.5423801411266476,-1.7518461762657414,-0.12366762792720078,0.0489602987678251,0.33118098228286647,0.9390303066333118
2019-02-10,-1.4165187349851425,-1.5563273127281376,-1.6257477664247995,0.3801216573023598,-1.4439369124265333,-1.4601358533263251,-1.0196560883490795,0.7034894825029787,-1.4020970354417839,-1.4979760648686096,-1.0490331358658171,0.35758141256918274,-1.4471662887061592,-1.3834414532886574,0.019318687687481254,0.8543480329651653,-0.2010416076833309,-0.9640648781003668,-1.2717407844675264,-0.060652070023247406
2019-02-17,-0.6629085646828031,-0.7905525761416742,-1.1110895294258625,0.19532626627645966,-0.6808736061491258,-0.8356211968607327,-1.903157474679905,0.08842492283755565,-0.6306516125544412,-0.7711363927283434,-1.2182722112759885,-0.17681353528772564,-0.6911996620069242,-0.8524779319146607,-1.3721830707581921,-0.24988512967540766,-0.7898730176296173,-1.055539118501247,-0.8505784926568608,-0.9540403438986358
2019-02-24,-0.873739532279391,-1.0038266900466222,-1.2082950452135364,-0.1853379852424195,-0.9461535306750377,-1.052498624989944,-1.1158503947321483,-0.27988531821613477,-0.9576504036007325,-1.023754573684595,-0.6071159226949566,-0.5414209693116158,-0.9888944086654337,-1.0157355197808513,-0.42506921570186024,-0.5015973848065864,-1.68145611145835,-2.0718309707335987,-0.749433028152683,-0.02217523183926077
2019-03-03,-0.9412662526700833,-0.9222536089591756,-0.6735655183015076,0.7123928807755319,-0.9565347928549295,-0.8966955348207137,-0.18685647171855066,0.7988648398885336,-0.9414387418859194,-0.8809476324877175,-0.1784866244222147,0.7106682026779048,-0.930200161076623,-0.8590946192416994,0.18345621654444783,0.8498770870131892,-1.390547134356526,-1.4547057202587559,-0.5296028073476451,0.08575339352635139
2019-03-10,0.3183965945385013,1.206270031191827,2.7866667100721556,2.404238700530176,0.3275596438472622,1.0622140612865167,2.911481863387603,2.4933646885041703,0.43015766212394574,1.305154746815442,2.6588270977846853,2.2322980923705305,0.39172840683344445,1.148052677915257,2.7902777527550846,2.3666036863256332,1.257147360782422,3.1559445486302815,3.13149095080508,0.8095822187375475
2019-03-17,2.0195896976153374,1.66922423645194,-0.5741472480565536,-0.08184693475896596,1.8706453573799418,1.7377912722193698,-0.3066617664056356,-0.12673900721920894,1.9823079176502332,1.8093314284545428,-0.1432910303949143,-0.4722898256371223,1.7755631110695698,1.7571119104883768,0.023407873157719056,-0.4373544155320793,-0.8677187164439727,-0.8034386205624737,-0.726190907376103,-0.6258536223308997
2019-03-24,1.596409379739393,1.3142616367572564,-0.40352602025551493,0.07192034922651598,1.5575813760038082,1.3408917842373405,-0.5448918590330181,0.057197706080595254,1.5938448426501057,1.4339125901535232,-0.3831382671493862,0.18465445026609342,1.5725824266196773,1.4318386686299311,-0.23855501831933718,0.17014439381207452,1.0342953142722295,1.5035340241615787,1.643611299458258,1.3142276766744765
2019-03-31,2.002757638023107,1.8843006268256703,0.29411293556036316,0.8086108764892693,1.9808214134611717,1.8362979796808288,0.3403531383189284,0.848473982754441,2.037335274934595,1.8529831101571497,0.08363860282652866,0.7597438185512679,2.0406009138303554,1.8884953811045584,0.07116144047763266,0.7724184346470248,-1.9980245143447808,-0.9509115720135624,-0.635457030936768,-0.33436754447206174
2019-04-07,1.62505962608764,1.5327389060542262,-0.19844499189204812,-0.8788075929208119,1.5752889988066123,1.59889752388759,0.07819375586668924,-0.9857801505286494,1.6143496689936296,1.5665477423388736,-0.31598628557240743,-0.896955747074654,1.5813157366120871,1.548735380362042,-0.5625314738938587,-0.8298459253451431,-0.621027019289302,-0.19107865221312934,-0.16455480653808852,1.4612616901716733
2019-04-14,1.205978246475551,1.0317913740195994,-0.7110502043318713,-0.4867429259875091,1.1841930175373427,0.990870623029121,-0.9181926363400379,-0.27680918272898053,1.2305462152626536,0.9962586720782486,-1.0741504151247994,-0.15937909753057783,1.1739904325293176,0.9654893655268859,-1.2999544591828855,-0.17187208947478133,-0.984016081447526,-0.473486422079336,-0.043839847282491524,-2.296802059393996
2019-04-21,0.4125437109718776,0.5211652853723141,0.7228013281425412,-0.8509382282697618,0.3947778115708907,0.4791432085063553,0.29941964323989295,-0.7588694738086987,0.3856218614555028,0.475937645137521,0.5846756423591838,-0.6178233410308944,0.3843528112417077,0.4880214262164242,0.2426920361955536,-0.723110377591887,-0.3171883893055358,0.00868853451529202,0.04114197054386466,-1.1211118862197758
2019-04-28,-0.38513008547343774,-0.2878785715390435,0.1494875856357853,-0.3064259423043985,-0.3087023443915751,-0.36410493047905274,-0.36777541605275393,-0.3402848120515922,-0.3506456597616636,-0.37165555811971823,-0.3148734652924859,-0.21013157141449373,-0.3530199430743549,-0.45433407616868804,-0.7165336292448636,-0.21338377514468151,-1.1513507311593723,-0.5531752547982637,-0.32115001372851515,-1.1750709783352222
2019-05-05,-0.6109426672213443,-0.5035297539599202,1.0149936766837173,-1.6244084604708673,-0.6008954345958775,-0.5595596680089153,0.983913242385235,-1.6246536677669197,-0.6289499402610134,-0.640506811637763,0.7319041892681303,-1.3509312418513013,-0.6099211299340527,-0.6474470765013659,0.6419549107554785,-1.2874365836223924,-0.7149333867087196,-0.7070883166478484,-0.6927595305428091,-0.35894158348037325
2019-05-12,-0.9914862955357775,-0.9952578723957245,-0.18002491588667832,0.4346309197729416,-0.9237234806900845,-0.8219985674933893,0.02722506185918752,0.7264747557812414,-0.9201263081929534,-0.9117743379869067,-0.1630772764286859,0.5774699493904575,-0.9400878590011472,-0.9427634229856637,-0.25160950535763893,0.5551008464733609,-0.35754289561745983,-0.5513629857462875,-0.7776215096961805,0.7705141743402372
2019-05-19,-0.706594380399154,-0.6618189571652188,0.24890978022040441,0.2868332019615216,-0.7030808360977683,-0.7197397822805854,-0.2712135999224765,0.23143167021347089,-0.7000187800411392,-0.7435906772066835,-0.18044852559284913,0.2542670206931461,-0.6812330004133267,-0.76287750496114,-0.6279332988084095,0.24490720364828247,-1.335258601303755,-0.688739775207547,-0.4437077929579327,0.7483293629158368
2019-05-26,-0.7865041863789366,-0.8119475199071337,0.2452225424396804,-0.9582916893978652,-0.7977211369526594,-0.8738400091047671,0.29360417762080443,-0.7109732356023134,-0.9746710873967247,-1.001336215183764,0.43676954699182574,-0.7674240988193299,-0.9502900027807931,-1.0588956082923564,0.4785778860353714,-0.27558686227631407,2.950910782898371,2.487255750305809,2.4335621563330747,-0.28139661257049725
2019-06-02,-0.7911464170689444,-1.0550866104396925,-0.28953566667403197,0.02888625917512449,-0.8432351210248111,-1.0835432157937095,-0.46527586551187666,-0.036885497795454913,-0.7558091870203474,-0.9801628659476904,-0.4538970746435128,0.06977335404106978,-0.7322950492505715,-0.8920172213551439,-0.32626746087431574,-0.10974849540760974,-0.5076548401324644,-0.6529089381855427,-0.7135807771928018,-0.23501719874750757
2019-06-09,-0.5864996823112083,-0.7563802275077278,-1.077215185378549,-0.38038749320097104,-0.6560685813158416,-0.7490511083941608,-0.7147520348123908,-0.5749429540119373,-0.5308663903027812,-0.6221058383695848,-0.8065872790445708,-0.5971859031846013,-0.603005369677204,-0.6254325687213614,-0.32282397458482703,-0.9282509141342132,-0.6000418940150465,-0.6420719390577742,-0.6145081654255621,-0.07485339570056065
2019-06-16,-0.15966930535206772,-0.289772962556111,-0.6675511885569015,0.25339113598078883,-0.17431339395143974,-0.32095455046541554,-0.9819489760682582,0.028861253938307005,-0.16820468178849807,-0.28231472086324894,-0.9586624871868868,0.2724359129387547,-0.16778909488339133,-0.3275801703780363,-1.3775276053494476,0.16620384528633061,-0.5529329713539429,-0.5397182943573451,-0.5196327295710359,-0.20435248217807556
2019-06-23,-0.0948161634968444,-0.25813518428618115,-1.0971430746034778,0.054810199818626976,-0.15089625168726503,-0.3236285554876402,-1.486384483881461,-0.087668729944863,-0.16415875758568585,-0.30421861697682206,-0.669979435514011,-0.7102086863583187,-0.20336970186376038,-0.34290557584832276,-0.5674639495717154,-0.6957889703839526,-0.11666769408244458,0.5433979320143346,0.7867510634510289,2.4840971295481618
2019-06-30,-0.2869606085619622,-0.5960136179588442,-1.5648813151192624,0.36324290627302,-0.3325993472368911,-0.546999266328375,-1.190821070241101,0.01916881644573964,-0.2468187909365643,-0.43326388251845616,-1.4300387604778804,0.0130572256155402,-0.25535976188966275,-0.3772349360668211,-0.9034606184202252,-0.0860763006966234,2.4724052205127927,2.934404081503763,2.937465781838633,0.10958272001283954
2019-07-07,-1.043152800460917,-0.8891358413190241,0.837762100007847,-1.3784621316132095,-1.1939168255445172,-0.8869405089495543,1.4434211329092843,-1.6112455376084494,-1.2315111185630356,-1.0604739898507147,1.0081758869864665,-1.384506139878347,-1.240020180403286,-1.0543246961603034,1.2800731491271287,-1.6670955015294608,2.9812706039126375,1.993945831459085,0.9104898048876426,-2.821781908840835
2019-07-14,-2.304081404634069,-2.3393079765275115,-0.1990627003534243,-0.6571850807242793,-2.368452708675334,-2.455432528123514,0.10246863794490518,-0.738922201768693,-2.2677222972967153,-2.354552008898128,-0.3654478327180025,-0.500849687435621,-2.285405954816251,-2.31802208477089,0.1160216321730381,-0.9566276774734953,0.49577082766444497,1.3647705469010627,1.6095694989081821,-2.706369714288735
2019-07-21,-1.8187295288563654,-1.6028555320589972,1.4280351648880067,1.8620445545374487,-1.8600031933875123,-1.660609390574156,1.5925196291833619,1.805926282256012,-1.958115263837778,-1.6401861091404872,1.5920270712419318,2.0395995026288856,-1.9788580748318922,-1.7442564872060553,1.6257377634645558,1.8567983476807948,1.0865462390508285,1.2572474918139496,1.3099007887355318,1.3301595950290643
2019-07-28,-1.6025757313899613,-1.9589108098173789,-1.1910350991153593,-0.09307491901388909,-1.5782479673982734,-1.948635524405613,-1.1378133130860526,-0.017199297926247893,-1.6282926082065365,-1.859888785635223,-0.9506659194357236,-0.35161995805942986,-1.6114847535486745,-1.8048087271695121,-0.5964127835507345,-0.45311769160052956,0.06316766360300524,-0.25631107493083416,-0.5422205444137591,0.08896670460471406
2019-08-04,-1.407132554316782,-1.488584215955261,-0.49934113962051613,-0.4612431431668786,-1.3526434119653021,-1.5699131569890068,-0.9424633581047015,-0.24392924001772126,-1.288211938970196,-1.578307670029447,-1.0380919134138897,0.1637674300279304,-1.274985746830361,-1.4984893761170275,-1.050284984913979,0.06434233862763526,-0.3424455816589778,-0.44487268040628763,-0.4575346162385394,-0.2955430849782236
2019-08-11,-1.2256342878827295,-1.063494800845662,0.6704612494202115,0.8632089624131295,-1.0903876034063695,-0.9669649475514851,0.7707878052803092,0.18844179461742083,-1.058033872665072,-0.961044485400914,0.8037838226695467,0.5876366728740633,-1.054256266963927,-0.9628455274072408,1.0957061730649418,0.12316425679561016,-0.22294083849224958,-0.44974360408847636,-0.39818510816767205,-0.3674487276133478
2019-08-18,-0.8135113864162188,-1.0087942920249404,-1.0147447050120153,0.17127221435586415,-0.8713213833169551,-1.0494034071358382,-0.9039959219166985,0.22152535827385625,-0.7784773612976689,-0.9712235345192708,-0.924162666945331,0.10874932696177984,-0.7871132021394117,-0.9758321281338889,-0.8798826901281152,0.36257172580372704,-0.7751764393434627,-0.8889453093381667,-0.8395824393110995,0.17517994968520315
2019-08-25,-0.3386159818531002,-0.2830990183657633,0.3297140304445173,1.4169192521562153,-0.361571031712423,-0.3236855702496111,0.37915246323226814,1.5313671251573626,-0.34739978491875745,-0.37495490290670525,0.05304453563166526,1.3157318221732746,-0.3177427282198107,-0.2955487207040039,0.6041769278363573,1.7343943585881827,-0.639812216414959,-0.686544318873869,-0.6381271805656419,0.34743304102792066
2019-09-01,-0.27958468283912885,-0.21214800127878616,0.9797108973270634,-0.9136790431959773,-0.2390996155120894,-0.22440155815558008,0.706062836126088,-0.8414716478655055,-0.18053923733171234,-0.2954888913191436,0.45363659453069566,-0.9878629115574072,-0.1613255456557373,-0.024892537874286077,1.0142985293493558,-1.0354099987932297,-0.5532918363725534,-0.5179793599612806,-0.37437897145425075,0.4668192873072887
2019-09-08,-0.14633053174892496,0.13544619250955842,1.39831852287132,1.7100963512584977,-0.026742095884327015,0.15418103258261023,1.1085234652780538,1.7059390666986751,-0.0064851306708800655,0.22978531000590577,1.5444231337012648,1.8045666541334788,0.066416045428608,0.30721575932733813,1.3980632308244056,1.6924571978965288,-0.38012776230437534,-0.4620675560279724,-0.3274858160963147,0.24448702486266893
2019-09-15,1.0451414106139878,1.244092882407313,1.1864094760462114,1.4537975351593502,1.1663524419461184,1.3323631987927633,0.6885694563369634,1.3423047424100782,1.1415730424918082,1.342948432951012,1.1779409985335927,1.4987813726264478,1.176455003531556,1.3863955310258689,0.3465815110697992,1.2566259706500262,-0.7347359755869748,-0.9285459385080017,-0.9051953655709126,0.275678569962814
2019-09-22,1.6571180069801759,1.5006814908597406,-0.962946436865274,-0.4548305291956091,1.6765874996564933,1.5261886411072096,-0.6218507859580875,-0.20825584620696572,1.6802312046259749,1.4598010631852587,-0.818119616166698,-0.18612370169476797,1.603473862859162,1.4569923142447645,-0.632156310707743,-0.09650229825788381,-0.8073559553536054,-0.9229203310846056,-0.8544319498239343,0.4378425544634813
2019-09-29,1.6495051720993361,1.7814301655422913,0.8171558754256663,0.2598704188091283,1.6583896475073239,1.8033763683134432,0.8578675783427725,0.4943317169009999,1.5966678715255578,1.8724502185135816,1.2101590210237914,0.37894493935022316,1.6070156524697718,1.7938423667786176,0.9303452221279946,0.5477693302099752,-0.649669149632885,-0.8111331303914401,-0.8571680169418738,0.27767494639592316
2019-10-06,2.175453197162387,2.314484617931272,1.324272938314205,1.1322194143213324,2.133803005787314,2.313114528797027,1.8190097674271666,1.3427275022754392,2.1636401422668783,2.3056999805380274,1.6871423547888804,1.368812901355111,2.11780715418216,2.2339574834217046,1.54421201496284,1.3624135743094297,-0.5773395896964976,-0.4746272388859246,-0.41183217289875174,0.18110645021459781
2019-10-13,2.362934325867669,2.2553489629148937,0.33136588351847956,0.9527699174583896,2.374207717949316,2.139641562994065,-0.4290478469654988,0.4474603540571507,2.337331362440311,2.1385256641603214,-0.38892223413129057,0.3436135760348241,2.383840904440427,2.228748414968151,-0.24068223690107268,0.43705283475408035,-0.12007411644689601,0.31776829244495475,0.5897093782902674,-1.893348799111922
2019-10-20,1.690931943111007,1.6324314668779178,0.6426638783473538,-1.772575979929323,1.675416788691291,1.6435968420705973,0.8280802341291661,-1.8797070181272115,1.6774619397404702,1.6999167763332617,0.8140903729060378,-1.8902469965232538,1.6997841079001283,1.6549575949574074,0.7302967433402214,-1.8338882818772213,-0.9509394568316263,-1.0684658664738698,-0.8265017894338668,1.0399997396691096
2019-10-27,0.7860638678958033,0.7369427081992986,0.655959732110974,1.026492325239603,0.8300391658996888,0.7572842198399866,0.40748003387500675,0.7592851103445535,0.7839020713377781,0.7200154670871327,0.7512407293767854,1.0359999187159068,0.8381799468097899,0.7606760717346284,0.5473370919033294,0.7672660454768069,0.8582091806633179,1.1596834381911245,0.9096649305311756,-1.505631188898618
2019-11-03,0.5839379033331367,0.35634226952259546,-1.6556473281609665,-0.5016601215431384,0.5614671794092047,0.3958470146249529,-1.2779456036852839,-0.5366849385599998,0.5897007211072122,0.4250129129148718,-1.0309459646388677,-0.4084366702849278,0.6175359251752259,0.4954441264196956,-1.4105173932657165,-0.663940002206985,-0.7171700441023219,-0.973942506609009,-1.0848811163673522,0.23727952123238838
2019-11-10,0.7742825628740938,0.9078392876843088,0.8266205849122195,0.3131287804087849,1.0014106998190504,1.161442241298091,1.3017595560743764,0.6498258696187614,0.7569413204494019,0.9267697966886597,0.8686372445543226,0.5404551294512934,0.9164944149993813,1.2222004615679418,1.6986344637512616,0.86011507814786,2.782762650446489,2.5788172323080674,2.5757786013582273,1.9796730593817062
2019-11-17,1.2706398142199038,1.0680976333183774,-1.1096550742530618,0.055333839263621294,1.1937484472377469,1.1214888851320808,-0.4690812976172645,0.5217263994922767,1.2329958644479262,1.045343175507564,-1.2179642642779873,0.06283941911793776,1.206315412990548,1.128986075499003,-0.6603470661276074,0.48881283210956,-0.09621139806090073,0.22489337555319636,0.20877508014936155,1.398596331550702
2019-11-24,0.9144043339620901,1.0021572548488753,0.2178018065414205,-1.6026304193094711,0.8912443359391207,0.9804125931103986,0.7983741160310597,-1.8193952936972022,0.8789158445470378,1.038713507637235,1.2848189160715526,-1.95810176465108,0.9447278098640076,1.076059821191651,1.4359950543701376,-2.0199300850602158,-0.1315729108251736,-0.3596329147159321,-0.07527772013913886,0.22605847667477064
2019-12-01,-1.2237036309236842,-0.3311558152631262,2.6054302663436424,-2.401960331850315,-1.2997439335142666,-0.3337119062359586,2.5957110607741134,-2.368650876279842,-1.3860593003733028,-0.29255710398013973,2.6412415625002406,-2.3677503952316057,-1.4335220117399585,-0.24897536469257966,2.7879210695758183,-2.464889252608636,0.44511587977342365,0.16568691136894295,-0.07013316306563495,0.5029224388455935
2019-12-08,-2.125116057142735,-2.373450448110092,-1.1949241829739743,0.06726248450177948,-2.1544453167210396,-2.3876961364426608,-1.183518562761746,0.03389982929366054,-2.122270123541742,-2.423796753245324,-1.187789771364526,0.04922513970590611,-2.121071693446222,-2.411901264812916,-1.0878729390658874,0.14604988397361165,1.1918589457267632,0.5505300895774161,0.20836516774081743,-0.6656075436355496
2019-12-15,-1.8348505665705783,-1.8674602415050838,-0.3922152651271042,-0.580402629397001,-1.7557101879503663,-1.8336815149385504,-0.46770546995927986,-0.55581563546413,-1.8153817319383103,-1.9449158778528925,-0.8399940933171645,-0.32205160918154646,-1.7434398995051932,-1.8872560577271746,-0.8357510623336658,-0.3477439265474504,2.189589498831266,1.8940974231995757,1.3224280866385467,-0.3042863430359285
2019-12-22,-1.6366710227395278,-1.754074621629159,-0.9459637395073865,0.3471961230253618,-1.6554519645518213,-1.8140845027881718,-1.240181760919863,0.24897536469257775,-1.608545321217788,-1.7553184845341376,-0.9503208570583588,0.1704957140579465,-1.6272711931326556,-1.7948549758942411,-1.1646301640161523,0.18532253597000908,-0.007541107474916038,-0.4207167875856583,-0.28850724877441475,1.1401187426477892
2019-12-29,-1.3928123835578332,-1.5201201239697548,-1.1002268984159327,0.19132984672114586,-1.3864724267282773,-1.4992525606286118,-1.0092504668456872,0.35398503265431724,-1.3408765618613274,-1.446687104325789,-0.8956720450344956,0.35937025489052377,-1.3391246186351806,-1.4310774463309783,-0.81403823899608,0.42810402087171384,0.7647571981993967,0.31607424454166827,-0.15455705239298528,-1.1097280719191265
