Date,PDFS_Open_average,PDFS_Open_max,PDFS_Open_volatility,PDFS_Open_change,PDFS_High_average,PDFS_High_max,PDFS_High_volatility,PDFS_High_change,PDFS_Low_average,PDFS_Low_max,PDFS_Low_volatility,PDFS_Low_change,PDFS_Close_average,PDFS_Close_max,PDFS_Close_volatility,PDFS_Close_change,PDFS_Volume_average,PDFS_Volume_max,PDFS_Volume_volatility,PDFS_Volume_change
2016-03-27,1.581242690318307,1.5118269618971978,-0.4634581310627888,0.05778401845409399,1.4916685686951965,1.2836203879269106,-0.77041547236516,-0.5858996104924308,1.517290198057019,1.392273159950249,-1.0275870582663764,-0.4961513258260536,1.494496333383968,1.4405729973626782,-0.548454770314065,-0.9676771696179698,0.13937158038922132,-0.1376320672770221,-0.12986712131855746,-1.1955511429610686
2016-04-03,1.0000394999725757,0.795938835863379,-0.9609287925294231,-0.5924547818347117,0.926878884154024,0.7171116221911187,-1.0022205208943347,-0.6925974133842088,0.9245410690788483,0.8444840485183857,-0.03123992035045236,0.31497390087774274,0.9185531329532213,0.7975146934427947,-0.9488516679738118,-0.7187185575305312,-1.1658914407128325,-0.8775211093761112,-0.5160968937956512,-0.967682290044885
2016-04-10,0.9042320036885083,0.825335114369536,-0.3560626832780577,-0.009381193953441037,0.9173257020778702,0.8540767019445021,-0.25118606160909446,-0.19940591318739292,0.9230398812320773,0.9179387060322585,0.028861421135806874,0.24722315164863637,0.9572461585192198,0.9109582676802707,-0.2163177659501483,0.49089511396504903,-1.3422249649783462,-1.2046525214849189,-1.10788999692716,0.03946010616645036
2016-04-17,1.1594339794750124,1.1668297874122022,-0.33471505979282545,0.10501812077868213,1.0938662633313274,0.9986116181722335,-0.48453080125666365,-0.05519911185343686,1.1963768551993557,1.1707812760938696,-0.4143746185942456,0.27149427867711434,1.176603215043612,1.1791548135009984,-0.5489019565936881,0.2449834968321433,-1.26669778483349,-1.4929556202301466,-1.8512864472775903,0.09409177011690728
2016-04-24,0.9710166499525827,1.130473801518736,1.1369843791483936,-1.207770931152287,1.0409873764471276,0.9051467955268985,-0.6711010110789848,-0.974863921056442,0.9384096117655342,1.118441874786165,1.7572826373542687,-1.5306146152402276,0.9604043023609211,1.0146733282138745,-0.1859798162780212,-1.149868650372515,0.20909108256892672,1.5511993205374344,2.255465128011971,0.20373474181974036
2016-05-01,0.4439492813124086,0.4728435420070195,-0.2835521308413166,-1.31235791181959,0.3390638367683889,0.23756438793387535,-0.43687090049788063,-1.0802120185645638,0.44703141632238236,0.36383126100892577,-0.5170899080021506,-1.1218858436923203,0.3746443387141996,0.25380417877810046,-0.9101835746160698,-0.6339990975837565,-1.387397885271617,-1.2627473035761463,-0.8476140563285434,-0.38971607617573367
2016-05-08,0.27084421828423066,0.1487714758319227,-0.5221954133453401,-0.8123795366905167,0.2412831227637954,0.10857647931119618,-0.4558525977917089,-0.5272417230367422,0.28617460427183367,0.12832189829670093,-0.8330133544607856,-0.5549217437243902,0.2357771813158791,0.12313630698041657,-0.5897650103487873,-0.20383532648175778,-1.314094316405225,-1.3536253380207062,-1.318285286714762,0.45169261369707325
2016-05-15,-0.07858930640789796,-0.02303419950270278,0.4517587075592837,-0.25386295926145097,-0.02038310779705431,-0.09051428989503568,-0.017829599132414366,-0.5609643451734201,-0.13623156641004852,0.1763366166639425,0.5137106801629133,0.9024144143970629,-0.10294227645179052,0.048224866339598355,0.8817778417616605,1.0155496542743334,-0.23398238942964528,1.0750641430119074,1.68690412816475,-2.2822412274826624
2016-05-22,0.9739460141582483,0.9417817532678612,0.11999214343281778,0.8071965467345853,1.1921395919848157,1.157916919709874,0.5309739968058423,0.8813511229727934,1.308366004229847,1.2777920931908027,0.2287270087653776,0.790952465650248,1.3295825562150552,1.4974799717318779,0.9615431387614358,1.0632544769985175,0.16265701701925248,-0.04992494334066675,-0.24661481822552186,-0.32260153815479026
2016-05-29,2.247146397333601,2.1474540870817,0.023747699963626294,0.07139203593535365,2.2230465879455017,1.936395117228271,-0.288452648908891,0.06579019423143732,2.299377494454648,2.024796110729419,-0.5484898493131047,0.14216048778238355,2.2629920484199944,2.093484170904521,-0.2596329278705058,-0.21249178227316648,-0.00624262051096917,-0.41594699387881456,-0.7284326591670218,0.19354856618183963
2016-06-05,1.4414950591220697,1.5724730372822966,0.17538645759101623,-1.4140364133574588,1.2760657858658437,1.3683116843759187,0.14422632445444877,-1.361068804984176,1.4038322052323442,1.3555777570209033,-0.5884616799186901,-0.9436669579871958,1.1945111793010819,0.9617594670156123,-0.8563002856611421,-0.7310021397601898,1.5145846651257835,1.6459814476734702,2.0026879616849405,0.37865312737004353
2016-06-12,0.9193270193600716,0.6304160746317753,-0.7529160105910833,0.3512794851519491,0.7247638358994295,0.6136628560398443,-1.388109457410785,0.21154627212993296,0.8189855118080218,0.7016430317586058,-0.4308871498127159,-0.003006317461779929,0.8620314924161467,0.633143623880099,-1.317228710888467,0.04788752385165338,0.2308936506493764,-0.41920525039228873,-0.7645019968928989,0.6642863422283014
2016-06-19,0.8268135717344701,0.6602721678871053,0.05864304763678043,-1.1809730318106306,0.6434919673159263,1.0413699690839486,2.4340077205263015,-1.7088786476991216,0.7324162763674812,0.7870933164063841,0.8910803248740194,-1.6995815437996582,0.6195284736154554,0.9889329215175776,2.3719888319222115,-1.8441025715386354,0.6490170464911647,0.2690214973766217,0.01891737426204619,1.2105497538661536
2016-06-26,0.648287744639822,1.4902593449358648,2.031681988466701,1.0697848537039905,0.5033389772806618,1.3079726955989792,2.370890771083735,1.12400155683206,0.3201473149853955,0.4414456961163967,-0.0515255763858946,0.8805855412360153,0.22497705599191117,0.333832808662704,0.5496290114333545,1.0626671903754294,0.6737346095868758,0.20435896542023282,-0.06797654835242574,1.3859245843335346
2016-07-03,0.49346526238760857,0.20313342150313718,-0.5970960119917803,0.28510336783620444,0.39309062439667913,0.5285042458189227,0.14923702335217595,1.0025489625333817,0.45819906213752243,0.6913692832826722,0.13214197861344865,0.9446679243660018,0.4197362463714171,0.4833393248332977,-0.12438071778453737,0.6188481885675217,-0.6843771220710743,-0.20854607852455173,0.12314038556333785,0.9223071755410799
2016-07-10,1.3584778499724153,0.9183082183410042,-0.9811885163883194,0.6550689971162095,1.2515564313937992,1.3174316092757206,0.16241221528671826,1.1365999358121246,1.3393369810396527,1.4612478093186136,-0.27678513967324037,0.4047556356436717,1.363124495750141,1.3837140817720122,0.025336812882031382,0.700275581800089,0.3113427928267358,0.46897036597145214,0.7579678441627157,1.4424239297744308
2016-07-17,1.9795261569793432,1.8022008230984583,-0.37330627252316323,1.1364118141446045,2.0508170867111613,1.7965941012206603,0.3589231373257019,1.202164482137243,1.7950438212161577,2.125733393967478,2.1382575300036453,1.0778168646478905,2.0451989149883443,1.9211396840338377,0.21527547073990994,0.7881351739158606,2.738179608026522,3.0691862238542136,3.015046104109077,1.0495738567058577
2016-07-24,1.916481844979067,1.9597966755968976,1.5337809242410503,0.8203672550870468,2.110718895549147,2.0470158576478705,0.04429373766524225,0.9026732495897729,1.838875403801636,2.0067739465982792,2.5161514960118727,0.535009350847464,2.0594733678655004,2.1576555493821616,0.6516998803591965,0.7997838983029282,2.1178657003398063,1.1820013287278321,0.7420003247923329,2.3874379712643394
2016-07-31,2.06242118603652,1.8990119609520832,-0.8948210741542663,0.05059389185161364,1.9827539305880144,1.8399830560182133,-0.7701712385161811,-0.16199850152078898,2.1294568962934863,2.0340943261821263,-0.08348917647485521,0.3754486606096178,1.98599744925149,1.8662302114851341,-0.659287816555145,0.15723459647707527,0.8300252728218852,0.4018307213601056,0.2256919549170239,-1.8188264490112127
2016-08-07,1.7572829074936394,1.6518720037079981,-0.8710323748413688,-1.0666745311177084,1.6267989993561338,1.5620950370688833,-1.126445016001605,-1.0328448787462572,1.6162207695249025,1.6141576399670754,0.732587689367683,-0.7070235334410022,1.6099707931050726,1.5033369055907237,-1.145028045630637,-0.9860179464684123,-0.6291063714089807,-0.5705110511748867,-0.5180247546858275,-0.44794815173763103
2016-08-14,1.507918415136156,1.5050388909747623,-0.45721514422519,0.5836035343110157,1.4775049842641967,1.586698438392249,0.17396588741720878,0.43257850141541365,1.5518069403719772,1.468105773601078,0.8397178666888876,1.7092561380757736,1.448961484555485,1.448464008881246,0.04839454883692204,0.222688165670837,-0.2462945691642612,-0.33611467715996896,-0.30462869901002654,0.4149410323280614
2016-08-21,1.344573560098199,1.3096668979782398,-0.08447038508802288,-0.21092679344841864,1.3949587525077802,1.2840435222262836,-1.3862483621669868,-0.30052286575560033,1.5422498651685355,1.3467554736166507,-0.62982701424559,-0.44645473902373667,1.3777813421791503,1.2655916463581591,-0.9827430457559957,-0.4382535725866099,-0.6999004487461742,0.12252746877979433,0.3343798768483983,-1.7897989285448543
2016-08-28,1.1189493302580162,1.1305914126465324,-0.18700900781748878,-1.285011973394112,0.9660116360200157,1.0400663888755837,0.008477313265520835,-1.4334162656109195,1.1098788016010854,1.1684549752552436,0.04194257964847256,-1.6280444180394658,0.9236962072756576,1.0491848467404403,0.37754331411882325,-1.5029111381613292,0.053127011768742204,0.08280310707308731,-0.011946121406068665,0.15186671488273895
2016-09-04,0.40550249039077735,0.42092041543995967,-0.014743160692613807,-1.533220515731019,0.3943693622055736,0.3092830933067497,-0.5254114910793418,-1.16747706465144,0.5298215834795805,0.3766571869452874,-0.9566200053767684,-0.8358333237169923,0.406317768105345,0.3607611212481809,-0.27887154617207055,-0.5554911329868656,-0.5431502419356855,-0.593678010476221,-0.592416457343951,-0.3624267758161587
2016-09-11,0.31553490902446807,0.34201380519617963,-0.34943570686350445,0.9468027482124846,0.41286548405640683,0.5772362362107292,0.7111079622877415,1.2510940530162735,0.4645116806890459,0.4865788879292549,-0.24563667848833162,0.5457087532018525,0.36879941537684563,0.4038680881609621,0.12576531509432418,0.7781811212896643,-0.634656702704896,-0.7795840999199766,-0.7716938987880081,-0.2959912762471384
2016-09-18,1.0269416804187603,1.1985822949330849,0.5965014480954501,1.2269837246765416,1.0281567613438178,1.1262162379589566,0.3825241649416957,0.5807608836920419,1.1323414012048538,1.1114500478574008,-0.3592221526044577,0.10646042958033476,0.9877600804004096,1.0937509464308153,1.1909321192519304,-0.1492445592083565,-0.7046342577178221,-0.7364224341509904,-0.6850244205143404,-0.2540686125150617
2016-09-25,1.238273432635593,1.3184276160676676,0.8669180606891885,1.355263762343691,1.3034545605055057,1.4758814269192078,1.5021062740985418,1.2045604924225535,1.3473390218493153,1.194056336794438,-0.7373606223917955,0.28287799998868296,1.349230207345165,1.3993096019010252,1.7223280372281993,1.3258023390580513,-0.63510706073361,-0.5974930417515365,-0.4646912496640505,0.6671911293114609
2016-10-02,1.8238313322180975,1.5903862895302745,-1.2493980242876581,-0.20696909741596328,1.7614976048411044,1.6762426834473552,-1.1323374163202802,-0.040524675870111104,1.7291447588835722,1.612196697865386,-1.2167049974420854,-0.7560966792521336,1.7677964867639762,1.5919339742672525,-1.4544496518955974,-0.08868662376744613,0.49123086211081185,1.3921646963939798,1.6277691246360522,-2.4711989699017427
2016-10-09,1.4930120735043726,1.4667171658630125,-0.6168376804006307,-0.7604223939911796,1.4446841615501733,1.4585910133007065,0.0461512113942704,-0.7850765003435344,1.3706386545219131,1.3951402156156751,-0.8105764697312773,-0.2967911560773531,1.2745947674680995,1.2138928732050296,-1.0491809498229725,-0.48468019243687843,-0.721435344735678,-0.3218492727709807,-0.2077291491221246,0.16502636068247437
2016-10-16,1.685390686189176,2.1153337325476236,1.7104575954845096,1.6521878330385635,1.8585412047630645,2.133764686419949,2.0134874800632496,1.6366223262348722,1.8085008852266387,2.240717587772965,0.7864662733864421,1.5081629457570092,1.9521128387923925,2.2319523728024144,2.1148698570675064,1.793918459217464,-0.06044242662721301,0.3134676755976768,0.5321777938830858,0.6870660910019507
2016-10-23,2.1202243368647538,2.1846829960922207,0.9341454278596454,0.8708042522473548,2.1869200529193944,2.2241159173796765,0.650521142183052,0.5976726478076013,2.134964273874316,2.019428965540841,-1.1394580610868685,0.10661768768483194,2.137928042448137,2.1552192116033533,0.14715130245044586,0.14627511887559505,2.5113476759597977,1.6377414707272462,1.4763862281683182,1.3816786264221665
2016-10-30,1.5228339607610648,1.5140742009557704,0.16882622682744675,-1.272933356340655,1.419457589478346,1.4102337969060017,0.24844269363476223,-0.977577184331731,1.4502491386563856,1.4915756384114935,-0.371445410938787,-0.8542171625073393,1.3731135655400437,1.3363614627550233,-0.2894454332891121,-0.38419051089564216,0.37614531653587097,-0.1865600168979981,-0.3705682543225139,-0.04040692027518416
2016-11-06,1.7401145895177081,1.7451711039170474,1.17258902506063,1.1925275205952857,1.84080920163188,1.734575489379989,-0.18278878688310646,0.5164584710170321,1.5639492175809844,1.8919060927453986,2.5820559592877785,0.9119288182337953,1.8312698303027177,1.79933856895641,-0.02619211931246527,0.28217607716732573,1.2053809891807579,-0.023699931437630908,-0.5433942994018293,-0.4608077799827499
2016-11-13,2.005289254442575,2.247899975369387,2.7271386151021515,2.0711865853041282,2.0682849654563915,2.3371473405323284,2.7824103255440655,2.2652852755266073,2.077581759276092,2.296927937621093,1.7477770283735095,2.054537058023743,2.134365844458605,2.4364144876359393,2.8613859027391824,2.5034013227415217,1.872493445349173,1.8503154332377982,1.616351068787608,0.6377310423382077
2016-11-20,2.427352287466921,2.2620345364684824,0.6040300175104663,-1.0794777823647352,2.3488665710424583,2.1728194951421527,-0.2537272586269264,-0.8351032053532776,2.429928050974527,2.2230874956908795,-0.165278907220761,0.5940905401562757,2.2977409110023226,2.11084660505156,-0.22862291526290185,0.24109665886564696,0.12797889100828322,-0.4218630388590996,-0.5888121616079588,-0.07316608198931293
2016-11-27,1.6679995397135006,1.679251594690428,1.9524809451471097,-1.9538824835203574,1.6292712517407582,1.6563695551294002,1.7211422119016506,-1.960330996698562,1.6478982208080488,1.7228194710537565,1.429579843992583,-2.253167311216678,1.5181627199568026,1.6251546083697106,1.410138929444662,-2.2635359272525237,0.6071580094290487,0.3055416243730766,0.17218303924071385,-1.1185591090708815
2016-12-04,1.236315378307249,1.0852561148646407,-0.5130158412537497,0.3337747407863444,1.2537945867169231,1.154300026876694,-0.3380243499159051,0.1869014924263258,1.331373580454114,1.200970163876736,-0.17018083851990587,0.45564270624469494,1.3076684470117905,1.1487404864435247,-0.27124629552982243,0.2706809512121717,-0.6874105016299037,-0.8363296768772667,-0.8434400721718065,0.26088359892419727
2016-12-11,1.3766290504160228,1.2519323410288934,-0.4363848802528923,0.04784517744061553,1.4303753410544546,1.379448176850486,-0.11534637690290703,0.39730132248780725,1.4516757969648182,1.248697199071514,-0.8645821137344004,-0.06731423256988836,1.4479452447300827,1.3888657417083625,0.25679854331816004,0.2852570857963355,0.16761958185447048,-0.10748920626284589,-0.3657098723934661,0.3475898066785991
2016-12-18,1.2995810127627632,1.2621677830985358,0.6644469240068962,-1.511246565984186,1.2276183489149182,1.1757042523918169,0.16667449437858017,-1.456825270138065,1.2950915070353113,1.2306948123409742,-0.042175775927984674,-1.4638635753693228,1.1781675682655457,1.1300193929047517,-0.006396863896808823,-1.3379059083065454,-0.9025041044785351,-0.7685610449801933,-0.7277567633182328,0.618035414461752
2016-12-25,0.8462606074200382,0.6617854900035941,-1.0061803951059423,-0.44250184645282786,0.7696410731577564,0.7210847090823989,-0.37631449805011236,-0.9784198434229513,0.871129177949945,0.7920809822953894,-0.5238700913098286,-0.9608880325133855,0.7840716074823167,0.6977385552748967,-0.4712569122467421,-0.9438033632531395,-1.2528138296714362,-1.190996672486297,-1.0496012563917159,0.13211706933870962
2017-01-01,0.5656081081073658,0.45021903435709715,-0.4461704851730853,-0.7819670896286763,0.5614151189885971,0.42187380467418517,-0.9827559550760062,-0.351789023631773,0.5553999977905791,0.45349081239616035,-0.711849032196231,-0.4755598231237927,0.5361800168334528,0.4104628830481445,-0.5427776657402787,0.0067363517678738025,-0.8238577509713271,-0.9954082774795461,-1.025730508647082,0.05898344844809616
2017-01-08,0.6053972479489386,0.4134280163201576,-1.293415653117351,-0.08913910463482604,0.5825207441002098,0.4265286227262439,-1.0684289497812285,-0.43939597836711325,0.6862921562134289,0.4750782624192661,-0.9609023466343373,-0.23810144183852558,0.6306739404528592,0.4251096789719301,-1.021818320143732,-0.5213521803021911,-1.1999609671654727,-0.9636700548207546,-0.740757811901627,-0.35521843479268483
2017-01-15,0.28288823521752393,0.1639391017427178,-0.7361668101580086,-0.48114995433274493,0.2655733935303604,0.035042292794107976,-1.0347463638660757,-0.33916172373460146,0.36727910636448524,0.12367370913011307,-1.043405185883375,-0.05855267021931398,0.22622925346070638,0.07426414825353185,-0.8647465255890128,-0.20878542424353083,-0.9675405223328303,-0.7521256020124526,-0.6159964245465303,0.1776366702550201
2017-01-22,0.39905955359478107,0.2345402647881171,-0.3471082096752957,0.6310976073646384,0.38808565067823897,0.19151020353280346,-0.8039729047408058,-0.12296578081778574,0.4946322681705441,0.40905455660902446,-0.44778467048983084,-0.04210903270499681,0.462439591825021,0.2783110527485668,-0.6020159580086192,-0.48150296743562987,-1.4092154994481405,-0.9791260899321034,-0.7306703956860315,-0.025403159273922216
2017-01-29,0.21199048056540995,0.015522917782113626,-0.7710024310596268,0.4108082560587519,0.19522969801081905,-0.03853343986052875,-0.41727939264444186,0.5502261351600504,0.3266285625207708,0.21748038983454257,-0.5044315662530181,0.1184721986712843,0.22605254262507835,-0.09934449401740762,-0.6749781680651757,0.304935172381049,-0.725903874532723,-0.4749902734224484,-0.4104927185242082,0.1802558406335013
2017-02-05,-0.04127103391565171,-0.40258371081181954,-0.6903292421621156,-0.25549518985820746,-0.268619832631775,-0.7334959382965656,-0.7584796276986674,-0.11321995030494478,-0.08051455298985936,-0.691862883712601,-0.8685025451923287,-0.2770136241013082,-0.3501206560073621,-1.11632693395241,-1.105610110341557,-0.27519568106245296,-0.6962412536569639,-0.34894362096042986,-0.06131673981105019,1.4264422967245858
2017-02-12,-1.4970497027053749,-1.3874732109471188,-0.6452519248769486,-0.25280192302526944,-1.45172080627584,-1.4655229149716624,-0.6408203775784013,-0.3345860388460953,-2.0751525498978234,-1.9626135258506312,0.2917340262825388,1.142424452584491,-1.456805997880871,-1.3008660564892969,-0.43151857450761333,-0.13063929378931066,2.7349840927155613,2.6990783970884995,2.4806223811767762,-2.376267708742467
2017-02-19,-2.000803266788289,-1.7625009102461597,-0.34722763745393503,-0.17442159230690996,-2.0582336471835943,-1.6908100013985667,-0.3056263507013887,-0.48979956918795814,-1.7780053305543986,-1.5939091315252345,0.20272338050842034,-0.5498434203712701,-1.9322141218057414,-1.7508764135252783,-0.4828870492979396,-0.45559961704561036,0.04068238152216282,0.12042436319014273,0.3233328747537448,1.2012065994683774
2017-02-26,-1.8916833470260528,-1.7986201181476305,-0.8899734166468344,0.22767999899269575,-1.8088681732528904,-1.7054702897878553,-0.45875195647865985,0.7973460028604384,-1.748706080816837,-1.8385493419863586,-1.2640959249540897,0.2262694064633818,-1.7234242604739236,-1.5861985387799113,-0.14105751577878053,0.9774611551758448,0.911335036385986,1.6496130489205925,2.123782314359052,-2.1143008660612086
2017-03-05,-1.6470428276775553,-1.4118993422200865,0.15195534294708796,-0.21877204182595833,-1.69798906524026,-1.5769467205891863,-0.4442686171085223,0.10485398796647215,-1.5046454144346,-1.305862394381514,-0.05266278720327508,-0.5312830093493843,-1.7394948536100676,-1.5692046040330427,-0.07837375692468337,-0.1772440900149028,-0.24265094443392263,-0.4906541144703423,-0.6965534992206078,-0.004788544912683612
2017-03-12,-1.2366274714110879,-0.9113626566324211,0.20660230994533144,1.6807881542469216,-1.0588174592673,-0.6526493894955995,1.215096502487694,1.7887393287995745,-0.9245887490435,-0.552765409789682,0.4977965954729816,1.5910699278830418,-0.9949739676533289,-0.5731418847996844,1.3177112093838983,1.8200477275788551,-0.02616176729513958,-0.05760647510756461,-0.26670046148980536,0.11752220763118956
2017-03-19,-0.6127368545038874,-0.4245707526001336,1.9195773286727644,-0.22815526674428988,-0.2850846371848266,-0.24679931718779244,0.9889855645923744,0.3947911777828588,-0.808562292757546,-0.3183876658181632,1.5521465789901434,0.16498076542832624,-0.46877344363061424,0.08666127433520443,2.4731283097250762,1.998497944728188,-0.04979827056682203,-0.4513284075937455,-0.702214884299762,0.3499890376452371
2017-03-26,0.29853747222723803,0.0950732819195783,-0.9475388479748118,0.13374650656652687,0.3694927062110736,0.13565655125073114,-1.5518003871086408,0.1842250783067302,0.445328585743294,0.274888081983349,-0.8910900511202653,0.48481113619527244,0.31709131340604263,0.12812810754343165,-0.5186104731495748,0.09745595128123574,-0.16536659681115698,0.20120480405703436,0.31636963227270753,0.4187510029734444
2017-04-02,0.38689765294594625,0.25702891555640367,-0.9091723302960459,-0.04887359637416957,0.5415795522522542,0.3749292652805716,-1.0450525496168477,0.8250113262771419,0.6100792148419506,0.4029213250197252,-0.9727056882115203,-0.3298167074174178,0.5441450050715956,0.4518500182163876,-0.8171639413104538,-0.3910190696807839,-0.47955887981668627,-0.5981739436174439,-0.7087613045663547,0.6247128840120563
2017-04-09,0.17156203641447487,-0.09996058613607614,-1.2354881344335984,-0.36968953894335455,-0.13092866463124203,-0.03178681861140384,0.5515288879234821,-1.3640921999536786,-0.12068658015005261,-0.11883673767866569,1.289032779206407,-2.0044559892626186,-0.14081828756628909,0.007429788661599634,0.5805681091144506,-1.4473106246512706,-0.13214230079404904,-0.42755965173424676,-0.558024840526146,0.29529516889096996
2017-04-16,0.34794398248381525,1.0659471214019645,2.5243967523662083,2.306859559702033,0.619046121231165,1.676817068487659,2.9830053318049514,2.482614442767322,0.6522548494612088,1.3409480999186485,2.157853820982103,2.1152382188246888,0.9390992780249531,1.9436385709069932,2.746192710371646,2.2304282124205077,-0.254273201126554,-0.5382800772834219,-0.7823557232651008,0.4395087217903795
2017-04-23,0.1685385229798454,2.1136293466457894,3.2531799971371678,-3.0953670180423547,-0.10191018694310609,1.8712661160638393,3.1797832575292664,-3.0277126762650357,-1.4867900986452707,2.0575406669663745,3.256886566207879,-3.150960326717236,-1.6384020697779438,1.7909227531675425,3.2045716881966766,-3.088848024064015,2.5252596475465503,2.980170108062364,3.098058780678594,1.9625853091004157
2017-04-30,-3.2136824111166735,-3.116974780228319,-0.17251719565633333,-0.20672372022790045,-3.2195057110561653,-3.093644115728941,-0.06885683843009081,-0.3446999177382947,-3.1937884118037143,-3.123834927628827,-0.21363068419401648,-0.025486947556785083,-3.195146213549086,-3.124747467897718,-0.37641273622996485,-0.0099835659190914,1.0910782315470844,0.09371450395011055,-0.1851711840560975,-0.7417922197749575
2017-05-07,-2.0718856417303324,-1.9964373050361013,0.1255419854464543,0.7263903504680925,-1.9776310971869027,-1.9094237082090688,0.0957744461687322,0.4719693127243266,-2.0181772790927233,-2.045492467312854,-0.3489853614958952,0.5133351949993508,-1.975847812668483,-1.8702107377800965,-0.19324851168581725,0.2790161355040702,0.3378480719255544,0.11389816643298638,0.007320362921105961,-0.4853880949436487
2017-05-14,-1.7700680253779348,-1.7223943259426495,-0.006265960383375289,-0.24958144998841425,-1.8260063306105074,-1.8250264865313635,-0.16737914664397813,-0.28965813046710526,-1.7792326586911196,-1.6930078463081633,-0.17421828691114347,-0.09074961568577412,-1.805121120699872,-1.6926080664123493,-0.08839318903675897,-0.2665603297670806,-0.025239395169612232,-0.2791142398065732,-0.3129029036427049,-0.6385205577190446
2017-05-21,-1.5721533244407935,-1.6806655093440321,-0.6069702375085128,0.057356870986898345,-1.6272950252694223,-1.7362439387443243,-0.5956768228567281,-0.021709002274752715,-1.5710421443774485,-1.6382178923546515,-0.5643076982520732,0.11673646721987686,-1.598702579778224,-1.6792736464886764,-0.5879578916718912,0.0033080052235397533,-0.5805714395194335,-0.4487657429314897,-0.3444288620040736,0.053956832227689835
2017-05-28,-1.4156713999611117,-1.5111054052321276,-0.6556033207870253,0.2519682501159341,-1.3880297781113358,-1.4555333916414313,-0.6088360012529443,0.32717513420792554,-1.3605162697807685,-1.407100255354031,-0.5595823423935903,0.3071172358299428,-1.3851217096942872,-1.450631518766177,-0.5391071490728225,0.2799777152994007,-0.33668873369011443,-0.4273464113250398,-0.4967806923828063,-0.15380353701458085
2017-06-04,-1.0212667778218973,-0.9109533575187191,0.1425457938284092,0.6367946851205224,-0.9580724553759777,-0.9053626121352418,0.007513284234445994,0.4205485762186196,-1.011982930590258,-1.011226645545547,-0.33457124952676814,0.3724552223781802,-0.9607577972067581,-0.880344780488281,-0.12407687572328542,0.2675276808540453,0.10439874206468883,0.5059808427262295,0.6123028759558212,0.7654371860378459
2017-06-11,-0.9505645024517493,-0.9190393880462805,0.042128141998225316,-0.16743645629405518,-0.9582158103106767,-0.9528249824325543,-0.11904246280359512,-0.1712349564270634,-1.0053954647209964,-0.9847989265935099,-0.34369643942369327,0.13357916961009397,-1.0230474655925508,-1.0705205184643667,-0.46752537488777907,0.21487745938307362,0.7635674942698792,0.4822210750245559,0.6015040376020453,-2.1730663291143024
2017-06-18,-0.8959558316303186,-0.9157916798355609,-0.22267386407139436,0.7868618973459696,-0.8364770605302259,-0.8369502551090551,-0.2907723486290571,0.027144794791333346,-0.8360039064440242,-0.8265862610709478,-0.24287328522306717,0.5850904560345096,-0.8273185040827999,-0.8573836378592288,-0.3745303199758928,0.48542945396766785,-0.8816452168949642,-0.5564273479578069,-0.43551223221195584,0.31662180861969297
2017-06-25,-0.6447098064737888,-0.7396084473364543,-0.5795077707770436,0.045157471207290856,-0.6840322380704299,-0.7617647415613278,-0.45327275672105966,0.011607310385224267,-0.6800426182976275,-0.6995223824515453,-0.2286288360367368,-0.13396807497153382,-0.6954094762099656,-0.7002157454864386,-0.23064233101477932,-0.026200426315597627,-0.30892570675615305,-0.33513066581933887,-0.28607892369176663,-0.46400419143349847
2017-07-02,-0.6602592957554761,-0.6626345791685205,-0.43849640611944635,0.581586948747435,-0.658482432726583,-0.7059634933141203,-0.5103938240789739,0.6229707345053009,-0.6462661444480483,-0.6200435449030416,-0.20146449001090375,0.6563333452505343,-0.5942359469477686,-0.6172430360173532,-0.4218581766587336,0.37993648002868197,-0.6910596963381519,-0.5793423594658844,-0.5822685855077148,-0.2334900685057727
2017-07-09,0.4577807491511239,0.5583304013035533,1.220714317404839,1.4639558270401698,0.48372576443537896,0.5125541484754962,1.1159675711637584,1.3860528414680289,0.5153018715476007,0.4572561053876977,0.8141158672469069,1.2298908278256895,0.555406695411097,0.47698190520534767,0.713406834859528,1.1380529978927034,1.2168067543466965,1.6857750310468256,1.6565646499040247,0.10266908507036322
2017-07-16,1.009368147932449,0.7700374029155505,-0.4794784017059381,0.23857378538586,0.9921388865321544,0.684077543837907,-0.603709559077785,0.3092245711680449,1.158604280583368,0.7652634352696758,-0.2258424890163745,0.20580025628014517,1.2043123238360978,0.7706800125016071,-0.4238512309485714,0.29973046391736236,-0.3990305374819874,-0.46215067616575023,-0.49568863174538397,0.4820342568510619
2017-07-23,1.1195612026413753,1.7408979553859376,2.6150804396517686,-2.1480869350056513,1.29043148470726,1.7691670073291719,2.367229190158812,-2.3938555503438432,0.8288899981980511,1.8520423719487522,2.866525766914148,-2.6316560119675394,0.9240006592760754,1.6865141313678624,2.752238030497956,-2.7764960238804286,2.630022473891037,2.474929680996522,2.407913603816386,2.777488472215793
2017-07-30,-1.3581894221287538,-1.2974295832398228,-0.5431079874372768,-0.522293844726816,-1.3781642302123915,-1.2857051817169078,-0.42520165288563916,-0.07102756657636838,-1.50761778905497,-1.3648900178741359,-0.5368544935225209,-0.245738003243672,-1.371451879162159,-1.2975952726725102,-0.4462073011384665,-0.08824147311817059,1.1977341428600987,0.2163575542045271,-0.3081927365762218,-0.7896202233550346
2017-08-06,-1.306298640444519,-1.2520008614667182,-0.667793503975022,-0.11550355271486325,-1.288908038839469,-1.2598803331270474,-0.6891992743855557,-0.13529162170717693,-1.2964496581689215,-1.2588535573283528,-0.689109199061025,-0.0690699035926333,-1.297561489599777,-1.334566561770121,-0.7904229703674946,0.07438390825800609,0.18092506025495292,-0.2994462755102531,-0.516033504036772,0.147080298435929
2017-08-13,-1.3604661995511873,-1.2256266051904323,-0.4443475044164486,-0.3629858386316258,-1.4015367696572316,-1.3391072492439775,-0.5549699942127414,-0.2178341793962852,-1.4142118791744602,-1.2147221956260084,-0.08071721826605814,-0.5362856017529529,-1.43516404584048,-1.2498876235008445,0.011586271855536722,-0.5335881144322291,0.5076367893308593,-0.13992700300814778,-0.4479311862676316,0.2542074374828743
2017-08-20,-1.5586992568617797,-1.3418461777903619,-0.24853897613195478,-0.014949622761022734,-1.5227416840017316,-1.4398791679902412,-0.6056881050722225,0.17220414430535444,-1.546298069178149,-1.467175085882664,-0.5360233407211694,0.20319642863829024,-1.494283478588202,-1.3081249980039842,-0.22866151812304966,0.35118167618715795,0.1284536280139937,-0.20287768183242297,-0.23024401611581544,-0.3027237817239059
2017-08-27,-1.2094172465718986,-1.1384956285572867,-0.5019939692695372,0.4919739067604248,-1.1879908702717705,-1.1261007693808627,-0.44892828387722805,0.6357754107250864,-1.068173143576407,-1.0072914318685793,-0.41183379654807695,0.488400356456477,-1.08126543466835,-1.0462215534624637,-0.37883771218381096,0.5313838377070491,-0.7922161983180439,-0.6417005400258615,-0.5944279791348561,-0.02808948981808259
2017-09-03,-0.8522863823252622,-0.8527283331866903,-0.5467489937094702,-0.2416824785400498,-0.9022929897634496,-0.9138408223427114,-0.5493922213567805,-0.11119007590002299,-0.8081705785231558,-0.8076310053376535,-0.49474363633080254,-0.15724505402056008,-0.8588281554484892,-0.8382242453579238,-0.3560923834289664,-0.1730653306232751,-0.6652449081807092,-0.6600500138519926,-0.5930418793965165,-0.3474614719997438
2017-09-10,-0.7635734755657646,-0.812045211380996,-0.7106816171751211,0.148273235134799,-0.7392635797460958,-0.6854382487034616,-0.41965585175823483,0.5082635677245124,-0.6895649079678593,-0.7513361227777698,-0.7466038776742855,0.042104933570136484,-0.6859209611048408,-0.6278792589806593,-0.4096759834261986,0.45956818831353585,-0.3531308351516444,-0.3635781724968412,-0.21632533860446918,-0.048317678232841416
2017-09-17,-0.7994052316185755,-0.5650766525477965,0.19885868746964205,-1.0224984500714311,-0.8368934252972796,-0.5988168080630443,0.2826487568821959,-0.9074880963461814,-0.8327828506553002,-0.5647543901352942,0.05197710722065483,-0.663059462305142,-0.9424053852505359,-0.7188129921600389,0.07465040126390983,-0.7224717771513278,-0.14056344488700936,-0.23759137676767927,-0.3014980681870325,0.23699254328602837
2017-09-24,-0.7988865227699689,-0.6063088482554133,-0.0439893101369383,0.9071779638648332,-0.6656239590670864,-0.4105186060314239,0.5485879886037969,1.2412943305577513,-0.7152345033296079,-0.5529696518491136,-0.0389289786947363,0.8320540952552037,-0.6224024191693287,-0.3324049862393862,0.6465421998316719,1.2726183997547693,0.44323958998252744,0.13413954087434962,-0.07452151815718666,-0.42544137380174796
2017-10-01,0.11144502312966227,0.10275996624381488,-0.16502190137691208,-0.5685729173345692,0.0022996822960973,0.017656798715076475,-0.22872243951224258,-0.5159162425805698,0.08745298404128633,-0.009942371575991028,-0.49794217039691413,-0.14912278185285932,0.00331734929965124,-0.13635153182885143,-0.6409011407239131,-0.27767273145527,-0.5455672445414099,-0.03704129050037816,0.09906986136058725,-1.5336617850610688
2017-10-08,0.019330376152008943,-0.2005358215885983,-0.6286762907658926,0.32904785064448344,-0.05622308861800353,-0.2679486142071153,-0.8167258578471442,0.2921515932934314,0.09832871660905339,-0.08121579987703889,-0.5963532993071127,0.4476557336691311,-0.0031752873330123214,-0.2442281699222967,-0.7608558170641706,0.2896334926579572,-1.3676065395413168,-1.0024874004144468,-0.6980830844159379,0.07565408658870565
2017-10-15,0.22866431178070723,-0.03142176336542564,-0.5582846688691814,0.19759297123074848,0.09083173445319896,-0.1445525957089838,-0.7011512714831417,0.05654426131981496,0.31385130468564015,0.0649902119924237,-0.4576376154043227,0.13778788595790392,0.20375673637246114,-0.0390602270828332,-0.5711814676625329,-0.08561082791706877,-1.3118016152098693,-1.0229295091121828,-0.7830262829246022,0.04024649585347812
2017-10-22,-0.5594846980005951,-0.03274570925147677,1.912225913248055,-1.714419111297798,-0.255949892040096,0.3950518788646648,1.5284988445115695,-1.2627673002791546,-0.44412903636742634,0.3560344974581525,2.175138980286139,-1.5835754883971467,-0.4595081478997089,0.19470535151173668,1.5851376047230947,-1.2339770913907329,0.2935549503579753,1.8423011042525677,2.4383858171017794,0.6567787793456256
2017-10-29,-0.3001419324157847,0.5565044984295431,1.5978270887111308,1.4662776019563264,0.03445548418812191,0.523099360271198,1.368359474860529,1.284888033489124,-0.30688544983365096,-0.04985382425534716,0.7222700286895914,1.5094501280404464,0.07097680482466742,0.8511636391199682,1.1475193566818973,1.1739118674087767,-0.4766455088029068,-0.35506212029111833,-0.01313735225876403,-0.5175366251850522
2017-11-05,0.7958129749607424,0.3251274615702934,-0.9542162284282641,0.2600809319155414,0.9130058321230848,0.5138016879280152,-0.7385779877330696,0.0010094193509373097,0.9332530609742057,0.7273175549153676,-0.8107763854999168,0.0023274054436910616,0.9692667198818221,0.6791968909706443,-0.745745081533765,-0.14228412518166592,-1.4019682190874845,-1.353462563989238,-1.3252571144103302,0.2181113443160545
2017-11-12,0.4598171387798605,-0.10178216656574528,-1.0306785625879096,0.26937525000824347,0.49395494581408506,-0.12699462688925317,-0.9426396702613733,0.30314767684675775,0.6236230198070436,0.2966952009161127,-0.7847498697601138,0.2415799992469488,0.5520045797913348,0.038625092978287444,-0.7316082503957915,0.14863242691072273,-1.166589437141152,-0.9940593483908473,-0.852001756291374,-0.16623233535965146
2017-11-19,2.305117745485058,2.5718074491740412,1.6751250908388602,1.8163597819667643,2.763243414816987,2.917804565938256,2.1084433115670937,1.9813248430176928,2.351476321928701,2.8227679165597577,1.91392618360078,1.9356429799459425,2.5783041378739395,3.049459115036989,2.154856004867741,2.0441421141314327,3.0982149941239308,3.103145913097899,3.1468683717133263,2.7288242064340293
2017-11-26,2.482139531768026,2.4216175306673597,0.6693482045471193,-1.0671614094318336,2.3587722760479,2.298669903605461,0.9425477424907915,-1.3262516759326033,2.246631779568082,2.3483995129636672,1.5247234868671669,-1.670175974074152,2.2891499850381174,2.272893862543184,1.4827153850522063,-1.7289669563345693,2.969089930341048,3.165042884799348,3.1761746058351115,-1.6635395440586507
2017-12-03,0.44258263148782334,0.29293464700395777,-0.40034739123531654,0.19893639810550318,0.3628200671696279,0.024246773156998042,-0.9992635367833159,-0.043277003192889414,0.5374048179417901,0.30206530862116515,-0.4683505763313624,0.21854139059012456,0.46893740750690766,0.05017928054976826,-0.6671012227451085,0.011080582617466767,-0.09116843689026019,-0.31728289564723067,-0.4139542551880112,0.24326294944322316
2017-12-10,0.7733026138424854,0.7829073578340062,-0.3665821481586147,0.7171851800577936,0.8133854156639542,0.9185352247361935,0.1568215578446485,0.8847537218934018,1.0373252983941712,1.1214410985069698,0.08818574190641013,0.8952122328291413,1.0097390938540283,0.8991980195731464,-0.12834167013056932,0.7098875859779605,0.2830409627907685,-0.0790729072186932,-0.12635391983014158,-1.524232156461347
2017-12-17,0.872075756960825,0.8288993223891917,-0.3234469036313965,-0.818459528540324,0.6915925010414776,0.717644677324013,-0.016177855538197127,-0.9928557587730144,0.8176796456675015,0.7370318953192395,0.17833400665761778,-0.9968691186550903,0.6166095666544471,0.36077846636775585,-0.46134955231329644,-0.7187860107752038,-0.45672507904500215,-0.43045221924889643,-0.4310566784386773,-0.13457320857044833
2017-12-24,-0.367848019717133,-0.5287869017220604,-0.7043303813270115,-0.24702210933337024,-0.48198469622222523,-0.6796988576938262,-0.8596921946740502,-0.08369577378426181,-0.31148365308343456,-0.5242924081716367,-0.8851784854875021,-0.07808739060827781,-0.5183839347801026,-0.7443115635967639,-0.96143409527925,-0.1212313345397041,-0.5548319620471106,-0.45173409646281554,-0.4363150510693468,0.4303474086516866
2017-12-31,0.2821239018083067,0.13481540232036543,-0.004608759852905272,0.8553263010501146,0.30161698123557196,0.10048528999869,-0.6744709465321496,0.19577241650288918,0.39298618848819494,0.14176697846070516,-0.07265145300994638,0.7555250825943981,0.5336340284583175,0.13800457752644932,-0.8656664203249471,0.15247965640796088,-0.5600472051693699,-0.422102635482047,-0.39590783499524046,-0.28554239709807194
2018-01-07,-0.135436093170387,0.12789435894429446,0.18499982616202834,-1.0347252255047572,-0.2591195543795208,-0.06643808417665835,0.2283193978092641,-0.7615322454513879,-0.23455223059532593,0.01933295474276628,-0.04318269354133247,-0.7585650111479296,-0.42353850754810285,-0.284527199642871,-0.3473556380871886,-0.5808623251566001,-0.38662022413754155,-0.37783254875487904,-0.370813127138798,0.6990705279723318
2018-01-14,-0.8080801409656968,-0.9299292794528322,-0.17135586202649403,-0.8122288802664676,-0.9570148192647158,-0.8349120642904453,0.18910913477011065,-0.9882999100792899,-1.0079390249424964,-0.9382333729398518,0.15776857671606168,-0.8836758151008698,-1.1456447918590744,-1.0364811157750933,-0.005956823211109856,-0.8338191407255907,-0.36393938039963875,-0.33059934942519487,-0.32639549580775945,0.9287302280607338
2018-01-21,-1.6953625623326878,-1.8660234518240117,-1.1176437205688636,-0.322787338923532,-1.7104194887353286,-1.7601786039308214,-1.0723226971640394,-0.04090023199464727,-1.9008136403302365,-1.8632531837790334,-0.9011801786399545,-0.37143845342590937,-1.8307255194662475,-1.7595549378657869,-0.622841461891458,-0.43099701628517806,-0.0010156247652931521,-0.23429706278065676,-0.31105223006354815,-0.3301970052253148
2018-01-28,-2.192256742042665,-1.9856462577844936,0.40947596341146936,-0.9892990982731761,-2.14964862977603,-1.9024092655597797,0.24246857539929953,-0.8816478344118753,-2.331516996545832,-2.0083375761051383,0.5962968877587586,-0.9817824911231318,-2.249560061841455,-1.9117548344053712,0.4343471531653391,-0.9262145916030929,-0.27854700971403906,-0.267404411627451,-0.28075584399354186,-0.16915145829701897
2018-02-04,-2.113603836921446,-2.1017057611520777,-0.8253910345231741,0.492665873208865,-2.0338619298454574,-2.0429809447091594,-0.9290114918625205,0.0706713062252131,-2.165695365471625,-2.142838852827764,-0.9920196109907344,0.33167016125472293,-2.0300451752015967,-1.9526123423742445,-0.45938627830909545,0.011571017446313607,-0.3592394183080633,-0.35450629456408617,-0.3705909380705175,-0.19861149610578524
2018-02-11,-1.6769590365330738,-1.630465680747444,-0.5918205888332888,-0.048392801581889494,-1.5293623927479618,-1.3044122496796697,0.3560139060932663,0.42759883132889875,-1.7863681132364095,-1.5877038922712454,1.5721531172375445,-1.0571494821393321,-1.6900838615528895,-1.3824422280773392,1.480691410737996,-0.8358478164933932,0.31047958450705915,0.23966157829651802,0.29461616470611346,2.66329601681071
2018-02-18,-1.9119583131349522,-1.925985094673804,-0.8169614062141544,0.7427844779730389,-1.9047689769409317,-1.9080944040020813,-0.6191857813026698,0.7325452801111957,-1.8764538117962581,-1.8958077512968465,-0.6952861839609988,1.078428456575908,-1.8806877706155658,-1.9574893106524047,-0.5778228372481785,1.1578998958484814,-0.11846737066931277,-0.18218323295593605,-0.18630723279114697,-0.8090729032225279
2018-02-25,-1.6870717422411523,-1.630315583079924,-0.23846791637464992,-0.20472277950651074,-1.6880549553364892,-1.6399456189093342,0.11651156555322738,0.6203102183506459,-1.644532000584655,-1.6948449735014786,-0.9430847507791204,0.4799188529069718,-1.6525935204718318,-1.6377786719728011,-0.04770089715446979,1.1011141634103145,0.9655008459943345,0.136349554859512,-0.5043503913225703,-0.02938640141109927
2018-03-04,-1.0943420905257377,-1.0738907776950193,-0.075496754964066,0.9064151870310734,-1.0656356480860176,-1.1064917488707042,-0.39022444360116987,0.9673097347673979,-1.0108750605685313,-1.0643292667709119,-0.6618792277670691,0.8952904725122629,-1.010735673675844,-1.066946643313478,-0.5063383248805883,1.0153519098642583,-0.6684345193008508,-0.523618865383012,-0.4325475448676306,0.2520779605232052
2018-03-11,-0.8572249639256977,-0.9027040457034538,-0.6513227124262427,0.2220378944701187,-0.8966216876477487,-0.9845119653051614,-1.2272121589550669,0.0014677347878030958,-0.8676261055240447,-0.9557081247586713,-1.1288280440417864,0.29290652710887294,-0.8737433277550082,-0.9489065515186432,-0.4933808804276005,0.6414144455961156,-0.10385567330104604,0.32895306994456225,0.43047853394169733,-0.19436232251729363
2018-03-18,-0.8271447713369123,-0.8704763100336832,-0.6131004396410308,-0.5753171064848018,-0.866821819375796,-0.8969365602234339,0.11585160009059572,-0.7517576307936875,-0.8418582138717067,-0.8322896202258993,0.02155168249750864,-0.3446716872297268,-0.882407006105235,-0.8956293857817553,-0.052559475234554454,-0.2473138225104124,-0.7581202060838192,-0.7792262591840917,-0.5710921340956918,-0.29055780114013113
2018-03-25,-0.9726221929642024,-1.006421799724632,-1.296266319401174,0.01305761268818271,-1.0329265445042004,-1.100292418772102,-0.9976426748138091,-0.15688035818387047,-0.973849238351759,-1.0321766402435186,-1.0448819278243984,0.07768113692410522,-1.0260671899832208,-1.1112828513035096,-0.7974775882193066,-0.053277275666263,-0.9731451363414514,-0.8459971276314667,-0.6836168213820993,-0.19583172473915975
2018-04-01,-1.027161280246923,-1.0834791707755513,-1.46520280872469,0.1218722412314327,-1.0654806152445713,-1.1258526951860044,-1.258076036903236,0.3986132114253716,-0.9667856149097538,-1.0119943280331918,-0.8076972640392701,0.3809774319552859,-1.0338675471484862,-1.1081226542861913,-0.9043853236186137,0.142336136715631,-0.9267796374906164,-0.8762957186158751,-0.7965794669085927,-0.27836021870742406
2018-04-08,-0.778711191362192,-0.8115326304763197,-0.5955252334661371,1.2418836410426193,-0.866950359870055,-0.9404979026849677,-0.9628546102941445,0.4992408736445034,-0.7136943918792851,-0.7680505099433484,-0.7221058427986456,0.5726665140581528,-0.7466331350027716,-0.8555537583991891,-0.9679049334993891,0.6597298293085618,-1.2195901670015705,-0.9749272525195386,-0.7069520336284217,-0.2789142185491254
2018-04-15,-0.7293937997616062,-0.7390615446457526,0.30827682946680257,-0.4947408208867119,-0.7835411371177631,-0.6694745159381974,0.47963981926701316,-1.277025798534619,-0.7169914144543547,-0.5992821515314304,0.23195191234357207,-0.7594911142086557,-0.8061053186023939,-0.7325510299223734,-0.027174139309132768,-0.7744200478262109,-0.931594576625683,-0.804152488393273,-0.6104442169320169,-0.32461409508550526
2018-04-22,-1.193028785464926,-1.2282851016886542,-1.2151451922871421,-0.1128629649964405,-1.2146655605543826,-1.1888095759816797,-0.43149385401806856,0.2828015725549817,-1.2387520622137043,-1.232203621789999,-0.5483377198925065,0.417802455194134,-1.2234874009274166,-1.2304574456147805,-0.7948314734859072,0.36057804617200506,-0.6856825817042929,-0.6515763556576447,-0.5874457712395663,-0.036608989520267185
2018-04-29,-0.4340358546510089,-0.051405403827524065,2.563606891075694,2.358149614588313,-0.1308365777841577,0.07684592993507484,1.3597698928894801,1.8928219140346096,-0.14123492207479021,0.2596675331878265,1.1840946787604323,1.8607112110287127,-0.005524487787456468,0.1272240391128844,0.3371860381645603,1.4791568270066295,-0.8727954728094117,-0.6643389124928675,-0.5092064387929087,-0.35355866597403557
2018-05-06,-0.9184531072986508,0.3536366123430866,3.0248808088503973,-1.701857105336221,-0.5099287224991388,0.16112758724406265,2.22650037273981,-1.3574447551379893,-1.638277619140427,0.4297122687647825,2.690594853467726,-1.3218548569620954,-1.0159895514641861,0.1489172501964891,2.1173414461949855,-0.8777951875697892,0.8796224745122823,0.8652007722256739,0.8485331239466626,0.16914024875100037
2018-05-13,-0.8114682247339761,-0.536791700378312,0.5117572983803168,0.38225820882306905,-0.6706487981142992,0.1315327007275148,1.180085048410572,1.2812026267708139,-0.8759099461735033,-0.4501041667807379,0.5885793100413427,1.4223189738657096,-0.7483323696291841,-0.530530801927618,0.6259114309888024,1.6196143988746972,0.27545948302003676,-0.05185584240536397,-0.2720483689536426,-0.6392171639363952
2018-05-20,0.9995859022254177,0.9673272521173716,-0.0937845191973783,0.7709376463683746,1.1540165245903793,0.8219064431513442,-0.678531809180734,0.3466008396113625,1.1025225445894085,0.8182353492885289,-0.424580875242787,0.5828745775765909,1.2840525041593278,0.9827942511121521,-0.7117941498156473,0.24466965382052336,0.5008467581604121,0.7378468135110859,1.0675949015264365,-2.6606878633914124
2018-05-27,1.784740191286632,1.9689181646764893,0.28549429337542387,1.443969259697219,1.755586928662481,1.8652861033601718,0.5353982450028304,1.3686942375524047,1.7787424305001713,2.047740655324291,0.07842630173695397,1.0886621079036343,1.8736052358095872,1.956010119593156,0.18187259118808513,1.081196415978408,-0.10744027600910909,-0.08738091551090514,-0.11884057603248925,0.8315333161204592
2018-06-03,2.2060743712558213,1.9840035497468167,-0.6894855725471409,0.11845576768008952,2.10744824204209,1.9136593634782044,-0.6935451834905452,-0.5472957077856274,2.123600822715156,1.9211272962486317,-0.7714604381674176,-0.2396678152024447,2.106261284276652,1.9309305566079722,-0.4869688465608714,-0.819881682541697,-0.6477612200566293,-0.5806685152911122,-0.5630414481642725,0.5056423258666013
2018-06-10,1.7935708475036818,1.7667141673073286,0.24220266652350514,-0.6373545808065215,1.8411186891649203,2.030005468546945,1.4262862128428735,-1.0251749779468062,1.6587403086028603,1.9474089523400147,0.5681766593827496,-0.993002628767062,1.6331831055028931,1.7455093878104182,0.5037438406051166,-1.096508851110769,2.470837849677765,2.449376247544306,2.4962302407731705,2.7237059499552045
2018-06-17,0.8080693204394526,0.729420230128963,-0.2577988027211935,-0.7198608934752013,0.7073566817769668,0.6700397679869193,0.21853931903038398,-1.3031938138804597,0.692174418058747,0.5934561564865426,-0.1724807097281687,-0.9175736178070849,0.6322497109603973,0.701804789267906,0.18569066377726687,-1.2178270250483316,1.1961969202355156,2.4526586642275645,2.5389648770267885,0.1701119144338878
2018-06-24,-0.025613331700071656,-0.24462286777135828,-0.6897497036659537,-0.21379360025492894,0.2571216506105637,0.7155640434854764,0.8532341992368212,0.012315684306270927,-0.041963212610291484,-0.24837018185159682,-0.4896903010063913,-0.18035447933934834,0.0075789400421321235,-0.10217592767276383,-0.4300700333985623,0.2087592899502712,-0.2226987077826838,-0.49729997418875094,-0.6906097085338688,-0.14956393956638417
2018-07-01,0.15484977941810416,-0.12343533284709056,-0.928351769076914,0.04576614333486271,0.33215895008603585,0.0968306198896681,-0.774854997302436,0.6493277028641578,0.21363299423937077,-0.1611613873547561,-0.8004751473558611,0.16017183190510687,0.14204978221981737,-0.08169647886912851,-0.7042895966432995,0.5567641889681791,-0.7046269592065104,-0.6608158191934396,-0.5973924004528339,0.08920395922481567
2018-07-08,-0.08691960589203798,-0.1102717213092517,-0.3316754961087404,-1.0474396781402986,-0.021487993270947768,-0.21272197412244365,-0.37116318616330657,-1.0051450090709804,-0.1585781158622899,-0.19123768951343528,0.15798154989396979,-1.2492693310661689,-0.33549970878372126,-0.26875785438026994,0.2105466737577928,-1.2301648338123503,0.22559429742920872,-0.01076676931049909,0.027857743597438065,0.940489448975256
2018-07-15,-0.5825720367748382,-0.8357698021466919,-0.44597864999733267,0.5441391001271675,-0.5630355449940907,-0.8158610094107751,-1.0193616164350918,-0.47347529828964796,-0.4756940854176192,-0.9068703494159088,-0.704169182687116,-0.02461289950056085,-0.600626236874776,-0.9181951202414262,-0.6800271505169713,-0.5776773791702708,2.374562054676062,2.162611400915801,1.9301960136119043,-2.188427464499213
2018-07-22,-1.5107173879201123,-1.4889308766899152,0.327785159858824,-1.5295682351509228,-1.9434207127465069,-1.881572269897606,0.4371033596083383,-1.417603543492741,-1.5619302197042975,-1.511263439316075,0.4470107986036379,-1.4335361124319277,-1.7712337997669227,-1.6688707059085663,0.40480183292860344,-1.269715389935278,-0.11448990671282892,-0.4059484066460955,-0.4430328147310724,-0.055533979702446445
2018-07-29,-1.993399985925662,-2.1507499815264555,0.06245197139514657,-1.0449255781032147,-1.9650419538135566,-2.0016217620100116,1.1939514469617174,-1.300340105107118,-1.8746235092351573,-2.027348731888486,0.6838815007259383,-1.163352225293058,-1.9169733150528065,-1.7317258355028065,1.771909984155971,-1.4434946862718878,1.8878455018244285,0.5270965060272953,-0.45015345827230674,-0.4799683533636545
2018-08-05,-2.0818747699307862,-2.120614827766649,0.06919789587413387,1.2854815425666408,-2.1213159403418143,-2.1998823717597755,-0.40596910686010035,1.1754648771660012,-1.9502644750569758,-2.074952777339232,0.021354955621454886,1.209610106157376,-1.9291206763046689,-2.1121530900169407,-0.16173936483982623,1.1890050496178446,-0.23336810352781667,-0.4401010689468508,-0.5499864181562966,-0.3697211556504065
2018-08-12,-1.6455330197236346,-1.5721768549339237,0.37206209862420736,-0.9205304491290611,-1.7767340949174877,-1.693409695068911,-0.03981828843464111,-0.7858957861281145,-1.7025028632086365,-1.7384961253926927,-0.30221662566986224,-0.3199124589805553,-1.719649361442681,-1.8879235931095184,-0.9275781530805083,-0.036107697359531454,-0.8349871308960582,-0.5531045448296472,-0.39325597999511297,0.10017788401368533
2018-08-19,-1.368060993440179,-1.4808445335616998,-1.2172067768557078,0.7168416746337529,-1.3905293984061635,-1.4527292737331592,-0.8607959994545213,1.0785928682216668,-1.2493288526974546,-1.4153765000504186,-1.0056444799196318,0.8038813337226097,-1.2943231011138705,-1.3425120390121952,-0.553994769387961,1.128566926663843,-0.9148703408622983,-0.8122691652447834,-0.6732736474957074,0.05408839062583425
2018-08-26,-1.637148730059674,-1.265607989186443,2.584682679004953,-2.073841197519438,-1.6857274733961507,-1.4236371995728319,1.610735891441554,-1.4483349510131736,-1.7886665689271684,-1.8964519079526336,-1.0836649551436903,0.36252220417919245,-1.806833806838674,-1.9024410961134508,-0.7808743624339414,0.3619721930258226,1.9696201872210055,2.1124981636776208,1.9809975567357172,-2.793408325964697
2018-09-02,-1.5829644379424312,-1.6820203425734226,0.4201419187168396,0.8277351621990364,-1.5341070776306016,-1.6362217302044069,-0.7996551488324611,1.2232488856973671,-1.5607791896076584,-1.4228587534785737,0.4432140728672053,1.207247500706322,-1.5203600245535336,-1.4969340806020246,0.4204183776356888,0.9490057561982606,0.2232017174325926,-0.10526295950441586,-0.23032112511401337,0.14163656895044552
2018-09-09,-1.1606558788854453,-1.3998315155161578,-1.4574412476314238,0.40753203670872085,-1.1706908302454264,-1.358499146637854,-1.2850850419926458,0.3678720503702972,-1.0708343433557042,-1.2174846102314634,-1.0560027513825492,0.2938955584783281,-1.1357203052054716,-1.2446571294102238,-1.0687564965665297,0.1071959801375274,-0.6724398143435786,-0.6413599440223587,-0.6184070957313728,0.3042482497041392
2018-09-16,-0.9669133882188007,-1.149083130920056,-1.1167952875936547,0.5045790154471362,-0.9364128612403717,-1.0267420822125677,-0.6065098548886095,0.951535842491522,-0.8831391629056765,-0.9763133862567024,-0.8817385841874901,0.2078277033815015,-0.9548882564603782,-1.0709993383936032,-0.9506846288564239,0.28874191388464604,0.09584476108330739,0.5598982843274702,0.8935613394381159,0.6041499265735197
2018-09-23,-0.9236233607677391,-1.0381366801799783,-0.6761479292900093,0.4158983088703957,-0.8027168554841334,-0.9431816913467834,-0.8392160475030643,0.29210180758380616,-0.875833451329711,-0.9603098625561601,-0.7935961696718231,0.25580508519327183,-0.9222982174486489,-0.9842009601522095,-0.6629644786585203,0.19772441187155612,-0.8543329024271474,-0.7712288618152776,-0.6896974806080616,0.3805057236462336
2018-09-30,-0.9169032713355053,-1.0269985641329018,-0.5981924713641372,-0.24191843693131201,-0.9797501178917473,-1.0287829292883452,-0.2620608887752874,-0.4562737756711961,-0.89018173859493,-0.8880518067080144,-0.42952542241317127,-0.288701683359953,-0.9519796474105818,-0.9822134182465737,-0.5641897347081394,-0.20943590034676998,-1.0382284241904483,-0.8993718910464004,-0.7908854778273717,0.2844372686860348
2018-10-07,-1.011699393270768,-1.1511624270179552,-1.0605353453522244,0.2719004675153963,-1.054323609486999,-1.2090695494721646,-0.7737550875521316,-0.14417912703361474,-0.9805287921724372,-1.0282665870025096,-0.15304583939235775,-0.5219652500972501,-1.0593551958041327,-1.0024693771673814,0.0993216967868509,-0.7726632774338362,-0.17388093495892426,-0.10103061032590153,0.04389551887051464,0.6394088419933046
2018-10-14,-1.3014716274414155,-1.3915118554970984,-1.0603934789846003,0.2105984102484878,-1.2781182581437662,-1.2857530911786224,-0.4659677544217134,0.9202918409207135,-1.2821224728555494,-1.2645455405699373,-0.7632193773060342,0.475130973933329,-1.262918473936629,-1.264749453129787,-0.9218434329545288,0.5248496018831253,0.7510548159866699,0.34581884062691787,0.4861214640146054,1.168457444141781
2018-10-21,-1.5666211125456804,-1.4606171067039622,-0.14207304605463025,0.07140758751165192,-1.5491956633821682,-1.4769027511310429,-0.45680716783548747,-0.2122521399905783,-1.5508779678087776,-1.286491246160662,0.5073316356002922,-0.5205222890015029,-1.5225238076594634,-1.3439121292087952,-0.13526146319855328,-0.3062709885533132,-0.1831692768785046,-0.1907511543202669,-0.1077904819555107,-0.2712490924775628
2018-10-28,-1.1374728315759821,-0.9908872261890268,0.3069931008840475,1.1391872662035085,-1.0439403236254512,-1.0761750397277032,-0.16158167876452795,0.9224806620688684,-1.0680573827391746,-0.9108552352492911,1.0438173479447637,1.144242775295406,-0.9758283792680339,-0.9950966578444721,0.11314924817872109,0.685582568634054,-0.4260495978329394,-0.40973523520716726,-0.42234883168786286,0.487868907543605
2018-11-04,-0.49101226736851383,-0.32073949718229755,0.08817078571865387,1.0721419013062354,-0.30133883099184217,-0.0544776256194539,0.8758787865714565,1.0354259144234046,-0.4887713400888988,-0.7329327095338672,-0.9978839644901469,0.48025984267614613,-0.39058123007328355,-0.033988029801729096,0.8408834889304146,0.06170264504574998,0.1373245218037237,0.4795911329745607,0.8116623659656428,1.015146675693402
2018-11-11,-0.09724100559797162,-0.13223260249593435,0.10265941034880956,0.9021718080276321,-0.04740305672944769,-0.39217868243984966,-0.7482506396910221,0.38322330364473767,-0.1135373184301527,-0.2316043360077275,-0.02273094214504793,0.955995287500688,0.07218860180254373,0.10556927625712942,0.15582038822418717,0.4414879491879952,-0.411010039171556,-0.5079114280400705,-0.47345139547087667,-0.3648837613497495
2018-11-18,-0.12738477310551177,-0.4181714033498662,-0.5817717939379513,0.0376990607403107,-0.28224076463769676,-0.7520094895977842,-1.1388833088551245,-0.009838313228057807,-0.014130507710251998,-0.44079228899340933,-1.0948120864429902,0.06969803640296501,-0.2496499690231635,-0.6754319838874155,-1.2616643779924557,0.02672413586224021,-0.3853388001239362,-0.510396112250432,-0.32789677295800934,-0.022946792872870256
2018-11-25,0.3330198090937274,1.8000107842637956,2.3377674433674436,2.3447008882485734,0.41166881915842435,1.2209918833701296,2.385380718274615,1.981219486572033,0.29179245954183625,1.387182461209668,2.0511370467093992,2.2282716865981524,0.8404948477924922,1.6019123661362829,2.2236243790920627,2.6242333158996978,1.191734771970227,0.7697570249606522,0.3118461997521855,-1.1330089176462663
2018-12-02,0.8687240057348226,1.1825093038505503,1.5439623663089668,-2.0526088147780723,0.5042139828223884,0.8000267295801838,1.4636217522551258,-1.869240668199107,0.3921788700491737,0.9869269766332904,1.2309299594419774,-1.73432220253044,0.4668877932433837,1.1668120869887721,1.5914329724044525,-1.814374835571757,-0.7107451429693056,-0.6142216282700991,-0.5264171735881382,-0.6847033686211763
2018-12-09,0.17005143464551084,-0.09050355487654412,-0.532179679952682,0.03378499684849223,0.07594209898163262,-0.21609706693399316,-0.2310806252532979,0.53527081549817,0.2638562579539948,0.10483118352367984,-0.05301660109104001,0.6572996771839845,0.22238266352144093,-0.1642565473805782,-0.6113765298619774,0.386626615194251,-0.9854559714809797,-0.8400875544853413,-0.7411947864427451,0.35954323563280105
2018-12-16,-0.7372322981330832,-0.27655251687194166,1.0534769446570333,-1.5372294587574924,-1.0330096133467142,-0.6960006177206451,1.1122388467276523,-1.4945377761498198,-1.052652522416958,-0.19501981336722202,1.5135516910038473,-1.7280422101887756,-1.1840717700508694,-0.44588042773986614,1.0192493600442065,-1.3446948960768264,0.13181045394976104,0.8725198032916724,1.0908782835018063,-0.7741514801230857
2018-12-23,-0.9430301019378778,-0.9163807317962755,-0.04970192169202665,0.6735283857280858,-0.7572637386373784,-1.0829093854211278,-1.3197386316287025,-0.008698313901036947,-0.9059074426520914,-1.1158731384182627,-0.29973603647056407,0.8410165683023533,-0.4278851214992795,-0.7870327674691383,-1.1188504026360637,0.27104909774681557,-1.0003262291231296,-1.2130238854358313,-1.3415757281079708,-0.04240859132974074
2018-12-30,0.719335035460605,0.953698536437831,1.0076427109229245,1.1687286158239532,1.1661515424350744,1.2246447309592945,0.45793064462996974,0.9781177189251324,1.1083093807984834,1.570834890893122,1.1850951965064769,1.4592861069533218,1.4160970226172018,1.1519385756916913,0.2905132031374001,1.1355115837976884,-1.1163329331882148,-1.172021352817736,-1.0347728681580732,-0.2465104052061158
2019-01-06,2.0134919771053994,1.1008203711467401,-1.3924313095397223,-0.23679900854491814,1.868942989404591,1.1723609525745793,-1.2552869152611994,-0.2781006601891791,2.126115702681141,1.4351788615860854,-1.1383389329465525,-0.11896767238872523,1.7902840856346294,1.210126191688208,-0.6405531113877517,-0.21520031170270393,-1.211749219747415,-0.9894576460181487,-0.869697115640726,-0.20808023749904328
2019-01-13,1.9415239420628114,1.8494123390476949,0.35026175669645143,0.7543290911010184,2.024679748736976,2.005869972164495,0.8607677639449247,1.1134837264415174,2.0174015353909103,2.0812157020459936,0.5046779084564638,0.9690559711853326,2.1026532117809396,1.976673374749577,0.8252089123251756,1.2751391466130588,0.47849879985879706,0.7452446539853251,0.801122302848715,0.5721196660409857
2019-01-20,2.3548821128032262,2.201107340167495,-0.11969706932794628,-0.619345409535068,2.3237461143710845,2.1929630828219158,0.13275963517604883,-0.964208391653382,2.227848630985579,1.9430174494566694,-0.8530614671943512,-0.37043521703002313,2.148275816002878,1.9972248634949255,0.013838819086749474,-0.8819054966693212,-0.8858072515284249,-1.0240010301917937,-0.990621774977843,0.1934625155659321
2019-01-27,2.2694385291194834,2.1397821972930218,0.8873771484890804,0.9642720285436633,2.321672364194625,2.151295038258719,-0.023962159018090564,0.5367289707960757,2.3037107408328374,2.2609387807496857,0.7800749071752914,0.734830046681281,2.2649808651823053,2.064397380904561,-0.4764722415307889,0.10384386807972883,-1.1430324131756693,-0.8798463944426913,-0.7110140397022613,-0.06707507534185876
2019-02-03,1.829604848462683,1.5788812922838094,-1.3074386187263778,-0.3604975381012735,1.7269513737931512,1.5215469801742392,-1.0259181793090932,-0.15856593487429657,1.8104359241927046,1.6691142611491165,-0.9997536690723019,-0.2275117157225288,1.7401286766513513,1.5727149471634136,-0.892233341006029,0.13892187711094914,-1.369218239803315,-1.2295083373766356,-1.0359529557582474,0.17359607898574644
2019-02-10,1.7243230846457627,1.7613785146820593,-0.22101183030893892,0.48348808807740973,1.9266458708337206,2.4172437579847332,2.3966582339408697,1.949808941230287,1.7074597644358895,1.9218820337745013,0.848841724344707,0.5424030072266328,1.925625889517344,2.4106887441130453,2.346745864734915,2.0285657826763654,1.622226777227205,1.7424228020626047,2.0447307806025403,3.037193652687588
2019-02-17,2.4309434053369787,2.4070666012847877,-0.4287782501089008,0.275309436524432,2.369029678756603,2.118348764537607,-0.784621708855351,-0.30695695006396595,2.3733338213559696,2.37735639327024,-0.2521531375802789,0.48889504824433566,2.3345087388464423,2.0757673158802943,-0.8167705616486507,-0.07220424807775802,-0.04084699263092948,-0.05475036699287638,-0.09478245423252687,-1.0863511322289114
2019-02-24,1.856014890735947,1.9430307869886816,0.607061121039543,0.2905554811895677,1.8227917078662526,1.7455129605895066,0.5496955371682305,0.2594826028038,1.8011846134711362,1.803840683234662,-0.2904116654876591,-0.1870804173168348,1.7731184542449956,1.726746010591996,0.3525771076912197,-0.32747323102417014,-0.5620512181121085,-0.3327302636447621,-0.2609638678117214,-0.032643314870738176
2019-03-03,1.3509297291078837,1.4129461272931763,0.8710902122381854,-1.2917637871052297,1.3336880328184906,1.2789193205793845,0.08549270945074923,-0.8722041574940986,1.3323852552512765,1.476115051944755,0.6838726316322209,-1.453232206223694,1.2797929430844794,1.2877608188968406,0.571477145186235,-0.6125380447086661,-0.34076512308827184,-0.3909929017629774,-0.43322231362836594,-0.32071519969338885
2019-03-10,1.5389786919420272,1.6792787187434703,2.048712971036012,1.7107009462149405,1.5807656164611736,1.591563866666291,1.229298948170388,1.1787639589794352,1.5621928447568907,1.6903787142312603,1.7165728705724266,1.017375605253003,1.5787907398020964,1.5946507335451638,1.193615319982802,0.7455396585715652,0.8377034467396784,1.022094951501737,0.8140376395369526,-0.007305392583769784
2019-03-17,1.3538279328704053,1.2876640998207545,0.7587220131214354,-1.8728386881250414,1.330512395111843,1.2756561261410886,0.6216669104100727,-1.2432301723667976,1.3207303110390363,1.3423458779153405,1.092160039554245,-2.0170280255618804,1.2830665584475038,1.2587012498014731,0.7118680288307293,-1.0985258108016207,-1.080395033977802,-0.8956011442988201,-0.6841189133857754,0.23760203137606314
2019-03-24,0.8888692474832486,0.8146442074937552,-0.30239144056645534,-0.6919541830580013,0.8353523545940931,0.7048341224256502,-0.8028473713851701,-0.2880168542487615,0.8923372953795023,0.7922869020242191,-0.4989171253330119,-0.24842868946507501,0.8608816930293771,0.7434446827178115,-0.3295996266531125,0.14842489655977134,-0.9537528816648501,-0.9933461705611017,-0.9514449352618127,-0.28976730849934285
2019-03-31,1.1943684707104858,1.1281549055846354,0.30694920700581096,0.843524320361006,1.1399715390495302,0.982349626466051,-0.5766847308174008,0.2174445986463138,1.22263967179236,1.1556368795980163,1.0479643843078204,1.28747296175858,1.2479071019784385,1.0920467428825276,-0.5418133741291893,0.41779624462145565,-0.9121009209116889,-0.7652769589707572,-0.5615236732307914,-0.25985474170318595
2019-04-07,1.2223336324370522,1.1071264351570729,-1.3163415287952867,-0.50335264018527,1.1587348012405292,0.9962113975085888,-1.050629675521895,-0.521091890334806,1.2624682974298425,1.0862794376848048,-1.2782750731415378,-0.657951694959769,1.1977438268968565,1.064940819229811,-0.90460257084813,-0.18920308249434412,-0.9674692998678899,-0.9048127273781761,-0.7514446079560885,-0.1875802086880018
2019-04-14,1.2167404882880517,1.1441539235972689,-0.6134066986278066,-0.46779882182973964,1.1697136599520352,1.0942228973717039,-0.3706436516101772,-0.8851556392927504,1.216201298270814,1.1942385196498326,-0.16646139237868404,-0.8264613934180477,1.1660857162502536,1.0732458967214928,-0.23829851050084763,-1.2115364106062136,-0.04378223849775184,0.23559969819665819,0.24366762053245591,-0.04849121253276444
2019-04-21,0.9247773365895477,0.8587021804945041,-0.7406356972529323,-0.11975674168692939,0.9233580023388033,0.8310189895775507,-0.5944230273273652,-0.5851823648198623,0.9342976644269683,0.8355385867093634,-0.824553246505474,-0.5188112689151693,0.937318100985437,0.8132233053099853,-0.7289169322368578,-0.5722749916579192,0.3704771350509081,-0.058225766446057765,-0.16011666838739586,-0.6297353410846384
2019-04-28,1.062444750746939,1.2541187999770482,1.2965966351612352,0.21033366646079416,1.0601430293984215,1.1966582240588717,0.6021329196968822,1.0595743646981155,1.032916731984528,1.1305028582379058,0.35977705438906166,0.5641443943021296,1.1020969630870563,1.1640214030930909,0.4866077645242582,1.1244465319350783,2.374883075335011,2.173101236037091,1.905063498859075,0.07144027897131058
2019-05-05,0.5824556462178458,0.9341528803839817,1.9933973948652486,-2.222473393134065,0.5271346848317833,0.9841719947976955,0.6516489762209575,-1.6531451148131049,0.5164194729396953,0.7315547156478059,1.0514172967811453,-1.7892801059699854,0.4849254611564088,0.5619861919053316,-0.16623373050744755,-1.2649642037764117,0.8161946424130455,0.23034469182235423,-0.030924770026288115,0.23043967452469147
2019-05-12,-0.5580997086489115,-0.5702959606358688,0.3211398408389344,-1.1812119838623552,-0.6181784864186767,-0.784726122746289,-0.2898066734754842,-0.9357743672902705,-0.3789785732151605,-0.48307528523803867,0.04095014624346734,-1.1006487106368847,-0.5807797488181946,-0.7140674284790168,-0.21949658344828155,-1.037019065989,0.16944424952805923,0.006832298149123703,-0.1919341645048617,-0.6478817299979811
2019-05-19,-1.0710868640825166,-1.3236036039028185,-1.1706977549040904,-0.3486619119349234,-1.344733332653259,-1.4987682673382214,-1.0912420272326313,-0.3279974888591831,-1.0687863115799765,-1.2623407773346418,-1.0657433465943704,-0.12126942076363094,-1.130512616263511,-1.3260629868978222,-0.7078543239713588,-0.6154964620166793,-0.531316871936114,-0.562288538611145,-0.6987532553968389,-0.26284256434843134
2019-05-26,-1.2496144714961712,-1.454360592898621,-1.2618545725248866,0.08028446066886084,-1.3771696976357153,-1.5530061710978447,-1.329341617381863,0.020339550666371935,-1.2044306642320461,-1.5478654636511247,-1.3184090035215406,-0.22976180477355373,-1.2301389343476308,-1.5058235863874083,-1.206496928274168,-0.2129705228203496,0.37252175267450505,0.7188195961420338,0.997049020172851,1.1955996059192262
2019-06-02,-0.8640012942340082,-0.48454036775536136,0.2682776142661142,1.1543900951361623,-0.540212206674089,-0.28745561081518245,0.5211559076734622,1.2273839154470276,-0.7478859915118192,-0.5987240814906052,-0.10018130822730693,0.9737423946658466,-0.524119235072476,-0.30889958706417325,0.7905237951791034,1.3531860173470687,-0.21940147323714204,-0.4090864606239528,-0.5034697029232073,-1.3452878192576634
2019-06-09,0.16147661604814242,-0.16061938768430548,-0.754640871942366,-0.3604900655377493,-0.10469324231552367,-0.29120395349068817,-0.6165872080531974,-0.505564714132514,0.31024429829422745,0.03564801270096525,-0.7717933840820035,-0.4780535114123517,0.032987488866348676,-0.16491035940702023,-0.7926849343272667,-0.6639548154452798,-0.6434784107779244,-0.5901483683404012,-0.6063482453050127,-0.9603786694664626
2019-06-16,0.0469576090086851,-0.10035224358699278,-0.6729312215192934,0.19686034042104908,-0.07872325685541179,-0.20659614568540668,-0.7145442902232513,-0.09779042559630978,0.1957703201071036,0.06360524683727443,-0.6537855439886153,-0.11008581648640173,0.007087309534978101,0.04090347568676434,-0.09309444229465098,-0.3417457045006383,-0.5059766207916208,-0.378330795818867,-0.26606415739403905,-0.07697291974631634
2019-06-23,0.07749966011779613,0.40968313429714087,0.5873990946359897,1.3241294155234988,0.19204575984548863,0.7263248783496296,1.4754305726593377,1.6151720485427694,0.35064724536853203,0.8539248585964401,1.3492053816549727,1.7217616654547059,0.32700878383767296,1.0244857897505875,2.205413169859552,1.8280332097558005,-0.039967738636794085,0.5892470183601255,0.8858484567902059,0.9257185406639834
2019-06-30,1.2785659924226136,0.7471959081744957,-1.0373489728035594,-0.11526517823108866,1.0830699619902542,0.6592203172930685,-0.9341348783863482,-0.270692023925405,1.370137273725927,0.9727459594562496,-0.7424434007221874,-0.28097521322404584,1.2252039224770161,0.8932202336287969,-0.5120164393823101,-0.6861677964498356,-1.0208158800742224,-1.0389068188826516,-0.928371523914023,-0.29922909156082017
2019-07-07,0.10020246246088792,0.02816941913159623,-0.024874604661332712,-0.4040459923536098,0.07936930720711576,0.2481485459483029,0.3822597731677164,-0.7161522110324363,0.1155513805060113,0.10417712671637591,-0.20771988713036812,-0.7054084608519643,-0.029506419266017887,0.14918103839529345,0.12111702530309476,-0.7162579821177162,-0.9325671483307281,-1.035354057268935,-1.0266090933145031,-0.5164799026784169
2019-07-14,-0.015234850399098167,-0.36299281860602944,-1.042012390303781,0.3444413610463815,0.09883677123534929,-0.18421514592527935,-0.8730141797468257,0.44305318004251276,0.21814155207035288,-0.14871193616477438,-1.1735627701796714,0.6991500719673124,0.16335939584793044,-0.028599373113560186,-0.956755512024397,0.6304327330555726,-0.8691073133661986,-0.8074846778134359,-0.804696986363928,0.24721641559482666
2019-07-21,1.2113359969914916,1.0739589552455417,0.11828891116944086,0.8592354525564384,1.357725189063214,1.0181018442737728,0.2046813322093823,0.7135844584900255,1.3031524357000643,1.0028793304807697,-0.3775973733264739,0.705316366333985,1.3326820280419285,1.2359669884614108,-0.0293788571397186,0.3082840162108063,-0.6865492534715726,-0.6655970797733856,-0.5647074173742772,0.5614624054740286
2019-07-28,0.6701415074793251,0.8383330972590076,1.4489186491239119,-1.103886622309803,0.989673147022357,1.2797549825353953,2.396540295377365,-1.7663654042776693,0.36141895416910585,0.8383685758118503,2.64330601722104,-2.0029125522540467,0.49806309866462584,0.8673770599480153,2.6765084153945886,-2.0798350555213885,0.37449235433111727,-0.2798232047210979,-0.9406110060804742,0.6954987654087866
2019-08-04,-1.6551964976858122,-1.6605053435555748,-0.2127748623831457,-0.46355886085303927,-1.6497967910931506,-1.4684535859153771,0.09018900842384872,-0.4914222844625422,-1.6743570894750712,-1.6373397413766495,-0.4266742049094783,-0.230860438620923,-1.7192622637979034,-1.6676068547147416,-0.27262803845248534,-0.3794563077381751,-0.3126413547966827,-0.5038742372456497,-0.6461286426676334,-0.3458665561651884
2019-08-11,-1.998437318190108,-2.0191046994398665,-0.7105942905340116,-0.013367644332746375,-1.9726295854195899,-1.9148380532223959,-0.5159518382548354,0.005745091847732162,-1.949625130660236,-1.9501561465856068,-0.5260315687313601,0.17687634223231466,-2.022656447754124,-2.003421477599189,-0.7802519327913457,0.0012672802201248313,-0.828505718883321,-0.5167563734784376,-0.2774525282375174,0.30413253084019
2019-08-18,-1.640126118082234,-1.7321963899627244,-1.1366667758965667,0.24426669659966901,-1.6332423596142345,-1.6183802745823994,-0.5512867284877405,0.2587512780087374,-1.610537081208722,-1.7318334963941526,-1.156779355029782,0.2595729816495564,-1.662384569019955,-1.6368638151315655,-0.8882833810411281,0.2513100507669289,-0.6688733789345136,-0.5759755975545724,-0.36885601885240826,0.32903519024895017
2019-08-25,-1.5302734638206015,-1.499031243253174,-0.27636412888791473,0.11201005125310273,-1.524921923783701,-1.5406125612057098,-0.584158682447557,0.35449962409016517,-1.5089110877227305,-1.3598517657956741,-0.0870839209753995,0.8938007134363856,-1.5428468352902887,-1.4397445334530838,-0.3030501338368619,0.8113385907628017,-0.9862120412165803,-0.9580876343219746,-0.7255023657218198,-0.08017095091187178
2019-09-01,-0.7066678513471761,-0.49173858213346444,0.865060891822206,1.555307303927587,-0.5137419552021996,-0.24344775690342446,1.0201785893745345,1.59622742455297,-0.6134547831025942,-0.48049131882527685,0.5344542116003435,1.2338192467951639,-0.5145216902864931,-0.22014738956205113,0.9154259735603343,1.4517979854964889,0.025949255521133273,-0.008840341054088758,-0.059017040797404365,1.859103107545596
2019-09-08,0.7233822536564666,0.9431795117844852,1.3398454642120803,1.626286878205833,0.8297616113979335,0.9040742070317345,1.0994142864977434,1.4060714718439917,0.7227765536888807,0.9388966533875593,1.3545005918906257,1.5470125144533924,0.9435217727516276,0.9006212978041443,0.8373113511562925,1.247449214184078,0.6103433374621001,0.10971260151055492,-0.1833127183138811,-1.2001122643438982
2019-09-15,0.9860568133739135,0.8149218687162344,-0.28392412420353075,-0.9645144817245856,0.8901150708825478,0.7205404035407846,-0.7554669868533583,-0.5407351390977632,0.9629361475661897,0.8202341899986015,-0.4031306493166951,-0.6943480544666828,0.8828634750603069,0.761764027027856,-0.4964547283379491,-0.4633144201355142,0.250728460934546,1.0819297998567492,1.1119717142274652,-0.7255282277025322
2019-09-22,0.9169023200606745,0.8264510294428454,-0.48076036702583447,-0.17707475501922393,0.9129213962853249,0.7991129082424879,-0.2807583227280032,-0.39812715715981895,0.879233216281247,0.7552521195587822,-0.5335396904958135,-0.2512644495513689,0.8707882225175049,0.8282623098712919,-0.3387048822090874,-0.13389858085017542,0.13798214823451566,-0.12834067047382455,-0.39946510609535707,-0.42452607456027197
2019-09-29,0.5638041461143474,0.4340492317581119,-0.41450402636401446,-0.053894834856748064,0.5076621200557158,0.40382611326320134,-0.5709305626661559,0.012205569566090575,0.5761561192110937,0.5694350528571529,-0.2137697194619853,0.43917125722821887,0.5882253575986176,0.48693638081010543,-0.5988683175101699,0.5620841622422468,-1.1282543066116666,-1.152625536764102,-0.894337536633499,0.325367423815278
2019-10-06,0.6618678571738477,0.5925470743957671,-0.6471721491350086,-0.15266773130567124,0.5652288675906739,0.47008072391941047,-0.7293946627118779,-0.25735792802665924,0.5456460055058401,0.5819616236907089,0.16073308931875624,0.21227953634666716,0.5198976251267505,0.35491884831486675,-0.755343882190704,0.15434647169662652,0.2651474438615848,0.8831332962211169,1.3737789582108846,1.963809577210863
2019-10-13,1.3991635474640998,1.6315511825522606,2.326649235103015,2.172912282921435,1.5772683416672184,1.7866276587623615,1.6731085093022107,1.8029229569180771,1.4124955363260707,1.6596254900733323,1.7601097508130166,1.7461223904376793,1.4640056795668384,1.8823271743255,2.091015026089044,1.8824892639638993,3.1277272093009043,3.1612591520541455,3.06932899769885,0.7579552990867899
2019-10-20,2.409288984424691,2.365537412000194,1.5465709731165278,1.5819887684137657,2.4204959175874023,2.3847660613896475,0.5907761295353744,1.0550250300876658,2.4939565865137654,2.433682013264799,1.282525500056228,1.3614221552778638,2.4918659950695545,2.3895016781840304,0.5796607121188869,0.924249891841785,1.1629274899104487,0.5419069258171679,-0.07919955679406213,-0.9576130142884495
2019-10-27,2.0864603868760114,1.9816281108711473,1.0704093875875296,-0.3369738581706305,2.1150985499756527,2.196576190099501,1.327882642564912,-0.4617606376092172,1.9663383887290868,1.962408603463973,2.1416140157484342,-0.9566923195238083,2.0673977875273977,1.9018200172673787,-0.687022021081652,-0.9999554421760816,0.36009476061650336,0.2897269757862059,0.2256054122481902,0.39835403047167695
2019-11-03,1.562222705150385,1.419266247316473,-0.7201906844942383,-0.5606542150608741,1.4260930228715396,1.2464115243399678,-0.793168139300924,-0.6748465740871358,1.5876060203574571,1.3746271332069437,-0.8014661334572937,-0.17402492911639797,1.4608207745164514,1.393327901163695,-0.574098576079566,-0.39259830380199906,0.29258811407566615,0.3691994065805731,0.3860541511438706,-2.686623155942718
2019-11-10,1.2771757403474513,1.176427623949766,-0.7686385370539665,-0.962880878185115,1.1981718626660394,1.1293803485638028,-0.0967027354651532,-1.4631750728526915,1.313239972747807,1.1734051236240908,-0.640838003948881,-1.1711391398225297,1.1804416950900913,1.0816340610254613,-0.567647211526439,-1.2293450878784418,-0.5975955899937994,-0.6460785591599125,-0.6965445235611151,0.0015673393968579296
2019-11-17,0.9028428393924374,0.8477008740014047,-0.5486077691917184,-0.9915604594129865,0.839099147275494,0.7429534540562615,-0.43958145213746036,-0.5614216659189002,0.9147840875947076,0.8276417057613821,-0.7744912612216285,-0.8827473638059359,0.8754744131579201,0.8614277969050896,-0.185869777785253,-0.6648783466764411,-0.5214152152158699,-0.6380887481242381,-0.6498492966167084,0.29107251384394706
2019-11-24,1.0014172167788515,0.8620979520717867,-1.1393172889692993,-0.24702591548880773,0.9072724113945915,0.7496700295285958,-1.1117384982696383,-0.31757021610991404,0.9813793701106944,0.9008452381689429,-0.49764317097539135,-0.7921797148549606,0.9112786969234863,0.8812566175731509,1.842803693549684e-15,-1.109015851418895,-0.4965367828269331,-0.43001901418804983,-0.20541156061769092,-0.7199447754244602
2019-12-01,0.5692794148184368,0.4870278330093335,-0.5642607722077364,0.16961949660909248,0.5285848770699098,0.48256419991576577,-0.2288729810305237,0.2695379572286448,0.685240983257154,0.5797258993860787,-0.5503777829685569,0.19657640977309987,0.5674735942140492,0.4652152390034915,-0.8071578010591365,0.11680193241257962,-0.4402811683175716,-0.5642606493268723,-0.6847690931897754,-0.1330657688390035
2019-12-08,1.0490685090727816,1.292951386324918,1.4715586570079846,1.6116193901200238,1.1239261737183401,1.251917720013834,1.5913095023824262,1.36208390668684,1.0212630868476227,1.232245099621807,0.9747083632912861,0.6207032362408352,1.0397191767256757,1.1664300828152836,0.9975672422046771,0.21066781778309923,0.19369493764096166,-0.10633656165553507,-0.19815168068249467,1.043336110904422
2019-12-15,0.8828699897856097,0.7352343963855474,-0.8713402163747842,-0.38813486176102935,0.7606347201779998,0.5425335703556751,-1.164090921304944,-0.12448833766927335,0.8521374564146803,0.7185960760577815,-0.8557367814990878,-0.048712253634219146,0.8411384670478131,0.7019798923954507,-1.0743377958173717,-0.3831485873757805,1.045686135541785,2.629959669272204,2.914389711217179,-0.6151184752130592
2019-12-22,0.9145577713471182,0.9111307190209457,-0.0817775354743242,0.273223869627806,0.936513083749502,0.8497807692540765,0.11158720217139573,0.747425974709544,0.9102237235533281,0.8216460291130528,-0.4327592901870685,-0.038630305818457486,1.0120501981434245,1.056743801442862,0.2882970027996295,0.7833193787359475,-0.7740440650978181,-0.6045534151163776,-0.4103239925149756,1.2496337937626747
2019-12-29,1.2643790630370675,1.1973013336811706,-0.7261991521237615,-0.5912773727847309,1.205840939259337,0.9507085352333284,-1.125270643527434,-0.3724891915123568,1.16607087445245,0.9110606044924047,-1.2142971247696768,-0.4605215320033927,1.2159542220308623,1.0657839283269128,-1.0518430117923296,-0.2522366597957268,0.894217597784278,0.3651449338217128,0.15966284680667295,-1.8066127240213068
