Date,PowerShares Global Water Portfolio_Open_average,PowerShares Global Water Portfolio_Open_max,PowerShares Global Water Portfolio_High_average,PowerShares Global Water Portfolio_High_max,PowerShares Global Water Portfolio_Low_average,PowerShares Global Water Portfolio_Low_max,PowerShares Global Water Portfolio_Close_average,PowerShares Global Water Portfolio_Close_max
2016-03-27,1.8313326848852989,1.8313326848852989,1.682612188435537,1.682612188435537,1.5863538746289096,1.5863538746289096,1.491836331973834,1.491836331973834
2016-04-03,1.5831649811129713,1.5831649811129713,1.5346504994382681,1.5346504994382681,1.452653292631323,1.452653292631323,1.3926131744368098,1.3926131744368098
2016-04-10,1.5223098665283148,1.5223098665283148,1.5839035694801415,1.5839035694801415,1.5748680556408725,1.5748680556408725,1.631379026816396,1.631379026816396
2016-04-17,1.4265929530413453,1.4265929530413453,1.3465501913338596,1.3465501913338596,1.3801655508750874,1.3801655508750874,1.3713810068839458,1.3713810068839458
2016-04-24,1.4333475637533013,1.4333475637533013,1.4083438681868992,1.4083438681868992,1.3833041622479727,1.3833041622479727,1.442449448943696,1.442449448943696
2016-05-01,0.8250410740458226,0.8250410740458226,0.7708100845860076,0.7708100845860076,0.8521992254391278,0.8521992254391278,0.798907619971131,0.798907619971131
2016-05-08,0.7145030440619637,0.7145030440619637,0.9198348182262364,0.9198348182262364,0.8395516070129952,0.8395516070129952,0.8736388418589048,0.8736388418589048
2016-05-15,0.6223702952844987,0.6223702952844987,0.5262317147113521,0.5262317147113521,0.6170588978582121,0.6170588978582121,0.5987652686559156,0.5987652686559156
2016-05-22,0.9814073603648833,0.9814073603648833,1.1097466650361705,1.1097466650361705,1.1405298676073239,1.1405298676073239,1.060500340014349,1.060500340014349
2016-05-29,1.4660171700639861,1.4660171700639861,1.4897447772326942,1.4897447772326942,1.5728997687992619,1.5728997687992619,1.5710494919287379,1.5710494919287379
2016-06-05,0.301396617275153,0.301396617275153,0.20599721753253686,0.20599721753253686,0.054024872347277896,0.054024872347277896,0.04476525593550963,0.04476525593550963
2016-06-12,0.5496503037863194,0.5496503037863194,0.5229611573463417,0.5229611573463417,0.6406294487054606,0.6406294487054606,0.471541733972358,0.471541733972358
2016-06-19,-2.1551171591364304,-2.1551171591364304,-2.203690222947938,-2.203690222947938,-2.3793019376667814,-2.3793019376667814,-2.166372851597162,-2.166372851597162
2016-06-26,0.6840237439015134,0.6840237439015134,0.8251130263101911,0.8251130263101911,0.5404415927965696,0.5404415927965696,0.43030013666689754,0.43030013666689754
2016-07-03,0.6812152949544121,0.6812152949544121,0.6022598681544064,0.6022598681544064,0.655698374867199,0.655698374867199,0.6313267321673727,0.6313267321673727
2016-07-10,1.0709538613031835,1.0709538613031835,0.9054775043537814,0.9054775043537814,0.9715616303945788,0.9715616303945788,0.927607705361444,0.927607705361444
2016-07-17,1.0627333857800725,1.0627333857800725,0.8689852285902859,0.8689852285902859,0.7297206853472059,0.7297206853472059,0.7000896405360062,0.7000896405360062
2016-07-24,1.4471456198987314,1.4471456198987314,1.3035209942432486,1.3035209942432486,1.0618050982048772,1.0618050982048772,1.1884555372161174,1.1884555372161174
2016-07-31,0.8999727673450129,0.8999727673450129,0.7563793945314881,0.7563793945314881,0.6618777680842031,0.6618777680842031,0.6042941826734501,0.6042941826734501
2016-08-07,1.3269839191544868,1.3269839191544868,1.3154818449193917,1.3154818449193917,1.2954880728693112,1.2954880728693112,1.3961120698692784,1.3961120698692784
2016-08-14,0.8582600847446139,0.8582600847446139,0.9901975452709204,0.9901975452709204,0.8925451009509852,0.8925451009509852,1.0306970424732724,1.0306970424732724
2016-08-21,0.5640664676619791,0.5640664676619791,0.8125126644743519,0.8125126644743519,0.6768951593082582,0.6768951593082582,0.8535967671481561,0.8535967671481561
2016-08-28,0.9297160212832348,0.9297160212832348,1.0300888438551827,1.0300888438551827,0.9696447334980617,0.9696447334980617,1.0834666502842254,1.0834666502842254
2016-09-04,-0.5735011836467452,-0.5735011836467452,0.07358491401933533,0.07358491401933533,-0.29069358728161154,-0.29069358728161154,0.1589543407142374,0.1589543407142374
2016-09-11,-0.17227541209768155,-0.17227541209768155,-0.18776835735693512,-0.18776835735693512,-0.05021770364522734,-0.05021770364522734,-0.17338874008504881,-0.17338874008504881
2016-09-18,0.05935493451119716,0.05935493451119716,-0.2870208505557275,-0.2870208505557275,0.056996565468751176,0.056996565468751176,-0.17847311951066325,-0.17847311951066325
2016-09-25,0.7922583527967367,0.7922583527967367,0.9097179462321043,0.9097179462321043,0.9231727331572539,0.9231727331572539,0.6609750785671287,0.6609750785671287
2016-10-02,-1.6701346280691387,-1.6701346280691387,-1.7383984981126146,-1.7383984981126146,-1.4650800322044342,-1.4650800322044342,-1.6975406053953375,-1.6975406053953375
2016-10-09,-2.2363246869866007,-2.2363246869866007,-2.4312391747953424,-2.4312391747953424,-2.125275973764981,-2.125275973764981,-2.2208932688673038,-2.2208932688673038
2016-10-16,-1.0107686891579963,-1.0107686891579963,-1.290648039036111,-1.290648039036111,-1.2549641024843463,-1.2549641024843463,-1.2913208110484113,-1.2913208110484113
2016-10-23,-1.9144996796022653,-1.9144996796022653,-1.9010700446253577,-1.9010700446253577,-1.8465146819037235,-1.8465146819037235,-1.7127013094523986,-1.7127013094523986
2016-10-30,-2.0415355097086647,-2.0415355097086647,-2.044000055236881,-2.044000055236881,-1.9849861215348548,-1.9849861215348548,-1.9431532678388939,-1.9431532678388939
2016-11-06,-1.7020197715953393,-1.7020197715953393,-1.8043099042952528,-1.8043099042952528,-1.9452693652076598,-1.9452693652076598,-1.9473960042584642,-1.9473960042584642
2016-11-13,-1.5568441505786,-1.5568441505786,-1.4364366226981808,-1.4364366226981808,-1.430397079704304,-1.430397079704304,-1.341614664102982,-1.341614664102982
2016-11-20,-1.0932942489649207,-1.0932942489649207,-1.18020924943852,-1.18020924943852,-1.1009579790917907,-1.1009579790917907,-1.2203336871665535,-1.2203336871665535
2016-11-27,-1.2749062109415432,-1.2749062109415432,-1.3051268018938342,-1.3051268018938342,-1.2627618702560166,-1.2627618702560166,-1.2343463374779964,-1.2343463374779964
2016-12-04,-0.7898354050075918,-0.7898354050075918,-0.6933279430370023,-0.6933279430370023,-0.6860910490553447,-0.6860910490553447,-0.6318323488595671,-0.6318323488595671
2016-12-11,-1.224768977173486,-1.224768977173486,-0.8831179893089155,-0.8831179893089155,-1.1378499579980799,-1.1378499579980799,-1.0078511011031681,-1.0078511011031681
2016-12-18,-0.9311142254053189,-0.9311142254053189,-0.8152309575747733,-0.8152309575747733,-0.847942717531539,-0.847942717531539,-0.7522166661303337,-0.7522166661303337
2016-12-25,-0.19057343705687116,-0.19057343705687116,-0.3514718324169736,-0.3514718324169736,-0.501863233946478,-0.501863233946478,-0.6007509060760399,-0.6007509060760399
2017-01-01,0.07906502504224733,0.07906502504224733,-0.1780628699583731,-0.1780628699583731,0.10169714291642527,0.10169714291642527,-0.13487146711611026,-0.13487146711611026
2017-01-08,0.31934678704278147,0.31934678704278147,0.3785910992131742,0.3785910992131742,0.33849599788097323,0.33849599788097323,0.054635500893554595,0.054635500893554595
2017-01-15,2.045503617942478,2.045503617942478,2.028999874118669,2.028999874118669,1.8858987078730136,1.8858987078730136,1.9832899954256136,1.9832899954256136
2017-01-22,2.1566590423020378,2.1566590423020378,2.2758405284604524,2.2758405284604524,1.9075161348236607,1.9075161348236607,2.1042913866749897,2.1042913866749897
2017-01-29,1.812549051663831,1.812549051663831,1.8995751834683765,1.8995751834683765,1.9275718853615467,1.9275718853615467,1.878483087628419,1.878483087628419
2017-02-05,2.208058969166673,2.208058969166673,2.402592714381076,2.402592714381076,2.4068774293582162,2.4068774293582162,2.4021839935831863,2.4021839935831863
2017-02-12,1.4192533843869108,1.4192533843869108,1.6314296146214542,1.6314296146214542,1.6416551770287877,1.6416551770287877,1.8058005751514974,1.8058005751514974
2017-02-19,1.2167706422179085,1.2167706422179085,1.5090986774146686,1.5090986774146686,1.3793874348303752,1.3793874348303752,1.622544761614724,1.622544761614724
2017-02-26,1.6131433673474802,1.6131433673474802,1.6370106304245213,1.6370106304245213,1.6568854637752661,1.6568854637752661,1.5473862988957594,1.5473862988957594
2017-03-05,1.2726525547126508,1.2726525547126508,1.3769614735294295,1.3769614735294295,1.3743217732383577,1.3743217732383577,1.4259494918932858,1.4259494918932858
2017-03-12,1.5471448995620338,1.5471448995620338,1.5252524700471117,1.5252524700471117,1.5800892610697557,1.5800892610697557,1.5646600382428872,1.5646600382428872
2017-03-19,1.5486127175599014,1.5486127175599014,1.4989940283568843,1.4989940283568843,1.481110280168194,1.481110280168194,1.5161065141219403,1.5161065141219403
2017-03-26,1.513342829431807,1.513342829431807,1.428288915860304,1.428288915860304,1.3810854716331935,1.3810854716331935,1.3042612331197556,1.3042612331197556
2017-04-02,1.313257804571134,1.313257804571134,1.2979140971088992,1.2979140971088992,1.2714832556772409,1.2714832556772409,1.1976674495730228,1.1976674495730228
2017-04-09,1.350857661124102,1.350857661124102,1.2905858988889476,1.2905858988889476,1.358728783782403,1.358728783782403,1.3647220283285089,1.3647220283285089
2017-04-16,1.610444686991644,1.610444686991644,1.751602164405456,1.751602164405456,1.6235992676494257,1.6235992676494257,1.7738978932465508,1.7738978932465508
2017-04-23,1.5860911122092207,1.5860911122092207,1.7903048751012887,1.7903048751012887,1.6246212889410028,1.6246212889410028,1.7265590711411543,1.7265590711411543
2017-04-30,2.2268128813881414,2.2268128813881414,2.170408223129162,2.170408223129162,2.1921909071774968,2.1921909071774968,2.084704706124846,2.084704706124846
2017-05-07,1.8071292352196282,1.8071292352196282,1.8107812025841195,1.8107812025841195,1.8560243075082647,1.8560243075082647,1.7855388322416585,1.7855388322416585
2017-05-14,1.6914629993795833,1.6914629993795833,1.6485069818479767,1.6485069818479767,1.7300837067944204,1.7300837067944204,1.708916801214184,1.708916801214184
2017-05-21,1.7435265424456177,1.7435265424456177,1.6267161878973262,1.6267161878973262,1.5522742845811714,1.5522742845811714,1.4904331346792135,1.4904331346792135
2017-05-28,1.7053702150600403,1.7053702150600403,1.716172546410639,1.716172546410639,1.7852403813693676,1.7852403813693676,1.8220797174565564,1.8220797174565564
2017-06-04,0.8585598178061025,0.8585598178061025,0.7580059110977166,0.7580059110977166,0.8483138632138963,0.8483138632138963,0.8144519459326977,0.8144519459326977
2017-06-11,0.8956850281295339,0.8956850281295339,0.9191057253480313,0.9191057253480313,0.8869906430307626,0.8869906430307626,0.8364733345700162,0.8364733345700162
2017-06-18,0.6478359455530603,0.6478359455530603,0.5866861209279373,0.5866861209279373,0.6388632618272542,0.6388632618272542,0.5860291380831466,0.5860291380831466
2017-06-25,0.21262452026490755,0.21262452026490755,0.10722807338248946,0.10722807338248946,0.1476852952206995,0.1476852952206995,0.09192744444487623,0.09192744444487623
2017-07-02,-0.15996214658096716,-0.15996214658096716,-0.21744881253649548,-0.21744881253649548,-0.15074548053026549,-0.15074548053026549,-0.07259466805383792,-0.07259466805383792
2017-07-09,0.6279363756872536,0.6279363756872536,0.7233361458904537,0.7233361458904537,0.7659507653735292,0.7659507653735292,0.94704988395269,0.94704988395269
2017-07-16,0.44743080917341144,0.44743080917341144,0.4874431627253461,0.4874431627253461,0.4869080701469584,0.4869080701469584,0.5431154822330929,0.5431154822330929
2017-07-23,0.4912709865017293,0.4912709865017293,0.25259998678398815,0.25259998678398815,0.21842601416526253,0.21842601416526253,0.35801223630793233,0.35801223630793233
2017-07-30,0.7181255353686471,0.7181255353686471,0.5742680875834465,0.5742680875834465,0.7057331111531603,0.7057331111531603,0.8522337280249029,0.8522337280249029
2017-08-06,-0.40341740606343635,-0.40341740606343635,-0.0631818833852367,-0.0631818833852367,-0.12986745953042006,-0.12986745953042006,0.11826092918006885,0.11826092918006885
2017-08-13,-1.2053508431066102,-1.2053508431066102,-1.0408782146207358,-1.0408782146207358,-1.103529176553251,-1.103529176553251,-0.87727912375858,-0.87727912375858
2017-08-20,-0.34998846783188414,-0.34998846783188414,-0.26955524335902287,-0.26955524335902287,-0.3028636141462796,-0.3028636141462796,-0.40044592977842086,-0.40044592977842086
2017-08-27,1.7800914624985706,1.7800914624985706,1.703631210423605,1.703631210423605,1.5042836771031143,1.5042836771031143,1.538244838476181,1.538244838476181
2017-09-03,2.300696043481604,2.300696043481604,2.34636335001108,2.34636335001108,2.455038453413826,2.455038453413826,2.340221436707553,2.340221436707553
2017-09-10,2.0703714899504804,2.0703714899504804,1.9505692086880357,1.9505692086880357,1.6860506525789964,1.6860506525789964,1.672786164832619,1.672786164832619
2017-09-17,1.2983127588331942,1.2983127588331942,1.3386126052164375,1.3386126052164375,1.3260856067896079,1.3260856067896079,1.2361624927867882,1.2361624927867882
2017-09-24,1.4562769373093873,1.4562769373093873,1.6925992064496285,1.6925992064496285,1.655295079739758,1.655295079739758,1.9520878026620299,1.9520878026620299
2017-10-01,1.8797191300125162,1.8797191300125162,1.811373339825721,1.811373339825721,2.005830807421677,2.005830807421677,1.8957443954812228,1.8957443954812228
2017-10-08,1.5583500273401196,1.5583500273401196,1.6109198622034675,1.6109198622034675,1.6845929298196214,1.6845929298196214,1.6842379019873883,1.6842379019873883
2017-10-15,1.7491322748988611,1.7491322748988611,1.737949306250372,1.737949306250372,1.6041014072806181,1.6041014072806181,1.5511504503821842,1.5511504503821842
2017-10-22,1.3720940815398728,1.3720940815398728,1.310602753093527,1.310602753093527,1.4139405363982498,1.4139405363982498,1.4235630405835706,1.4235630405835706
2017-10-29,1.3294111137755025,1.3294111137755025,1.3438320751901263,1.3438320751901263,1.4434483787954249,1.4434483787954249,1.4311855265916973,1.4311855265916973
2017-11-05,0.8004013147340259,0.8004013147340259,0.7401698422044902,0.7401698422044902,0.7252982724852121,0.7252982724852121,0.7919352321590662,0.7919352321590662
2017-11-12,0.7997677141973121,0.7997677141973121,0.8143611580044463,0.8143611580044463,0.8832123644280699,0.8832123644280699,0.9124865782629779,0.9124865782629779
2017-11-19,1.4979628997919996,1.4979628997919996,1.5543161748394452,1.5543161748394452,1.5056780869242463,1.5056780869242463,1.5838100678575837,1.5838100678575837
2017-11-26,1.945080094969672,1.945080094969672,2.1396587315285394,2.1396587315285394,1.9021069616905966,1.9021069616905966,2.1603225460229893,2.1603225460229893
2017-12-03,1.694903054878873,1.694903054878873,1.5164876352976342,1.5164876352976342,1.613199988504316,1.613199988504316,1.429978905093307,1.429978905093307
2017-12-10,0.9300717576429696,0.9300717576429696,1.1741922693329137,1.1741922693329137,1.0328416937771767,1.0328416937771767,1.104999456961743,1.104999456961743
2017-12-17,1.2019107187679365,1.2019107187679365,1.0816881793136353,1.0816881793136353,1.1987104815544618,1.1987104815544618,1.009723331639466,1.009723331639466
2017-12-24,1.7744833849948396,1.7744833849948396,1.6303884364842935,1.6303884364842935,1.5987089781109969,1.5987089781109969,1.3909531428798818,1.3909531428798818
2017-12-31,1.862565274179845,1.862565274179845,1.7841905039773096,1.7841905039773096,1.9342128711428632,1.9342128711428632,1.9137471464224254,1.9137471464224254
2018-01-07,1.5149497319832848,1.5149497319832848,1.4847401931972963,1.4847401931972963,1.4847910560990913,1.4847910560990913,1.5373001981554368,1.5373001981554368
2018-01-14,2.187660926707565,2.187660926707565,2.1791366391293874,2.1791366391293874,2.21957606038041,2.21957606038041,2.2238723698855014,2.2238723698855014
2018-01-21,1.673572400817702,1.673572400817702,1.5836209368001115,1.5836209368001115,1.5664396052906175,1.5664396052906175,1.4243436061555381,1.4243436061555381
2018-01-28,-0.05924071333500112,-0.05924071333500112,-0.1563420478802545,-0.1563420478802545,-1.3240059219575266,-1.3240059219575266,-1.3645284646146536,-1.3645284646146536
2018-02-04,-1.9237194040386456,-1.9237194040386456,-1.7670086370198421,-1.7670086370198421,-1.7166734062773137,-1.7166734062773137,-1.5534866613947629,-1.5534866613947629
2018-02-11,-0.7666384209899597,-0.7666384209899597,-0.8318216381936583,-0.8318216381936583,-0.6823257280531705,-0.6823257280531705,-0.7248970407840837,-0.7248970407840837
2018-02-18,-0.40979311477363267,-0.40979311477363267,-0.23783532352211337,-0.23783532352211337,-0.30289362208343207,-0.30289362208343207,-0.04658873014677337,-0.04658873014677337
2018-02-25,-1.6308020324761148,-1.6308020324761148,-1.3575470688065385,-1.3575470688065385,-1.409434845139182,-1.409434845139182,-1.050347328903513,-1.050347328903513
2018-03-04,0.31316465003149074,0.31316465003149074,0.17180248738267487,0.17180248738267487,0.2595976529811446,0.2595976529811446,0.19766887294269792,0.19766887294269792
2018-03-11,-0.03694442144772871,-0.03694442144772871,-0.17119485810873117,-0.17119485810873117,-0.10336466492447693,-0.10336466492447693,-0.15599705234730274,-0.15599705234730274
2018-03-18,-0.9275958381399274,-0.9275958381399274,-0.9267303328741405,-0.9267303328741405,-0.8775662847600694,-0.8775662847600694,-0.6797224709471844,-0.6797224709471844
2018-03-25,-0.454605413144717,-0.454605413144717,-0.6767600133703892,-0.6767600133703892,-0.8018406200943211,-0.8018406200943211,-0.7973514891550848,-0.7973514891550848
2018-04-01,-0.07231078913364825,-0.07231078913364825,-0.08349012107623459,-0.08349012107623459,0.053006425906195836,0.053006425906195836,-0.047027090408605546,-0.047027090408605546
2018-04-08,0.3240073805484001,0.3240073805484001,0.2662420668517253,0.2662420668517253,0.40647306160648183,0.40647306160648183,0.46450380227643756,0.46450380227643756
2018-04-15,0.6304827874193653,0.6304827874193653,0.6646033881017329,0.6646033881017329,0.8891062883064866,0.8891062883064866,0.7504013572893872,0.7504013572893872
2018-04-22,0.8063547750340571,0.8063547750340571,0.726718563248888,0.726718563248888,0.2726943229906753,0.2726943229906753,-0.05216418290233904,-0.05216418290233904
2018-04-29,0.5613447754915116,0.5613447754915116,0.5167776449769907,0.5167776449769907,0.7405933141829489,0.7405933141829489,0.6332416735451557,0.6332416735451557
2018-05-06,0.566433148930803,0.566433148930803,0.6127724889299605,0.6127724889299605,0.727906601693868,0.727906601693868,0.6518163760037787,0.6518163760037787
2018-05-13,0.9488946325627501,0.9488946325627501,1.0318934034742704,1.0318934034742704,1.0241678814688775,1.0241678814688775,1.3451738704732343,1.3451738704732343
2018-05-20,0.6023957252115183,0.6023957252115183,0.5434857898479607,0.5434857898479607,0.727392967453309,0.727392967453309,0.6093449455770321,0.6093449455770321
2018-05-27,0.6864002878878023,0.6864002878878023,0.5970877312468861,0.5970877312468861,0.590873309960871,0.590873309960871,0.6296562343734353,0.6296562343734353
2018-06-03,0.900698134393759,0.900698134393759,1.1599358248993688,1.1599358248993688,1.1026369169019794,1.1026369169019794,1.041447452696932,1.041447452696932
2018-06-10,-1.7723694195368436,-1.7723694195368436,-1.7559179045628055,-1.7559179045628055,-1.1435589588992987,-1.1435589588992987,-1.2920496997208484,-1.2920496997208484
2018-06-17,-2.402426291771798,-2.402426291771798,-2.510044664217772,-2.510044664217772,-2.201438371344533,-2.201438371344533,-2.268714999798775,-2.268714999798775
2018-06-24,-2.267995786904575,-2.267995786904575,-2.152182682725945,-2.152182682725945,-2.1577604049028856,-2.1577604049028856,-2.008048358236275,-2.008048358236275
2018-07-01,-0.8119794960460748,-0.8119794960460748,-0.7787108092522033,-0.7787108092522033,-0.6542777941623477,-0.6542777941623477,-0.755654212351428,-0.755654212351428
2018-07-08,-0.7199556788988384,-0.7199556788988384,-0.8544105709570458,-0.8544105709570458,-0.8165660750307466,-0.8165660750307466,-0.9839230670697289,-0.9839230670697289
2018-07-15,-0.5578791921519212,-0.5578791921519212,-0.6749253286791767,-0.6749253286791767,-0.4898167573035175,-0.4898167573035175,-0.5756504508345788,-0.5756504508345788
2018-07-22,0.19817786852817745,0.19817786852817745,0.1084564172688136,0.1084564172688136,-0.0032229137788710106,-0.0032229137788710106,-0.1144350408471448,-0.1144350408471448
2018-07-29,-0.40296478020286736,-0.40296478020286736,-0.13187630904812073,-0.13187630904812073,-0.20958875293966875,-0.20958875293966875,-0.12144443361945403,-0.12144443361945403
2018-08-05,-0.47385171666227033,-0.47385171666227033,-0.6080820960633275,-0.6080820960633275,-0.6114350544563713,-0.6114350544563713,-0.7517850737350555,-0.7517850737350555
2018-08-12,-0.5291508073220635,-0.5291508073220635,-0.36479526076082514,-0.36479526076082514,-0.3298311224202306,-0.3298311224202306,-0.25429891554951706,-0.25429891554951706
2018-08-19,0.4546388494351361,0.4546388494351361,0.4104380775093004,0.4104380775093004,0.549169800473013,0.549169800473013,0.45549985350481476,0.45549985350481476
2018-08-26,0.7469785226802026,0.7469785226802026,0.8358854725799685,0.8358854725799685,0.8220594087968732,0.8220594087968732,1.0765579183523972,1.0765579183523972
2018-09-02,1.059939987593596,1.059939987593596,1.2401860354254874,1.2401860354254874,1.2324522928638821,1.2324522928638821,1.1454266575668903,1.1454266575668903
2018-09-09,1.6059453409112694,1.6059453409112694,1.513099491503729,1.513099491503729,1.661571350974349,1.661571350974349,1.6200801414486345,1.6200801414486345
2018-09-16,1.5688839992497794,1.5688839992497794,1.4972793525339023,1.4972793525339023,1.180618357602584,1.180618357602584,1.2046465093940906,1.2046465093940906
2018-09-23,1.0059522219958374,1.0059522219958374,1.0905197288247261,1.0905197288247261,0.9216578188181251,0.9216578188181251,0.7584972916642424,0.7584972916642424
2018-09-30,-1.4353434042809383,-1.4353434042809383,-1.6246320772540688,-1.6246320772540688,-1.6952307980930355,-1.6952307980930355,-1.5837402985015898,-1.5837402985015898
2018-10-07,-2.8945213651255077,-2.8945213651255077,-2.869927917833994,-2.869927917833994,-2.883855984170493,-2.883855984170493,-2.91640727961668,-2.91640727961668
2018-10-14,-2.1814420471312728,-2.1814420471312728,-2.276819220786209,-2.276819220786209,-2.1866195321079758,-2.1866195321079758,-2.2343128103195906,-2.2343128103195906
2018-10-21,-1.9271172221183779,-1.9271172221183779,-1.9187353089871226,-1.9187353089871226,-2.2377580132337753,-2.2377580132337753,-2.2019066396874045,-2.2019066396874045
2018-10-28,-1.0194405180847588,-1.0194405180847588,-0.9370811526655866,-0.9370811526655866,-0.8455701674663676,-0.8455701674663676,-0.9093353833817126,-0.9093353833817126
2018-11-04,-0.6354908195904998,-0.6354908195904998,-0.6993570016847781,-0.6993570016847781,-0.6563405974317853,-0.6563405974317853,-0.7295799072595397,-0.7295799072595397
2018-11-11,-0.568982223465355,-0.568982223465355,-0.6402116605096738,-0.6402116605096738,-0.6708008185413824,-0.6708008185413824,-0.7155060436659311,-0.7155060436659311
2018-11-18,-0.6497457594062014,-0.6497457594062014,-0.6092411878401165,-0.6092411878401165,-0.530191108371687,-0.530191108371687,-0.5147166129784168,-0.5147166129784168
2018-11-25,0.21520130574622534,0.21520130574622534,0.15451499926232248,0.15451499926232248,0.08672190760231942,0.08672190760231942,0.16279622508940586,0.16279622508940586
2018-12-02,-1.1522316870590623,-1.1522316870590623,-1.2293033121438959,-1.2293033121438959,-1.272237398700477,-1.272237398700477,-1.1287509170547512,-1.1287509170547512
2018-12-09,-1.154846209308096,-1.154846209308096,-1.1657012541787433,-1.1657012541787433,-1.2300626856013088,-1.2300626856013088,-1.3063280190634734,-1.3063280190634734
2018-12-16,-1.9801552504359525,-1.9801552504359525,-1.9587785930959578,-1.9587785930959578,-1.9230924050544094,-1.9230924050544094,-2.02605581240656,-2.02605581240656
2018-12-23,-1.0054546255863863,-1.0054546255863863,-1.0214916388982902,-1.0214916388982902,-0.8747535775919734,-0.8747535775919734,-0.9159562181108949,-0.9159562181108949
2018-12-30,-0.5631833676813548,-0.5631833676813548,-0.5129625799782338,-0.5129625799782338,-0.29732848693225233,-0.29732848693225233,-0.2512677050503235,-0.2512677050503235
2019-01-06,0.07654987529507529,0.07654987529507529,0.1193517422696959,0.1193517422696959,0.33760984822290874,0.33760984822290874,0.3050754264856613,0.3050754264856613
2019-01-13,0.9473221245604576,0.9473221245604576,1.1338341938664078,1.1338341938664078,1.1159376277786286,1.1159376277786286,1.155718241047614,1.155718241047614
2019-01-20,0.9879508273859796,0.9879508273859796,0.9514878972418237,0.9514878972418237,1.066511586380121,1.066511586380121,1.0325397619280199,1.0325397619280199
2019-01-27,1.3838141295549506,1.3838141295549506,1.4346724196860237,1.4346724196860237,1.4462589802674706,1.4462589802674706,1.4393706192381799,1.4393706192381799
2019-02-03,1.3142318082048392,1.3142318082048392,1.3078079288994406,1.3078079288994406,1.3133744420597995,1.3133744420597995,1.2553439078695332,1.2553439078695332
2019-02-10,1.4875677114616432,1.4875677114616432,1.5554087908540735,1.5554087908540735,1.4956116317551147,1.4956116317551147,1.5303592184812504,1.5303592184812504
2019-02-17,1.8410064263389605,1.8410064263389605,1.835307013108368,1.835307013108368,1.7968490824083054,1.7968490824083054,1.7501603896436244,1.7501603896436244
2019-02-24,1.6807804235908657,1.6807804235908657,1.6243553612431767,1.6243553612431767,1.5125073516440455,1.5125073516440455,1.5824195290266558,1.5824195290266558
2019-03-03,1.1834468135442853,1.1834468135442853,1.2715491084564414,1.2715491084564414,1.2085559740780785,1.2085559740780785,1.2716325912997355,1.2716325912997355
2019-03-10,1.4473380798746933,1.4473380798746933,1.435250561507158,1.435250561507158,1.4386205251834805,1.4386205251834805,1.4219929899826782,1.4219929899826782
2019-03-17,1.119676469457851,1.119676469457851,1.0952483019419637,1.0952483019419637,1.0868840171214857,1.0868840171214857,1.0540133474714413,1.0540133474714413
2019-03-24,1.291692234255508,1.291692234255508,1.2749082553541569,1.2749082553541569,1.3321202054415506,1.3321202054415506,1.3043030112249414,1.3043030112249414
2019-03-31,1.3754522177042179,1.3754522177042179,1.3228812013815026,1.3228812013815026,1.3823463202721236,1.3823463202721236,1.3086904051066868,1.3086904051066868
2019-04-07,1.1808723822423215,1.1808723822423215,1.1293038105757405,1.1293038105757405,1.1930537824001914,1.1930537824001914,1.0977913878698564,1.0977913878698564
2019-04-14,0.9209223222242765,0.9209223222242765,0.9475155293722983,0.9475155293722983,0.9461438470106648,0.9461438470106648,0.9847333544513305,0.9847333544513305
2019-04-21,1.1059990443660266,1.1059990443660266,1.1952448833874676,1.1952448833874676,1.1832728468897418,1.1832728468897418,1.1837287470840372,1.1837287470840372
2019-04-28,0.9944480931726843,0.9944480931726843,1.1138710751651293,1.1138710751651293,1.0626597287758146,1.0626597287758146,1.1434810046966823,1.1434810046966823
2019-05-05,-0.21697763282292892,-0.21697763282292892,-0.346026285216384,-0.346026285216384,-0.6083534587814613,-0.6083534587814613,-0.5738645635426519,-0.5738645635426519
2019-05-12,-1.2981505366696826,-1.2981505366696826,-1.4511797188202433,-1.4511797188202433,-1.2072271077288408,-1.2072271077288408,-1.4431197185290252,-1.4431197185290252
2019-05-19,-1.027327804473839,-1.027327804473839,-1.0962637155282173,-1.0962637155282173,-0.9012680183625518,-0.9012680183625518,-1.0055945473321453,-1.0055945473321453
2019-05-26,-1.0779221752663453,-1.0779221752663453,-0.8041496432992822,-0.8041496432992822,-0.9054425180767771,-0.9054425180767771,-0.6938712013956456,-0.6938712013956456
2019-06-02,1.1128267154145426,1.1128267154145426,1.1108906929461235,1.1108906929461235,1.1688589840742216,1.1688589840742216,1.0574555771491518,1.0574555771491518
2019-06-09,1.1723330500419813,1.1723330500419813,1.0130058122477554,1.0130058122477554,0.8539603328458916,0.8539603328458916,0.6913051525407671,0.6913051525407671
2019-06-16,1.4688500720043323,1.4688500720043323,1.4410722451626543,1.4410722451626543,1.458160031741186,1.458160031741186,1.3552698795318436,1.3552698795318436
2019-06-23,1.5362825782681035,1.5362825782681035,1.438932694590925,1.438932694590925,1.276742183559251,1.276742183559251,1.3192226977103405,1.3192226977103405
2019-06-30,1.2544219491422455,1.2544219491422455,1.1726124381635286,1.1726124381635286,1.2186274138372661,1.2186274138372661,1.1386849524619773,1.1386849524619773
2019-07-07,1.1997423049951592,1.1997423049951592,1.1324750324707877,1.1324750324707877,1.1886412484568147,1.1886412484568147,1.1234886925633003,1.1234886925633003
2019-07-14,0.8288301098223049,0.8288301098223049,0.8470268590621112,0.8470268590621112,0.9599916208198775,0.9599916208198775,0.9224706143794943,0.9224706143794943
2019-07-21,1.113810276506199,1.113810276506199,1.1108554003196274,1.1108554003196274,1.1571082191135096,1.1571082191135096,1.1474257219501942,1.1474257219501942
2019-07-28,-0.42250738325037834,-0.42250738325037834,-0.39871771304967146,-0.39871771304967146,-0.8723146104330403,-0.8723146104330403,-0.7567461115455978,-0.7567461115455978
2019-08-04,-0.2058570404749954,-0.2058570404749954,-0.18120767159078266,-0.18120767159078266,-0.19422401913854961,-0.19422401913854961,-0.2755220341427103,-0.2755220341427103
2019-08-11,-0.09125417871673959,-0.09125417871673959,-0.18186680489068396,-0.18186680489068396,-0.10417181653210018,-0.10417181653210018,-0.09876780643701522,-0.09876780643701522
2019-08-18,-1.0477714632072999,-1.0477714632072999,-1.2254870074875206,-1.2254870074875206,-1.0798534213656135,-1.0798534213656135,-1.1138320981439014,-1.1138320981439014
2019-08-25,0.04475086480578511,0.04475086480578511,-0.02978416185256706,-0.02978416185256706,-0.1585644428643946,-0.1585644428643946,-0.258098158959715,-0.258098158959715
2019-09-01,0.846564989455544,0.846564989455544,0.805133409059852,0.805133409059852,0.31759541294119253,0.31759541294119253,0.26644396855854313,0.26644396855854313
2019-09-08,0.6310205341836724,0.6310205341836724,0.5892410988590987,0.5892410988590987,0.5172164625967307,0.5172164625967307,0.507687640114181,0.507687640114181
2019-09-15,-0.2337299532326006,-0.2337299532326006,-0.05229907087329551,-0.05229907087329551,0.1438713404074528,0.1438713404074528,0.22690686199027313,0.22690686199027313
2019-09-22,-0.13408662311735092,-0.13408662311735092,0.22659493574346917,0.22659493574346917,0.21944880425136717,0.21944880425136717,0.5085297751092219,0.5085297751092219
2019-09-29,-0.5152599973669201,-0.5152599973669201,-0.6227991553292139,-0.6227991553292139,-0.43110385779418847,-0.43110385779418847,-0.5747154962305362,-0.5747154962305362
2019-10-06,0.1879880780967639,0.1879880780967639,0.20704049149761883,0.20704049149761883,0.37481289920804906,0.37481289920804906,0.2883922217385754,0.2883922217385754
2019-10-13,1.7902600317345838,1.7902600317345838,1.7305978509428748,1.7305978509428748,1.7560721690728494,1.7560721690728494,1.793712794792121,1.793712794792121
2019-10-20,1.9581234172257853,1.9581234172257853,2.031638540486968,2.031638540486968,1.961183722907383,1.961183722907383,2.057582384630508,2.057582384630508
2019-10-27,2.181268423494831,2.181268423494831,2.195123759868454,2.195123759868454,2.0762530185138757,2.0762530185138757,2.10025181232186,2.10025181232186
2019-11-03,1.320341132194416,1.320341132194416,1.3593350470086416,1.3593350470086416,1.417607525191508,1.417607525191508,1.4151197379196636,1.4151197379196636
2019-11-10,1.6123119769244534,1.6123119769244534,1.6080209882682275,1.6080209882682275,1.6693833318342464,1.6693833318342464,1.6581305250126135,1.6581305250126135
2019-11-17,1.5464505921503806,1.5464505921503806,1.599210430559457,1.599210430559457,1.6155532275940307,1.6155532275940307,1.672629311241771,1.672629311241771
2019-11-24,1.5006049311536758,1.5006049311536758,1.4142378473148158,1.4142378473148158,1.3772034619556233,1.3772034619556233,1.308208658611217,1.308208658611217
2019-12-01,1.5653880905200837,1.5653880905200837,1.5534064388566164,1.5534064388566164,1.540929521071437,1.540929521071437,1.4935573714495922,1.4935573714495922
2019-12-08,1.8555728805895277,1.8555728805895277,1.91237241987487,1.91237241987487,1.9253219029126736,1.9253219029126736,1.9374374349440266,1.9374374349440266
2019-12-15,1.6422247083304808,1.6422247083304808,1.5800212750197087,1.5800212750197087,1.6145133529269866,1.6145133529269866,1.5862681654916948,1.5862681654916948
2019-12-22,1.6042347552868317,1.6042347552868317,1.550577484824569,1.550577484824569,1.476315778663797,1.476315778663797,1.4476080251891643,1.4476080251891643
2019-12-29,1.1506114013119964,1.1506114013119964,1.2228710592781327,1.2228710592781327,1.2259882950431755,1.2259882950431755,1.2372617452529906,1.2372617452529906
