Date,SRE_Open_average,SRE_Open_max,SRE_Open_volatility,SRE_Open_change%,SRE_High_average,SRE_High_max,SRE_High_volatility,SRE_High_change%,SRE_Low_average,SRE_Low_max,SRE_Low_volatility,SRE_Low_change%,SRE_Close_average,SRE_Close_max,SRE_Close_volatility,SRE_Close_change%,SRE_Volume_average,SRE_Volume_max,SRE_Volume_volatility,SRE_Volume_change%
2016-01-24,1.231379081330837,1.0928169807984038,-0.29996294854860406,2.5877003031615424,1.3403077967174022,1.428208679228659,0.17918570082024834,3.086155165023585,1.352059736708353,1.2483615129208185,0.10655986262178714,2.779594506213224,1.3643136944844063,1.3220875464739192,-0.27037932030043393,3.7410540013012383,-1.072232267144775,-0.7129796289545319,-0.503636248117143,16.895480360729024
2016-01-31,1.2990936570984974,1.0697354083126631,-1.1874368334081933,-0.07373077733304527,1.3359122731619342,1.0758336920530436,-1.1172194843505505,-0.3763721902770512,1.2339387680883933,1.0112137652832132,-0.6134849706078859,-1.0740110591237826,1.2890470442313153,0.8386227797258738,-1.4740229310486648,-0.43969849246231335,0.04276392799303023,-0.08308144143632663,-0.022435175285659345,-40.87008314343511
2016-02-07,0.8843699207188125,0.9292408406005738,-0.5572392175543308,0.21108179419525366,0.9750348500692795,0.9187802666921975,-0.0654965633399302,-1.532249715291442,0.7530738660168524,0.7413675467563245,-0.8071750624168783,-0.8190618019359751,0.7761449247403115,1.1135926056245997,0.3651625470866772,-2.5338894681960444,-0.05989966864527468,-1.1265812207293147,-1.0991975258893512,38.979162640188285
2016-02-14,0.7057501007392551,1.23685485373928,1.1114186754703075,3.8907196768364094,0.78630441672735,1.3432228253110985,1.1035733831938512,4.969927192149423,1.0035151714593624,1.4191924374062768,1.1392382693780965,4.695036981455671,1.0923561148084782,1.3277290591608746,0.6110929914466735,4.563744176196528,-0.6696981591923615,0.42810368144433303,1.0284767027880934,10.718473984461333
2016-02-21,1.4775233834511436,1.2357476154168896,0.7853127173419251,-2.7324632952691603,1.4281159718806995,0.8232541723887463,-0.6349512020356615,-1.632406287787173,1.3916066160275364,1.0034854657699182,0.13175145542188688,-2.802209040703615,1.288196962202097,0.8486994900678789,0.2312463613648591,-2.347465344531006,1.2142846697842988,1.3275643283595777,1.2515096644919856,102.52343628028444
2016-02-28,0.6489332224439303,0.5167640970402111,-0.45064694410230965,0.010285949393134248,0.5124792214302298,-0.012259100396462039,-0.7976270405709781,0.5136106831022086,0.45496579937091464,0.16419202869239943,-0.21279004097820192,0.12481797378823024,0.6843426684499503,0.2749374370769537,-1.3665708333697348,0.8594801698250104,-0.7475210526914576,-0.6938150768434814,-0.5496575876101182,48.4394525100861
2016-03-06,1.0502075892209344,1.1263467561980447,-1.1179991534495157,1.927216811891348,1.1135616680275122,1.3268206061778793,-0.4718778128268546,1.7547418602292215,1.2236663688905622,1.2807931867563818,-1.1919465529052098,1.7417293620529708,1.2817915416940884,1.466449343678496,-0.883176086632788,1.7592027659141651,-0.9998496633228262,-1.1185431443022593,-1.078469296173437,-26.690160989507646
2016-03-13,1.426773810576747,1.4733130638713916,1.0335579780716617,3.884472174700613,1.4250530804305612,1.4481102056607318,1.486766171628681,2.9385396951887666,1.3899308055685748,1.4435161367735772,0.8743365212378453,2.8781322330683303,1.4257021344957719,1.429179686086747,0.6371930928643132,2.6946107784431166,-0.11862852902873215,0.4609968935879162,0.5283872424777718,30.786510172234035
2016-03-20,1.0107195252694616,0.7473549072274632,-0.9660683604269553,0.7847753580537543,0.958286876404816,0.7310244801446433,-0.8924460107194024,0.2811439650993621,0.9968691634347746,0.8102528813731185,-1.1192927581218204,0.4919323101141283,0.935006921428417,0.717581313257617,-1.185763313268945,0.0,-0.9421551154560851,-0.5886941359652889,-0.10475923714044563,-51.267177386147566
2016-03-27,1.130668263700861,1.1201461244053705,0.24826065202045006,2.6341368584759017,1.1196785145196146,1.1013168816916343,-0.22663607752380097,1.24616564417179,1.1086772564313752,1.1490414101547406,0.3825167098969463,2.5505716798592784,1.111300410864603,1.2225537600852652,0.43547051140197174,0.9409505520883242,0.29261877072848697,-0.08202159556542127,-0.16851414622092997,45.0452196722693
2016-04-03,0.6443571851041411,0.40440033814514326,-0.5296900475340042,-0.21999043519847344,0.49949608991076117,0.25340641848520973,-0.34144033490411285,0.21980122324159398,0.5774682822047917,0.2954123125991252,-0.602912095327406,0.1554001554001659,0.28969662375657784,0.1477092823811302,-0.7149236987439382,0.2328288707799717,-1.0257118156000566,-0.9920065261513511,-1.1448092926495588,-25.536397326256598
2016-04-10,0.6161311763665903,0.19368120607660688,-0.8883296813188185,1.0335168550178626,0.34655447203403217,0.12141934668472201,-0.970022300385124,0.3646133179811893,0.6646518412150084,0.10897065742602777,-0.9505804170249019,0.5144632110269862,0.5906541229832235,0.17207689552953276,-0.7765669459988148,0.37467576136036174,-1.1896958866169105,-1.0237804949246896,-0.8573065419694909,18.65073496138114
2016-04-17,-1.4249719663792269,-0.5320091171468396,1.2219975321997334,-3.2711621233859414,-1.3744554804445157,0.2303128729872023,1.4382612029120316,-3.3644681662218843,-1.432353090071989,-0.34204200249683125,1.1391650537444133,-3.2649523259173656,-1.377973806669032,-0.661694933706167,1.2604589514277786,-2.792438345648207,0.060324695119791466,0.06751667795705785,-0.06893137598846717,-12.043993643474616
2016-04-24,-1.0668983752648542,-1.4986161209700548,-0.14110203326738663,1.7904574520413117,-0.46105943794356014,0.5928507147117202,0.5459414853263599,3.1739811912225657,-0.7275320941418599,-1.4759718485339695,0.2750567728770399,1.9017432646592733,-0.08305493215358245,1.254044272500824,0.8444678594850646,3.646245059288536,1.094901096387046,1.40613818381448,1.465711052718257,100.41282359755827
2016-05-01,1.1497400621539424,0.9632005773061152,-0.8776924129989151,0.16232216174926162,1.3068415817278412,1.4540999895677797,-0.4554545248136729,-0.2089070363688148,1.0934882253729334,0.9626522562672908,-0.8562343083543745,0.03840614498318967,1.0643950507652593,1.2645353183582175,-0.8305763985422036,-0.24787873009820302,1.3368142815755677,0.9638508259286375,0.8764363165182247,-47.27127019032608
2016-05-08,0.9153761413491159,0.9048046497554116,-0.6660014140983281,-0.4193271704946268,0.7600654967136461,0.07641591833173131,-1.158205841969731,0.0,0.9346566982308542,1.097436906726743,-0.6800653852793077,-0.3739930955120834,0.792315301435037,0.692165225660669,-0.8162579766436149,-0.047773743550541904,-0.8516346649795938,-1.033850968662715,-0.8529474030479793,7.0444280118314815
2016-05-15,-0.39686006816160624,-0.39939230943476767,1.0780587223918727,-0.28796314071799894,-0.6765878715186947,-1.1170711877066033,-0.3450564844418097,-0.68827071981646,-0.6108890627690001,-0.6887817306895317,0.6181485200028786,-0.3296809851643452,-0.8326765774194228,-1.397444467143704,-0.09251784717849534,-1.1059819195999283,0.6467531694438851,1.2259374045440876,1.329468936244523,-36.32417318609315
2016-05-22,-0.22879772618997563,-0.0880999119218893,0.3559066436466334,1.6387084262581186,-0.013408008144308136,-0.32566657280463834,-0.5445238472344064,0.977105086694124,0.06630697424721554,0.3202071625594749,1.065581318508654,2.2836420660590004,0.37360937020066753,0.4471948172422798,-0.25386795923945255,0.977667018115591,-0.9243296806210095,-0.7473207704592548,-0.4857217033131107,-51.7255278687239
2016-05-29,1.3552184682670123,1.4597453763439714,1.2630717749210139,3.3880611179652584,1.399947598529532,1.4571666716593792,1.4316890071269126,1.9295302013422757,1.3496417091748647,1.410565616991661,0.964324573908944,2.5916081260679604,1.3715952376380374,1.4424260618717357,1.385348707498088,1.783047050037338,1.139243188666211,0.4592041044269935,-0.05296767539994594,-17.046631458057803
2016-06-05,1.221095975974002,1.006834496341722,-1.0425758011054378,0.4777655273796362,1.1362061952455573,0.9222355843898252,-0.730047277015072,0.36573100484592796,1.1842818240865023,1.0083725251019664,-1.4193905670307474,0.4608294930875576,1.094428526315223,0.9387240218717686,-0.49511159351426026,0.6532339681663519,-1.0228068910255692,-1.0842855794902326,-1.1330845396489309,2.8938664413053656
2016-06-12,0.844829874496126,0.6838674422659642,-0.7022795062939022,0.5667276051188211,0.7659567477255192,0.5855708737466927,-0.5847315155502775,0.2633729906457236,0.742322289489484,0.627592668382405,-0.886849501840537,0.07345514645119668,0.7429942604002631,0.5993027039643125,-0.6632321718973567,-0.6994912790697638,0.03021405906389607,0.16737148364022972,-0.001469492472791891,9.261329467814504
2016-06-19,0.7019178510385556,0.984095651692165,-0.42500044854788593,0.6948889092072698,1.1234709537168106,1.4517695297409416,-0.30315921150880526,0.8025971683650469,0.8124635309743142,1.1222112352901283,-0.4730966495234301,0.4672041040674287,1.0986212500433774,1.4127501813547017,0.19039656107717895,0.8601955813111217,0.04486227635256982,0.28147202971220947,0.5478778059214339,43.63941380537978
2016-06-26,1.466257667257461,1.4879783190478888,1.4972826115079594,3.1591298853687158,1.3328329694778986,1.3959156464538136,1.4877915229779692,2.6377175668401334,1.4453481138795687,1.4725347852715274,1.4993568805025352,2.6553517656720467,1.381810741835033,1.4108634064235257,1.4205267232644936,2.7616805505251696,0.9626059222850122,0.7365304320540356,0.613456314132872,-31.68435699198847
2016-07-03,1.2588055324645806,0.8422831731686347,-0.4263204385226417,0.5643241336742797,1.1991424692708872,0.8929373915363814,-0.7572151585822853,0.18398458033992796,1.279270502406199,1.0524529579382382,0.056447804290471325,-0.07067137809187128,1.2066821022356329,0.9475431238057104,-0.4524369505708579,0.6073943661971937,-0.29250962428932825,0.661830372924383,0.4527412467041684,-0.8805040160563079
2016-07-10,0.6775814802475465,0.31720995950805614,-0.6844779717638652,-0.7208791208791149,0.6159569414098456,0.4485011557330865,-0.40137370190734306,-0.8564187713012357,0.6875590094876122,0.5585101530034527,-0.20700121052040985,-0.08862891075068184,0.5142548558915722,0.43892657540637786,-0.7574762988925879,-0.2384737678855291,-1.3190648618420657,-1.4830471934790996,-1.4900799864514795,15.93475257400332
2016-07-17,-0.2854683379602741,-1.260192803776916,-0.1302183881346991,0.3008583311211301,-0.41019061749010705,-1.3913659096144737,-0.25861609603566993,0.22075055187637968,-0.11461558055954697,-0.14158626167505503,-0.256973314099434,0.4826599928494872,-0.3848775901584289,-1.099999999999994,-0.19967700550995893,0.5253316712670318,-0.018930224661065396,1.3633035169535663,1.472235433211319,-81.44574701240572
2016-07-24,-1.2940340413915496,-1.1089806994976175,1.1535444072455585,-1.185735775595083,-1.327091675440196,-1.341587179056843,1.1027286769965958,-1.016799292661354,-1.378712796874281,-1.4238701565589518,1.380850604967704,-0.6337588146032384,-1.3235744185924363,-1.4243292163549484,-0.06284646509051312,-0.66749733001068,-1.3453295216629175,-0.9610729147482412,-0.6466004868046192,2.956569540128938
2016-07-31,-1.366022475164267,-1.444917175936748,1.4062069758731255,-3.741007194244601,-1.3409506261927435,-1.3699137182799115,1.4686968796903952,-2.6256631597877784,-1.375667353863426,-1.3986296925047372,1.4289969731649441,-3.13860667634252,-1.3945241621298057,-1.2959228519782422,1.4695922682949618,-3.4389385323585184,-0.11841914579212158,-0.2717445700050174,-0.08609532070603697,109.80720585904824
2016-08-07,-1.3368965770899899,-1.419603414682966,-1.07054477285722,0.04677268475210211,-1.3280168306398068,-1.3775172571060499,-0.8208840773249311,0.4668534080298786,-1.249860941058076,-1.3712610456663692,-1.029989657979522,-0.1509576375129697,-1.2407968521716117,-1.3632072647532212,-0.7838320595319714,-0.4511702227653012,-0.806096891514029,-0.6164515738282792,-0.5765236461830013,-22.75612875170581
2016-08-14,-0.887463067592636,-0.6065481761100292,0.5529906261247369,2.3174423004161966,-0.7698828671717565,-0.6606280749118753,0.6663451112610287,2.540132200188855,-0.8718514784909664,-0.634859599034387,0.8777641489225477,2.731092436974789,-0.6769215576635981,-0.49792102539075217,0.8077979150373407,2.824427480916038,1.0736527015415935,1.0653978263166526,0.617053086657425,-1.1105684619363714
2016-08-21,-0.5417548756640513,-0.4283288423579283,0.1202943595628011,-2.691914972616732,-0.6536115752183927,-0.33575183402663605,0.6562064078037059,-2.9195063547614684,-0.7715343359438485,-0.6089939847952895,0.13977166271844754,-2.265281288027709,-0.9272790390505279,-0.7715108965788313,-0.2479239202053644,-1.9837185365397252,0.007332074771060599,-0.21964323770637048,-0.766921446523048,75.48550663644255
2016-08-28,-1.487579686551473,-1.409817751981176,-0.5232143135699654,-1.1529299666507935,-1.4804176650604162,-1.458260301076468,-0.9102111380697682,-0.4555376293062579,-1.4467678619052824,-1.459938819268227,-0.9665424639963368,-0.4627844195912109,-1.3874788752630902,-1.333800653263664,-0.8542443624105744,0.2402691013935608,0.7062445956270478,0.1448514108258351,-0.9447803887785193,-17.430710507125802
2016-09-04,-0.5767941125961316,-0.3334124192699199,0.7989041034917496,-1.902485659655827,-0.22094575368077662,-0.09992698142422168,0.19125590511722776,-1.2059543998492568,-0.558495383102438,-0.21903335176696992,0.4360362474166908,-1.7468087148478677,-0.23250116044061475,0.19252835595456122,0.9477567096555422,-1.4704496182486588,1.462460657474443,1.4172937824241298,1.2979063957996484,14.85868045673919
2016-09-11,-0.4954944013954538,0.29996025840300905,0.8447596770034231,2.328478344193184,-0.26104278971592093,0.5264997541551267,0.9803107933057873,3.5645841318512828,-0.4737414486376294,0.6042117993769343,0.9943431780749187,4.248653940283885,0.1693159633805415,0.9330779109213151,1.10988769538923,5.2765044377255395,1.3956603278977706,1.4801656585536758,1.4779939556401511,45.979830421143284
2016-09-18,1.4920547352630915,1.4256519705524775,-0.16089215655820077,1.6731373636531597,1.4673300123349124,1.3363005470787104,-0.23844475722526504,1.3517216184126442,1.4931935474703886,1.3402384540541452,-0.40489582102851457,1.2573964497041414,1.4675928210755398,1.2496429441628496,-0.44058304896671574,2.158273381294967,-0.3859916990289457,-0.45937780602070893,-0.48432192560677334,13.163218735311947
2016-09-25,0.6290047681285437,0.7751893210939026,-0.1295279777020389,-3.0533659508924567,0.40973300267548984,0.7929802503493,0.9408060207237613,-3.725031491812129,0.3153244307184949,0.2535675729854302,0.18806652211740407,-3.1134173461823567,0.116713043533658,0.030091279176674764,-0.2350598673602073,-2.865594379737482,-0.6660767614147933,-0.4781838905842434,-0.473790878625813,-7.2367398321694525
2016-10-02,-1.06809813531579,-1.17601570954056,-1.035139400995556,-1.6986353659700364,-1.078960956922127,-1.310641289212994,-1.0648220049265007,-0.35308712663422515,-1.0485966520854075,-1.3229063086237538,-0.9973982731854182,1.0204081632652984,-1.1264794358066668,-1.3425442276217712,-0.9658391109726918,1.5478971962616856,-0.5523852403164657,-0.5596891267640682,-0.5733310946462021,-39.001695203541395
2016-10-09,-0.7441562164619591,-0.7985619113197209,-0.9028159205692322,0.23088023088022594,-0.8006775994255976,-0.8038162887571922,-0.5538622113776762,0.6060606060606016,-0.6889731953306695,-0.6833355277366759,-0.32429843857077983,1.692593679679096,-0.6843844501243902,-0.7864684657911736,-0.5977069740377907,1.6444487690960377,-1.4633815498899385,-1.4194970244775447,-1.3333209575176836,-32.037393282408445
2016-10-16,-0.0513176532300021,-0.39893110256943115,-1.3256158418332205,0.18060836501900926,-0.13281673568043903,-0.3148979871903635,-0.8101865743951832,0.2653273950535404,0.14843339499534802,-0.09770225194692063,-0.9029237596799952,0.7025986525505195,0.12485036683922317,-0.18903317112276874,-1.034768084005673,0.1427755568246635,-1.2549245840724634,-0.9951576462198384,-0.660985026523914,71.00245305188514
2016-10-23,0.9413106330564553,1.3598569126929658,-0.28751627907521465,0.6476807314982445,1.350227840499457,1.470407119713484,1.45963648738256,1.1368974913088354,0.8825107111183329,1.1331842980305828,1.0973588291489218,0.5913773368943059,1.1012318302678985,1.405199884499247,1.1303957114877778,0.6484352974344495,0.34004561766784386,1.0142372211669441,1.3116130534597101,75.7310039788593
2016-10-30,-1.2603519557427845,1.2966484982258843,1.4733936985733016,-4.070961718020541,-0.8833654705660544,0.11296746228648441,1.160151014602709,-2.791783380018669,-1.37150792980024,-0.1759605892415203,1.4511698173146679,-2.4966519992347416,-1.294310672767353,-0.5544159532159296,1.3944099133161687,-0.7439198855507879,1.4634837732497297,1.4723103151688832,1.4654003056559453,34.53471042708516
2016-11-06,-1.3806452720335367,-1.254988814226694,0.900320919944914,-8.001921229586934,-1.3922356538401053,-0.9634382995461374,1.1906692106092887,-8.738326662854966,-1.3290836306756662,-1.2288243177385583,1.315608106535906,-10.383725414577707,-1.3439839968202962,-0.875444860358854,1.2940467946133096,-9.235485725234721,1.1252642018422696,0.7239180737255406,0.8336589799200382,413.5310114107811
2016-11-13,-1.0623669348926321,-1.3663034438352222,-0.2310745568128554,5.161019616070494,-0.9278598703071053,-1.307315439873333,-0.9330194215140003,2.8290282902828934,-0.7647500736644903,-1.4486735748601214,-0.3705197849513283,4.2277279915656365,-0.708453966194323,-1.3818915392438238,-0.7069575977199846,2.7408552292632633,-0.16773992549955932,-0.7535976175335332,-0.9786848289788654,-33.11624650225322
2016-11-20,-0.22455075253076487,-0.844021106870011,-1.3381662811211175,-0.3001500750375159,-0.17381751924517883,-0.6234574381338089,-0.9677308988432314,1.0123064708217506,0.17145254784462532,-0.7880296817025731,-1.0648809013568312,-0.010034115994371769,0.026600243128375032,-0.5442759902037068,-0.7728896329817244,1.0579898193432502,-1.257971078581186,-0.9127754695000899,-0.5708660746994346,85.25721785307671
2016-11-27,0.8101687875507069,-0.07185562475170611,-0.6101512555482769,-1.4574657941701357,0.948539366243988,-0.03579126576609346,-0.4121615482501148,-2.7937872423561583,0.9322176726318513,-0.27399236513205066,-0.6288279917826337,-2.017175953664865,0.7960190313059263,-0.21312389141883847,-0.5578109442060479,-2.3304038708403274,-0.8441891268842846,-0.7420068938901867,-0.6422929163241707,-22.659317091462906
2016-12-04,0.16465843142417785,-0.2643110279558374,-0.5329508447089084,0.8951921142627244,0.36210353421351954,1.0968480426734246,0.9408955190911671,3.2642435165715336,0.47520080159143985,0.8764046476274612,-0.529097654338925,1.6330256618318282,0.9413050353715791,1.278069667097386,1.4736729173694632,4.388810054733426,-0.4386461256367812,-1.1512632647806722,-0.9121468147700027,-8.95369235594216
2016-12-11,1.4677112829612562,1.4350304274963457,1.3991218167890322,-0.4447882421195203,1.4929411316412038,1.3490314502638714,0.7704573311251608,-0.6972301814708729,1.4976315884056215,1.4839755409418138,1.4724066900233155,-1.2199845081332352,1.4758538958658767,1.1915990506832002,0.1964061794556826,-0.4328171587958092,1.354426101301779,1.2540053500354857,0.8212671866288925,21.696490802751605
2016-12-18,0.9581987252109633,0.5916739776116814,-0.8180992827988245,-1.0265349602944047,0.7645275702747771,0.3101015527328646,-1.4339959423642694,-1.2426548502071149,1.1017260276187801,0.7533901814767221,-0.6876145811128388,-1.51588766883685,0.8465827050224061,0.23669554344216864,-1.1464606522915923,-1.3870029097963072,-1.2816983226618281,-0.854855100161564,-0.4578083333021957,-39.701877434274586
2016-12-25,-0.2985779024078476,-0.49035961540784523,-0.6339547412960764,0.16868426275054746,-0.564214607937943,-1.3197383584417148,-1.1574827465501614,-0.15774425712314974,-0.36385482403839564,-0.8158819771297071,-0.9838057262828394,0.01993421708362008,-0.652117846202643,-1.3864653853325613,-0.8717201696558122,-0.5828311765287004,-1.0970345568635491,-0.773567263302418,-0.6004050696164759,101.37823321342798
2017-01-01,-0.20800602217153646,0.004513672309206853,0.011581831837821292,1.9815713861091844,0.060693472625796975,0.16217733802412118,0.3604666193045172,2.3405095793007997,-0.36155922157588244,-0.48972654067547844,-0.29989955460114825,1.4321482223335071,0.14890254838859504,0.10037258236501406,-0.18594397919451422,0.24720656580638786,0.8579284572213965,0.6820752834683622,0.43640486378350635,-9.740213686071263
2017-01-08,-0.3466808408500795,-0.3653649484220494,-0.260644941365587,0.544338875692792,-0.03565504979864498,-0.05715063326824647,-0.08285714285714112,0.6194690265486681,-0.0972583645161905,-0.16440080089286357,-8.685833281334929e-15,1.0790288740133862,0.1492787140661611,-0.251632721497963,-1.1000000000000003,0.7025529388482028,0.10235770948723323,0.19012876301686307,0.31621579774090924,-31.59576573437104
2017-01-15,1.350365317050635,1.1467967535225054,0.37780620019766764,0.6177076183939697,1.1851851655982835,0.9973057662377326,0.028568785595150352,0.0,1.393347990324446,1.4116235990131945,1.0806245693616,0.2950432730133725,1.203334643229093,1.1606481522600034,0.6897409472094712,-1.1605415860735036,-0.19156899422845836,-0.4360910813992299,-0.8268148847041056,56.40431249392949
2017-01-22,0.39131655572330526,-0.2997811017585254,-1.141036864406283,-0.3134182174338817,-0.40116606518312337,-0.7010176816781912,-0.5222261487354496,-1.0788220429584987,-0.04892489520682448,-0.08947365361183687,1.2016762242496466,-2.1203494650044283,-0.23160850110784564,-0.2981680189895049,0.6869039877509948,-1.801889549040624,-0.3792752717908884,-0.6704853255645311,-0.4027105191844409,-6.288971942235881
2017-01-29,-0.2033805120326124,0.23725859439270813,1.2009149661341458,2.0509263846229997,-0.052393276977113455,-0.13020040516801398,-1.3642421653826986,0.7511462296361291,-0.003308471912712507,0.36712981148942814,0.49433435783164953,1.301669316375201,0.3760603788227811,-0.0763338656528269,-0.3658947083736025,0.20509815411660684,-1.4738033454567132,-1.245668256978872,-0.7268741554459838,-51.254052479610955
2017-02-05,1.2861404089728345,1.2765381858819747,0.5203519974184115,1.6950803701899608,1.283561348232019,1.272598037898304,1.473759493663568,2.1950271950272,1.34674893512156,1.1930562927679513,0.8875293732956251,2.1549613086492343,1.384049972465181,1.3532003700616568,1.3862173129695174,2.545099951243296,-0.8862622875762282,-1.1885229847282328,-1.2798538884026776,0.9947142329450104
2017-02-12,1.2886742389872683,1.2939870447708621,1.0085972664249472,1.097747231767842,1.2108521064448683,1.140247466817898,0.3485602941569364,0.9223162498811436,1.1646177159331383,1.0411410286262657,-1.3917982186889937,1.0307292168384483,1.1996052785888542,1.0757940512863833,-0.5028865168920839,1.456915556407549,-0.26350305424027093,-0.39094771707915693,-0.6363425903344936,54.991711691716546
2017-02-19,1.3294451408499184,1.3360330410570533,1.3705086105082485,3.285362620715772,1.3358839498038704,1.3221900924786874,1.019741242724214,2.230134932533729,1.3244570760523127,1.3791694818425777,1.4025553899687255,2.8774928774928785,1.3239057570720596,1.2901651532919671,0.8587075193150597,2.1882043576258434,1.4521490859216137,1.2766526089917476,0.6445455978651174,13.115479279775114
2017-02-26,1.1707258443912691,0.9827858832366586,-1.19942297407184,-0.15580606727156238,1.1756628884763216,1.1322336835489644,-1.2656873907049289,-0.8922938260477774,1.1320574494342546,0.9810549117589851,-1.2459944417179,-0.036808686850102385,1.1527649660055668,1.0851180714064041,-1.1685772215500005,-0.31734518088676084,1.4142534209055506,1.467931677979806,1.4805302887488232,-49.776713909047004
2017-03-05,0.6862013085348765,0.6037019876452189,-0.6677986644040014,-0.35522360870753306,0.6344612237477045,0.7267247024854591,-0.25211863543207674,-0.9908124662222972,0.6972401688037438,0.7601271646876825,-0.12174598796916039,-0.4108838568298054,0.5812270117853666,0.7537161902388995,0.7769214335997632,-0.7415445831072465,-0.31360926492433017,-0.3191468221801165,-0.3495393688164792,-42.4695052706115
2017-03-12,1.0459337278765775,1.4152702204332561,0.2701685354013033,1.5101592531575978,1.050152277277187,1.0000446218559016,0.2172995709833051,1.2652466775896598,1.081583223043274,1.2590215710063053,-0.16559353924970255,0.8727606798346375,1.0035851700015805,1.040946896849535,0.003508419197915476,1.1267863686332027,-0.3204591235151787,-0.09930695437276107,0.19384882955344065,71.90360784149217
2017-03-19,1.2991806929531808,1.1171365846112151,1.018420209036989,2.3529411764705865,1.343912080245227,1.3809434986105567,-0.014492246307042492,1.407062197526445,1.347398613605967,1.2470455061592916,1.052752053932972,1.8493087979492775,1.3677102227215974,1.370895975686135,-0.7239480846173674,0.3055905087183077,-0.1442322423488674,-0.6881374081577066,-0.9402280063153174,-23.168037204103626
2017-03-26,0.46362670449093524,0.3980897121823124,-0.47943757730198805,-0.9147982062780232,0.09877733836603014,0.15298494022379552,-1.0143129365945438,-1.2479942948832283,0.4871992262382079,0.7520003045878426,0.8619355325027596,-1.9491601544956447,0.24068222677037918,0.5693603444224818,0.36354909177756295,-1.9719817970910984,1.1344042120120759,0.6155425612407182,-0.12301171288992957,65.39456177382195
2017-04-02,-1.143364969527553,-1.3849196032580462,-1.1674032733904087,-0.2818438039821693,-0.9910759477037225,-1.1934451753824566,-1.1630068797426987,0.018042399639161242,-1.155816484719809,-1.2352724899238423,-0.26111648393356346,-0.3281079110462992,-0.9549230530486169,-1.1646630150071806,-0.8611603329300598,0.2446095307120948,1.4739875065670713,1.4765451546883794,1.3968617642490595,28.927684282974237
2017-04-09,0.13774871875506298,0.034218761294874125,-0.4830045981542975,0.9321266968325802,0.0842192541121704,0.14445832827427363,0.23295745342990504,1.2719891745602263,0.25686080700046604,0.11882842792427363,-1.421352267977368,1.0934937124111563,0.5517165938336873,0.48200706763306383,0.3652039183801513,1.61115133960898,-0.4892296638211731,-0.4719034888861883,-0.4857963495067805,54.78783639965106
2017-04-16,1.2542090003477446,1.2045932940996664,1.4207184694443862,0.3471295060080112,1.3495702594613226,1.2506123702385303,-0.8134168873793727,0.9594882729211072,1.1781239718933045,1.1525625138713618,0.5467480637504436,0.23274550174559586,1.229227475829372,1.128266279891238,0.12167407098449333,0.7111111111111086,1.0529185831006918,0.788722951232374,0.5947486424919343,28.027093273884333
2017-04-23,1.1665378335436403,1.03331969266205,-1.1468790369212638,0.24798512089274746,1.0538213816643325,0.9071966585994221,-1.3193271331945067,-0.27269528501055795,1.1065239346508777,1.0079875682299855,-0.3877664767910788,-1.2148621087168487,0.9661635680156859,0.8653769505355581,0.5669286679631376,-1.6019716574245164,-0.764128552555739,-0.8596190836878559,-0.9267410591896058,16.109986223368235
2017-04-30,-0.17571756181337822,-0.4343533381087259,-0.35250498185614704,0.08930166101088972,-0.484032670041043,-0.7854058355870477,-0.587262204040451,0.044511706578827706,-0.09508128337225652,-0.389457576603751,-1.0597320950462281,-0.08068130883012409,-0.5153301845678736,-0.9263353826359736,-1.4992316557313785,-0.17834849295523705,-0.7250482007012498,-0.45865220095891684,-0.1512380711865183,58.65607198135936
2017-05-07,-0.8104758181994612,-0.9438098717430679,-0.600079896917656,-0.2949325230136726,-0.7266016142236772,-0.4188514002390755,1.2974513262805345,-0.5582137161084489,-0.8874357525079672,-0.9919404562317221,-0.7466073877439139,0.1799532121648397,-0.947785314969308,-0.9673804752832957,-1.0050669991922756,0.3855464897336973,-0.42050407984405597,-0.19399104395233865,-0.15153417046531295,8.687363233820241
2017-05-14,-0.7937251510401245,-0.39985103851489845,1.294357878965699,-0.4550321199143514,-0.6289473958429936,-0.06864298324210182,0.9357179367555876,0.4889758179231838,-1.0091448248203634,-0.5260498868123445,0.702889589167819,0.7777174896002889,-0.8855403967183592,0.2959157741064695,1.1331599214536079,2.033990236846863,1.4821976757288506,1.4764472549397936,1.464438619792709,60.75712548874267
2017-05-21,1.474718378172963,1.4962640041614437,0.8050039595937023,1.4165559982293001,1.4960045195839655,1.44438210899571,-0.5624222772655751,0.6489520301674953,1.4369956181335992,1.4947866802005945,1.2634079012498756,1.6205146469593033,1.4752699455413159,1.414647668496288,0.0519203288090254,1.0682440187163484,-0.09281378126254089,0.7024718348231835,0.8481568472107883,-76.60552527720355
2017-05-28,1.3454981287929968,1.342931476499497,1.3599508486978198,2.6315789473684257,1.3573761079705566,1.392045888931189,-0.018156825980048204,1.0637385262074368,1.312041059156195,1.324767162821742,1.3659849318828068,2.3296549308109973,1.3211600464499071,1.3466545114636976,0.4519742103832126,1.5303475704651657,-0.016648069765459267,-0.3418463337942339,-0.5403645608246074,-40.13819895225093
2017-06-04,0.8043265644149843,0.7809149412515685,0.2676727037919706,-2.1005187515945223,0.7045606078838543,0.8362927386257692,1.4038934969933745,-1.9389403860872527,0.6192107135153949,0.7665679402812243,0.945270418609176,-2.4899460939505524,0.5806888713655691,0.8172046708568375,1.1172662174940444,-2.0158879302981116,1.3518192570062468,1.425753170494388,1.2590522099337196,56.670256095838575
2017-06-11,-0.15641431426103364,-0.10064977187643309,-0.19651502018692732,1.4818688981868924,-0.2509009235674121,-0.2182486403087507,0.09306214566832244,1.4818688981868924,-0.26101300679698264,-0.3537007399329241,-1.0159031786976649,1.3699833143057891,-0.22742152508758065,-0.061483993800214805,0.028883564343938448,1.3368283093053746,-0.25672564395656533,-0.690867474212589,-0.836122616949351,-4.355324866405779
2017-06-18,-1.2454168315998595,-1.0937392560231147,0.6938260461950178,-2.7327586206896566,-1.2233058742778973,-0.9859129855397838,0.69195807200137,-1.7377838953888474,-1.2296881506470403,-0.8592988151859655,0.3167176186261122,-2.494802494802491,-1.2706610223669486,-1.2611378189413236,0.8173628271552454,-1.2811634349030383,-0.553127873285027,-0.49005730314454937,-0.43430533951888195,83.63565813995874
2017-06-25,-1.1249676248749265,-1.291826747348909,-1.1026914369842238,-0.4049652258121384,-1.0650738450495176,-1.1995282223929917,-0.8876318797344368,-1.3859832635983294,-1.147322802428406,-1.3211195115700876,-1.0598900591843794,-1.007334099142883,-1.165495344771377,-1.2976414267859444,-1.1982473961331737,-1.354203306366507,-0.7398185920001717,-0.39860477661956495,-0.0008815268247401284,-77.59025882717741
2017-07-02,-1.3562025541926719,-1.3833226714639961,-1.2844334750147999,-0.3679440007179492,-1.3979612478466763,-1.4181523663062963,-1.3457423645208129,-0.2864816472694784,-1.3348286034569061,-1.3232346929129786,-1.077179914700383,-0.08131550415612884,-1.295842859274727,-1.3163412522023075,-1.253078223830273,-0.3329134425049528,-1.372995329947125,-1.4851436183592903,-1.3201481321638777,-2.2916893786691963
2017-07-09,-0.5826102878203944,-0.574678053844341,-0.36277790551518807,1.0444804610120624,-0.5971737691612512,-0.5739935132998519,-0.031168128855610672,0.971747345690119,-0.5542644390430613,-0.46133638615813466,-0.04932187260465664,1.0320478001086373,-0.5159187897176544,-0.5135451919952673,-0.2911482533625359,1.046270406782715,-0.3014774170673673,-0.5971692954466599,-0.6455880269363927,-12.183744451618464
2017-07-16,0.8501511785949065,0.9951636845873865,1.1953403570914238,2.3057064007834094,0.7633741781478872,0.8660254037844377,1.1203218111871178,2.168888888888887,0.8424428401743093,0.8678743181457117,0.8233716017684903,1.161336430230478,1.0379264818227527,1.160668413562344,1.344940465470014,1.0071301247771796,-1.0107255876121939,-0.5815059317831677,-0.41017926123393356,54.4393861688169
2017-07-23,0.6885640434490291,0.23282374401629669,-0.6459632708941142,-0.19405486460262755,0.6370935892256469,0.3292453436910468,-0.812311422732297,0.19405486460262755,0.7502152247345004,0.457029619965448,-0.8382690735643302,0.062178006750761586,0.643597069803302,0.2715648242899153,-0.7210071248149642,0.22170982617949628,0.8130489740042071,1.4117446372215947,1.442924835231265,139.15730978351178
2017-07-30,1.2886267376838876,1.2992674907406772,1.286811273969729,3.698787717901064,1.3540325080555502,1.350605366903581,0.8886500011317016,2.314452275298005,1.3419570612823577,1.4350575471007976,1.3986049848993742,3.358440407620741,1.3482833836865575,1.2791348346762967,0.8198204298705405,2.2971438553585557,0.5881740837374791,0.1876137269129767,0.35309521484666023,-27.588260430778178
2017-08-06,1.2635044830483197,0.908963076330911,-0.29959956236445917,-1.179184824403995,1.0260278393695255,0.8345506291259809,-0.3688131612024659,-0.9695526450076548,1.1751742679851067,0.8973891564222854,-0.06670267269722521,-1.2755757212567496,0.9972836149826957,0.8913837151521348,-0.08884367285844097,-0.9022044429313032,-0.04428393725392172,0.11622595788752196,0.4620498650849504,17.509910249832625
2017-08-13,0.7059791383508996,0.3988356184114237,-0.4002968815611148,0.9248055315470988,0.8062155256175878,0.844729117194026,0.5063421116226718,1.5647712697734062,0.8033863059804213,0.47495743411104485,-0.3440052066410025,0.8210890233362168,0.7486161308200745,0.8019154786766002,0.6806328627911287,1.3698630136986374,0.6383086915274734,1.2012874346753972,1.3461439598753773,63.058354185146456
2017-08-20,1.345207801688972,1.477597542092353,-0.6594902182391947,0.9625939373469444,1.3936292971794095,1.2450139080614226,-1.0807576317023706,0.6735707670287086,1.3768923507967936,1.4965713379676913,-0.2271223734538677,0.6700593723494419,1.4305039399829653,1.2412928225492126,-1.3412639553490295,0.7862698681095642,-0.14820226586733065,-0.8533707620726055,-1.063247366150889,-36.473905728945276
2017-08-27,0.7659692766160512,0.7299083344084568,-0.7162899958158576,-0.8048964534249968,0.6310687585923607,0.6284186490607645,-0.38527719448569075,-0.7533902561526801,0.7389927909085813,0.7524505675835805,-0.9788205657470169,-1.0106965383643585,0.4790365622375672,0.42329613117473436,-0.7374648704842893,-0.7071897625862968,-1.4502832774292351,-1.1047355382345267,-0.8196404812474013,-31.32061904017508
2017-09-03,0.2513472097713765,0.21402993209815602,1.260560985745086,0.7623242419108855,0.47176518358528696,1.0920528857616478,0.9146050028553597,1.504394861392834,0.1939428115704487,0.4580008269554112,0.992340964603665,1.2701389480862628,0.569978106175534,1.3287317074227531,0.983619479436368,2.057123427405646,-0.21304594260885457,-0.47357441391935284,-0.46360462824214743,12.642052147036926
2017-09-10,1.1554981715393988,1.1790557747726211,1.3310492004316261,-0.5754795663052643,1.23825139432544,0.9400627896971917,1.352770458282496e-14,-0.6241158358991429,-0.141735106372759,0.04368520283301257,-0.11653964532983246,-0.3656773535164613,-0.0402774108903672,-0.08447570490881244,0.019723710066771722,-0.5746155146189005,1.2798002424380281,1.383593151100237,1.4876069276575916,31.0651925991116
2017-09-17,-1.4192814987334286,-1.351833402581205,0.575797866281701,-1.392781316348196,-1.4088206133773395,-1.4080638744115057,0.24565184222027844,-0.9816366252009788,-1.4824684859644348,-1.4968783229411249,-0.20873637749676605,-1.330263494499874,-1.4589407249630795,-1.2943424406628379,-0.16635427732566233,-0.5953393434257551,0.6140862690256874,0.4830791508876224,0.5285071637678441,37.972057392232585
2017-09-24,-1.2579095326196983,-1.1284960900885874,1.4669388320639931,-1.968167037480744,-1.284869748076145,-1.194455223513757,1.053026347478658,-1.5892002734107993,-1.3419512157358846,-1.2348274022566244,1.331985072485319,-1.9452573592701023,-1.296606063950494,-1.1925149508308122,0.29220723797192577,-1.9611216239463283,-0.6459214139755461,-0.8670680295516867,-1.35875767798721,-1.1270509269729645
2017-10-01,-1.1580599771756213,-1.277709826125458,0.41547807483733235,-1.5962111910191137,-1.1429543558678736,-1.243823572315817,1.0160445245052576,-0.7970570202329829,-1.2129649051257092,-1.288053686024025,1.3255269365387026,-1.188903566710695,-1.1326981500669564,-1.1784215003771135,1.1752165015926461,-1.0889610959866594,1.009816520399932,1.257481287626865,1.213699041384822,-8.841185373149466
2017-10-08,-0.1840072982841774,0.02357282598432054,1.1227596887136488,1.4254094732182376,0.02051833396347456,-0.0607267726561439,-0.5892373576963751,0.33184874683433363,-0.12904404000367722,-0.5786506863565908,-0.6718607858460072,1.2238382405108152,0.02569778803731565,-0.10490695960958106,-0.07054568145870492,0.5711273174589153,0.38973958059452485,0.24898236790424289,0.5564033635979082,-58.313328682312886
2017-10-15,-0.38979393085032776,-0.7387960357385988,-1.3853164593202065,0.043752187609377984,-0.38847879091907783,-0.8274213739648456,-1.429118029953615,0.07854088489397278,-0.0058431392602856114,-0.5315801157367919,-1.0154321371853376,0.42264682574623935,-0.1987025187132396,-0.926293358655193,-1.3924296029560983,0.3419852683269033,0.6477600632162844,0.7066052830187523,0.81707691804931,35.59492962066672
2017-10-22,0.936960354843395,0.4145814956421181,-0.7555993443301489,1.0415754923413547,0.9899282391192726,1.225136269099976,0.9053725816861337,2.3385203859862624,0.8040362687982499,1.1054272178538884,-0.47033468574598275,0.07894044382070799,1.0954048365727302,1.3078642053091334,1.0993761507831326,2.1659707724425967,1.3007685736762813,1.0278317145675469,0.674558651651279,120.44417237001215
2017-10-29,1.4463441829815404,1.3937892369883387,0.4851596118856053,1.4625850340136046,1.389775580817756,1.1744867653095106,0.22388207351673067,1.246079511740272,1.476863037200825,1.4840749623954126,1.3972833020723923,1.4895984932796806,1.3954332786990593,1.1639252456395648,0.13136709649561246,1.1659574468085143,-0.5522809794758772,-1.0943608303753753,-1.3701121274855461,-26.220693929782573
2017-11-05,1.2573084164949129,1.1413036185558512,0.7520779794875877,2.008572148920078,1.2752135333760501,1.1813144986398108,-0.35681005285497064,1.1997352308456088,1.2891530340481725,1.1965433285829248,0.7195686639718161,2.0750738085196185,1.2799036146530913,1.19702392183254,-0.762671306290523,1.1948224361101871,-1.2076901764626247,-0.6344153541901331,-0.3800193313695352,-28.317569012709217
2017-11-12,0.8606990515793125,0.9408607169344119,0.9962328345747381,-1.7181848076290722,0.7491114777119979,0.9586686476846911,0.8394729168715295,-2.226390474637093,0.740176091534428,0.8371864959497802,0.8282771793130893,-2.3527476143468244,0.575582429856215,0.8912531901537234,0.9414658392484674,-2.806185060950672,0.8422506824080526,0.07780573034549472,-0.569072287173036,-12.6913153246465
2017-11-19,-0.32594734521916763,-0.9087065270275639,-1.45815768154071,-0.05041169551336101,-0.45606619396928133,-0.7973437302061072,-1.2283727189206552,0.268163915193168,-0.3189347357567791,-0.8636984850624481,-1.485592955773174,0.06753904601097366,-0.46009633403772715,-0.7252232660371194,-1.0638610137809241,0.5133815855916628,-1.1643085174677306,-0.9421594046966216,1.2023958105820103,-34.8268837606624
2017-11-26,0.07310037602727583,0.15429946943472342,0.21448600539168325,0.5602006688963225,0.3222668234144841,0.04527482720196255,-0.19106226096703388,0.9296920395119156,0.12906429369274125,-0.12287971312996493,-0.2552054988870544,0.4687761593838961,0.2134063441797864,-0.12838096883746372,-0.3055079489676443,0.7609968222110692,0.1498497390871874,0.35322361210559877,0.02195868029622789,-30.80700792617465
2017-12-03,-1.331964007464646,-0.25104840053624655,1.076069128158222,-3.2946058091286297,-1.3075546532138507,-0.4728545990359312,1.0737052728557588,-2.0408163265306194,-1.4295433558758197,-1.2709530680554515,0.40003591203829747,0.4063634791630632,-1.3828672765554115,-1.1696026539001172,-0.039682375105452014,1.5573911547065928,1.2550634242230134,1.4335815979757887,1.3005949296202375,-47.68567700993603
2017-12-10,-1.1076445720304269,-1.2883290155502414,0.09327713601723223,-0.5039719825745189,-1.0607419930024213,-1.313480980129263,-0.10746537385485412,-0.2220893482531741,-0.9857781093602397,-1.0029689020850552,-0.05964757404381294,-0.06984459577441288,-1.0987623182563606,-1.1606194604250082,0.7673182453503559,0.3313279274566183,0.23823847351263724,-0.1312610547662936,-0.8059946277441654,-27.23250806249083
2017-12-17,-1.3301847152584918,-1.1621420578739161,1.4280475491796314,-8.035791851272696,-1.28894543434795,-1.1654047444852171,1.3378512004443663,-5.908304498269894,-1.2984520533941089,-1.1467203713177667,1.4865831824347484,-6.365338325755548,-1.3198395567118932,-1.2942872063752178,1.4911518446639027,-3.4584187538996307,1.0923139128430353,1.3191223657217812,1.4449812426839213,92.72525747645537
2017-12-24,-1.1932812278955756,-1.351145050217751,-0.9124879237632324,-0.859439977820897,-1.2383157863495147,-1.3665300357932169,-0.8226688942533699,-1.17582215689877,-1.063104109602914,-1.3433115697825535,-0.6246984593119465,-1.0495031113587772,-1.1077836749784216,-1.2588267154280872,-0.7723728784343692,-0.944969427459696,-1.2339590394250064,-1.008827471150308,-0.8376553695060486,-9.315464500294073
2017-12-31,-0.8307452081016456,-0.791758781344223,0.32587852439839005,1.1283103319656922,-0.6922982012725893,-0.7521441085338478,-0.29470413903781323,0.9769259397097108,-0.8126454637811167,-0.8206112053358221,0.3769462550459749,2.2226443768996997,-0.668202623951716,-0.7057778260001131,0.16825999248726392,2.9710488846701564,1.4353499290960954,1.443640436058733,1.4359376234792913,70.10839840417107
2018-01-07,-0.5668552846850922,-0.503017480757228,-0.6370400011807966,-2.044952100221075,-0.7473593881941331,-0.6237083769615281,-0.6287301814511277,-1.1591536338546504,-0.4106879462242907,-0.5362963730182313,-0.7625577785301407,-1.2927827380952386,-0.710129947701712,-0.6786180117993607,-0.8078597717326725,-0.6783125813045939,-0.013756174047093738,-0.2840781996028001,-0.38970561173774104,-40.51617394082461
2018-01-14,-1.1131556170835661,-1.322222222222216,-0.48124430101123167,-1.0391538318797593,-1.2741733158364068,-1.2385301085435658,-0.5262861773057697,-0.7884240793989504,-1.1512018709597598,-1.4905071778879657,-0.3278919266383497,-1.5680751173708936,-1.4277689532074416,-1.20314006344646,0.2326627314803259,-1.8774518961330144,-0.0658326343398149,-0.3435215176642347,-0.4581773400825429,-27.83647368083875
2018-01-21,-1.4141497556479303,-1.3220295610018455,-0.5988565008961232,-0.03804451207913853,-1.044542481942018,-1.0842374155759058,0.12807576736884332,-1.5686274509803853,-1.2141354310492287,-1.2772020725388578,-0.3262801931014023,-1.3513513513513529,-1.1001213201852886,-1.1233571695912619,-0.058143718331368194,-1.6663528525701337,-0.5926589471106181,-0.591358846791477,-0.569039095206039,-6.47232160841107
2018-01-28,-0.8541776200871549,-0.5438042058099719,1.219035552146775,0.9186602870813336,0.26187124413416196,1.0650293319050204,1.4581471668647707,0.8758711621774276,-0.6659654756192984,-0.5962769084480297,0.7453119639171594,-0.44061302681993103,-0.5342523584423161,-0.010027445912999406,1.1287862932841572,-1.4929604082018315,-0.6558828388022395,-1.0682166457894295,-1.054787029652265,19.12634830176442
2018-02-04,-1.3751231013015055,-1.142107265377687,1.0259607747827653,2.718653250773996,-1.327741581814247,-0.6429414561375556,1.0463924239740323,3.305068413952585,-1.440892130015426,-0.9415695204911773,1.4955850733803848,4.6805127695518305,-1.4184119439320932,-0.4854031463115734,1.2091121983138724,3.11411992263056,1.3134492273996639,0.9467859741261693,1.2664235906976158,-46.285220467569154
2018-02-11,0.949728659902374,1.21970494332359,-0.8081600057119385,1.2595168718864589,1.017005012063097,0.9142517031080345,0.2988703184166187,1.9492631971647112,0.9418814654567867,1.4683139162137058,-0.20232430704176413,2.3605558728345746,1.3333788403778315,1.4648756050879586,0.9470540966111892,2.059732234809477,-1.4495864147304152,-1.3423785057733533,-0.8172015885178705,-9.691649122139143
2018-02-18,1.0947759684807372,1.3303020954631553,1.135330286401499,0.7826167019611402,1.1167622016925893,0.8982550876814709,-1.269973172317853,0.7417582417582438,0.9677816296825795,1.2082722583292993,0.42186351778353726,1.9585793271483491,0.9615792727078716,1.0423352409983344,1.246186218124697,1.8318765110656487,0.05129215938876545,0.844112422308517,1.0586117583227739,76.14249967650669
2018-02-25,1.0436783357169603,1.1491456120458932,0.9304887024505079,-3.468780971258667,1.101515683695888,1.0795540761838698,-0.6919159111362411,-0.16171053813674136,0.8838382803572936,0.690684101576822,-0.5849937614330367,-1.5963827627572242,0.9777279586379021,1.0003925590601908,-0.0951522683697436,0.5906942929843615,-0.4263938056641943,-0.25590428110939045,-0.14158506229660378,-36.9621376222299
2018-03-04,0.9695203946712776,0.6524789700268098,-0.7194927023323497,-1.6353451391398646,0.821193891350163,1.0550783974669002,-1.2129358801589791,-1.6987036209208686,1.2248755488226173,0.7128582345142006,-1.3017709404577231,-0.5781407726897271,1.0603459877771055,0.03578372971668222,-1.46700153825651,0.3566203365032924,-0.22660942429735928,-0.5813222409840622,-0.7180568836213261,53.549446789404
2018-03-11,1.3422808764525784,1.3145528813116416,-0.5224595723562097,2.2669568371418207,1.3502262268877372,1.2723099620772778,0.5816571465502222,2.163331530557063,1.382082735538022,1.4961748158621573,-0.21735380183734695,2.0903696942035657,1.407266683524463,1.4275331505210693,-0.38431349618147354,1.562782294489615,0.3168346314948922,0.9182453144852807,0.9139516305789486,10.522642293311176
2018-03-18,0.23508182265726763,0.5216767150907679,0.3559421126905625,-2.817152536328784,0.3663671756850222,0.48096288963372474,0.6450074957361267,-2.3478337910870963,0.2196149645969059,0.36906167604303874,0.16406821693634113,-2.053183791606364,-0.02613577079325793,-0.30570793164928045,-0.5436631136887704,-0.5605786618444759,-1.2888473536702936,-0.907837031394179,-0.8324199389924466,-46.11394866229081
2018-03-25,0.25282309044022816,-0.39127159710585463,-1.1543693274788376,1.2451149686449192,0.15060119325615123,-0.2875814156718798,-1.4384701972668203,-0.7023470839260368,0.0664350332826714,-0.3044451640467668,-1.1126060821039883,-0.4013499954392025,0.10077382754062297,0.04552764905698192,-0.8660016656797597,-0.9444144630329298,-0.6927085702332552,-0.7565625672229428,-0.7131672466320041,-21.866756011443005
2018-04-01,-0.6446540470185004,-0.206121847899651,0.21753369523234733,1.0553129548762703,-0.9465211539338786,-0.8633228079978265,0.16961581596038267,2.0157995096703885,-0.4053955662194163,-0.14346739701311248,-0.010605629579646775,1.4880132267842292,-0.1529310058634812,0.12138973952922016,0.8725581369455501,2.1941854086670376,0.039751230029813,-0.48859299448376975,-0.5757234427899728,-38.666042823546796
2018-04-08,1.260679767161707,0.015384008532328856,-0.5953501678871257,-0.6258381761287337,0.642475033691479,-0.8360586099634884,-0.8052084445843054,-0.2672129687360801,1.4568935130617395,1.312497655720448,-0.2235877859914278,-0.6369426751592301,0.9423309551366358,0.7831040735957324,-0.25660371144166566,0.09849570200573014,0.5042605040071314,0.6149304775298087,0.7262905188251448,17.62202091543409
2018-04-15,0.7454321299386587,1.3282354873270412,1.122483853676573,-2.0194799392368785,0.7053074571467446,1.4781684045511216,1.2317333546182874,-2.399504161501677,0.2720344862798959,0.8518822697555071,1.3005654544580447,-2.369200394866733,-0.6285408686534648,1.3248218904655837,1.246740608797361,-2.9307282415630533,1.1360096246110238,0.7139524940953517,-1.4013982729177745,10.708753094096783
2018-04-22,-1.1834313289604317,-0.5731725683601755,0.3544283075227561,2.0527324149256456,-1.0685512530995205,-0.2270080760238939,0.09359137418741588,2.0036264732547666,-0.7161563906991891,0.7864156687100113,1.0016725052202247,2.655517780023891,-1.054042023876833,-0.47521207868682436,0.08586452938605924,1.7381017381017352,1.4554536294159575,1.4991247324083048,1.4670143726294274,-56.468657331577646
2018-04-29,0.28331162081961764,-0.4407720211454565,-0.5942861986796822,-1.78746983644651,0.6900778275016659,-0.5428453991876077,-0.8103899653794784,0.20519225622266907,0.31651302416142213,-1.260700011492118,0.025339487573168177,-2.166292134831457,1.21167356697388,-0.4916673851720393,-1.0063484690318147,-0.8776643381694338,-0.3984376930750161,-0.04287496852850362,0.2117837616207703,100.27456470431065
2018-05-06,-1.4554082161119097,-1.4088979427692225,1.3575243730820599,-2.7790391426755083,-1.4775839465267193,-1.4048181943331364,1.1132887157902362,-2.4739465337562208,-1.4882247597037608,-1.495700227722334,-1.3312756231764735,-0.047112032413075634,-1.485401657459688,-1.4831308420671891,-0.29688188559526035,0.06576475009395659,0.16999282121342424,-0.09278455418082418,-0.32821663166568776,-42.592691347717
2018-05-13,-1.2876476670268586,-1.442876320109614,0.12322349484107334,-2.4471213127193514,-1.2779934629615204,-1.4179810862311235,0.5314442929242889,-2.8479818936250565,-1.2495752226311798,-1.1182921634218514,1.1286212032405036,-2.978641892539029,-1.2294324790139077,-1.1191653863243818,1.1754031378385794,-2.4705435195743006,-0.2139792436410134,-0.7989239379715152,-0.8567561948256817,-40.267096371310906
2018-05-20,-0.7463467081695432,-0.9202795460405657,-0.8254594770488578,1.854368932038832,-0.6334565450625287,-0.9144662324750015,-0.526776724336134,1.725467514941205,-0.5519437032007651,-0.6091840879720887,-0.4937577817131207,2.0249221183800605,-0.46849769866367297,-0.6837782243846455,-0.2746456193192005,1.7016339553320998,-0.48524034868421273,-1.0535927973971837,-0.8108610281040741,-39.41769224991905
2018-05-27,0.1022667871035877,-0.2794060099865544,-0.8997505037856265,-0.7140816909454442,0.28840314515053705,-0.01271918561472635,-0.3589099958953309,-1.2828978398264308,0.15012149801501481,-0.08117977035701053,-0.38100214635827906,-0.7513003274898737,0.31391500906086234,0.5481515743006597,0.7707101011790352,-2.2591927403346257,1.4472497652904752,0.9762475794225783,-0.5871844452299751,1.7193899442212428
2018-06-03,0.34930121672685344,1.4940923857336617,1.490158715528377,10.995068175224835,0.76002459765245,1.4912961013426174,1.494752285601347,15.495130652781803,0.3071877318077148,1.4971670898972365,1.4888746630413252,11.286703736220849,0.1994809807958433,1.4915286617122228,1.492892306107853,13.986966248419412,1.4119561218757688,1.4967010653555666,1.499967826586799,543.4931652307155
2018-06-10,1.4925186852689252,1.0501008138833026,-0.04168307563142747,-3.7470927728486587,1.4899691883102408,0.729054649547129,-0.2744425814382856,-4.019674355495248,1.4976096973177455,0.9916270793046538,-0.10968290592043384,-3.53002249524139,1.4967156412487346,0.8584880954775913,-0.21371785172083047,-3.8077349953043576,0.9973372641004055,0.13228949304704066,-0.10224620892145792,-5.792110419224984
2018-06-17,0.7539306577978963,0.3787772604347517,-0.5724993494255862,2.100877581774669,0.8245339265606106,0.2430516431401716,-0.49652251291192834,2.2051102555127717,0.8536087666594989,0.5429462028012482,-0.4368479209365064,2.4277456647398883,0.8956820255954973,0.42926894983184943,-0.5086406659558246,2.948706630175689,-0.7663044454875435,-0.5194892026201324,-0.3731583068856508,-19.646003032330533
2018-06-24,0.6861848246850923,0.7226556828601227,-0.6297481034332324,-0.3544566439007492,0.7558145181823925,-0.31995961743415385,-0.7474288886735783,-0.7505330490405079,0.7300951223802483,0.5437258290148889,-0.780871419582818,-0.7016632016632036,0.7196222527809636,-1.2856801297099945,-0.8405559718125172,-0.1641752354618489,-0.8567217980251348,-0.6697985750980091,-0.5448127083763397,-38.78031556292194
2018-07-01,1.2520493139813635,0.9820958147724644,-0.8519017517633806,1.7943409247757058,1.0802176408290054,1.0380403223590995,-0.8184901439732598,1.1364607365632728,1.206757849557749,1.4706199931912156,-0.8572594990236614,0.2699172834131496,1.1966244498453387,1.2196436920412395,-0.5054561168875057,-0.4219772648983888,-1.2257293539813228,-1.3283604706898857,-1.4573392563516243,128.56447101377637
2018-07-08,0.10282690284420729,-0.100967537306905,-0.07489086367775724,1.3655736279029376,0.13507574719831797,0.09786053845039344,-0.38660212311140524,-0.8922501699524229,0.3067579186968135,-0.23290881631019686,-0.8717012181353379,0.5589519650655027,0.4512871617748551,0.4744481697558022,-0.4180861477732968,-1.3128729752770607,0.553278096205728,1.141708956508513,1.2872039103899142,28.615174986794496
2018-07-15,-0.8404676956182581,-0.8617726395479446,-0.774536539863378,-1.6167870657034704,-1.2751835124500792,-1.3527652793311908,-1.0806572394631349,-0.8510272500644673,-1.174416516876028,-0.6645399513979057,-0.25714447954998293,-1.604092603832476,-1.3249925495827133,-1.078802604325795,0.6261976521569589,-1.764553239339163,-0.5618199175282713,-0.5783712295850618,-0.6038539095285383,36.19171261464917
2018-07-22,-0.6274385751434592,-0.8437249921737671,0.2609646940739446,1.2943559038478587,-0.9032442995300501,-0.8588651828956908,1.027402333828136,0.3743687967961055,-0.7450696548078539,-0.9879849302877054,0.5564997885044545,1.4479879186284177,-0.6122381646746409,-0.7767344683384565,-1.2753964793029569,-0.01746724890829347,0.08061697429944735,0.09345635260164706,0.019416621192583625,-68.88757125671367
2018-07-29,0.5884625093487661,0.04833080229760087,-1.328554222063276,1.0956521739130478,0.34943152472716804,1.0029080087928792,1.4518076506705193,1.0978561549100934,-0.01360202719568531,-0.0891207683227836,-0.547930033791844,-0.3322259136212585,0.49010079548744323,0.5202093571352674,0.5139270080856894,-0.2076304178562238,-0.6621222006617754,-0.7509072847459216,-0.7568651632578217,41.3198707410927
2018-08-05,-0.38217162297045953,-1.2942378597658135,-1.2794273901146744,-0.3218230842828604,-0.6984201616613877,-0.7973503580107555,-0.7093724287133963,-0.947459086993966,0.9590928006106014,-0.30598776073432815,-1.4121125674426354,0.2549002373209161,-0.1745727495246599,-0.12394262515528262,-0.4623860994638203,-0.9312753298266778,-1.287964737200214,-0.7929620323811762,-0.6989858332336616,74.44931782443614
2018-08-12,1.0784251556953501,1.4481432112079966,1.3233113853384233,2.724819361016797,1.131431872881013,0.9358270126198535,0.7272157880369201,2.1110918844090656,1.344259911682367,1.4554228176352457,1.2382084521101693,2.0942867157378204,0.8277277445618128,0.9885087235398131,1.376706285684907,2.3721988795518283,0.1697811078805594,0.29381302778665275,0.15700459472145345,6.419039306519901
2018-08-19,1.4151393759509776,0.356271421463217,-0.09064417124174427,-0.3074032960464516,0.7616895018380894,-0.11221561324046954,-0.9613823316292096,-0.3583006312915899,1.3351123903672741,0.22234555798771885,-0.9417047401333315,-0.7170626349891994,0.7814237693268129,-0.2913635669452914,-1.1265506832486627,-0.5076142131979725,-1.304860251842673,-1.2204992634002638,-1.2175371874046272,-22.81099116872409
2018-08-26,0.7089415684481242,-0.14378535139991017,-0.5585140965161001,0.9098786828422852,0.9005165005996613,0.4241143384429192,-0.2315571449679395,0.9028374892519322,1.1010161799743288,0.4930256173167126,-0.475761341848658,0.4776378636560982,1.022398657051211,0.4134282107610265,-0.5775766221338784,0.4412909924720993,0.8832544269811694,0.46925542573095014,0.6133549636202095,-45.51593419752717
2018-09-02,1.3185274900264232,1.021885135594625,-0.29816155062975114,0.8077683251697153,1.4516422159366982,1.3355309031767988,-0.08829316163379908,0.6385696040868455,1.3592227927603227,1.3924081776935802,0.030570183680320537,0.6976744186046532,1.4457402542901674,1.4342675578167527,-0.2630244111448,0.5214120865031194,-0.04325841462239569,-0.21300498802612475,-0.3696191156410609,-49.97279392823943
2018-09-09,1.2280320245055145,1.143366272093426,0.1256356022599934,1.062112328999915,1.406775483648544,1.4807420986759208,1.4967460357552933,1.285956006768186,1.0173227156449494,0.97329049630803,1.1229033104799866,1.6281874569262582,1.1572393353287784,1.1431650493828496,1.3128264655987387,1.4076096229312454,0.7111015490061716,0.6919518212054938,0.6281812735616893,-43.72217973007564
2018-09-16,-0.6997323548524841,1.099795013453886,1.486340669935778,-4.324999999999998,-0.8054046709791103,-0.22057108099310313,0.24602926454919455,-3.9166666666666687,-1.2695456579463482,-0.2472309727102406,1.4337355794286257,-3.272944795761407,-1.199989410275094,-0.4836774862738019,1.4723618986079268,-3.1465848042977727,1.4382525605901197,1.4788914816608267,1.462256264403652,-37.848922119357425
2018-09-23,-1.4371160357060713,-1.453909065798763,-0.3224682106825482,0.18538135593219787,-1.2587644282312875,-1.088566073102156,-0.7720054968712555,0.7135935159897699,-1.3154377383995395,-1.4767100880767097,-0.2611078719833154,0.6766381766381813,-1.2745371789839508,-1.4340211212862626,0.38417490996391296,1.2092113452476212,0.3655956598626044,-0.3505014776552839,-0.7014448643355012,-27.272697903752732
2018-09-30,-0.11976103962625355,-0.1792793425349143,-0.2816648757101652,2.1427322022039554,-0.18346818975749452,-0.4392397638628317,-0.646986685466919,1.260576757036788,-0.05132091048777963,-0.022434067861321162,0.13432665817393075,1.7282217738398096,0.08879503469124399,-0.03803262062278607,-0.6308324078658996,0.6998444790046676,-1.1653154209219003,-0.9406265314388821,-0.8590318242448102,-18.150740096466123
2018-10-07,0.5062462918757177,0.00846557388247593,-0.6826620226989594,-1.6439763678397137,0.5369232624221681,0.22067695214389452,-0.22738197840322422,-1.0840802390098252,0.5437549721559352,0.01651830416341252,-0.9150352216121911,-0.6675335934113533,0.4652135143700251,0.2576913363277992,-0.7744683655838772,-1.1168384879725184,-0.520719197151309,-0.4886999140702839,-0.344248139276682,-27.70102550958841
2018-10-14,0.6754261726595411,0.535862097186306,-0.9521523565665744,1.6347826086956485,0.687605134880706,0.28948571674266965,-1.2759752640826025,0.3170522707797689,0.7796844091410976,0.4058806561623785,-1.1755982324655834,1.040937718684405,0.6700823745594924,0.5656962494475779,-1.1260953476410636,-0.12093987560469985,-0.2363760537401605,0.7952055337119591,1.3236354447197205,9.585494432916688
2018-10-21,-1.2103532524286593,-1.495305560946395,1.1172675745266187,-2.427645788336935,-1.2650959207309296,-1.1598139397407539,0.563774335888391,-1.9085281980742768,-1.4295053260405985,-1.434833516531827,0.37776789954220796,-1.739283204497544,-1.4356178056410407,-1.4425975128966722,1.4126080021807537,-1.4449601541290755,-0.4074834211568798,-0.5176735184636182,-0.5710060113497802,46.72694497026775
2018-10-28,-1.4670163067749515,-1.4389280913663356,1.2896101725500846,-3.2126736879369817,-1.4714989796132791,-1.4491818914801053,0.6298089161313813,-0.6092177291188521,-1.3889282985663511,-1.434396337817194,0.23330126027708956,-1.1762576909156688,-1.4226622145898657,-1.4812672472575696,0.9142920475740955,0.6887298747763828,1.435056881662005,0.6693304190867361,-0.511720035712882,-16.47744726486172
2018-11-04,0.6216268292461212,0.9644551853007541,1.3185995219567364,3.3943486760262958,0.6937529766947015,1.014693531528756,1.3092504970558856,2.6209322779243656,0.6124490831361105,0.8865421078745964,1.4267264829696122,2.46582685607075,0.7856623478863982,0.9618371160624698,1.0678519851442285,1.9434628975265045,1.0103425442120169,0.8357928142194339,0.23185542929429062,67.33456379172144
2018-11-11,0.20904559549250656,0.17135191198583835,-0.43637041422274314,-0.329947034818091,0.11560262681297488,0.02194516812764518,0.07202958755672917,-0.5764432590553228,0.16636473507869443,0.31919778146396244,0.820192511716898,-0.5666957279860555,0.10396234421428172,0.1774407702269463,1.0092765941068866,-0.6637358848375228,0.7524821233103101,1.1923700239291561,1.4064400587603776,-17.387865262664842
2018-11-18,-0.10842293393860579,0.03793997362300271,-0.20773304222905947,-3.1271596406358015,-0.30769155413684046,-0.05845409677442703,-0.3683043683588738,-2.7169225461445503,-0.08112776786889352,-0.09278670226925559,-0.7169921351530435,-1.99876728009157,-0.356785247464097,-0.5023706365280463,-1.3291196206791587,-1.6589133678574568,-1.4590350616438843,-1.1452028923133377,-0.7367968927955828,-30.215927737819555
2018-11-25,-0.8218585532171724,-1.038226856495476,-1.0422592874864425,2.1824336362016643,-0.38314550803739256,-0.31104498472245035,-0.5230103796850698,2.9887700061897564,-0.22699740930702186,-0.30405785041363775,-0.7169572909533647,2.3253734013057814,-0.08307942753816562,0.21596544829218886,-0.06736572194959253,3.336587097346708,-0.418035187551272,0.4389042976594038,0.7622858706406634,34.07916445007104
2018-12-02,1.3963298733310403,1.2550978279660998,-1.2631440262302107,-0.8388974490669319,1.3948699025031648,1.4796823611767478,-1.474074210882993,-1.8674293405114395,1.4280018890461499,1.384009837557924,0.01626691395776736,-2.591829728801919,1.3258399371220881,0.8044632364479558,-1.0306353215544841,-0.5733356152661319,-0.2931783906207787,-0.7471412975407478,-0.909833648635657,38.48803457143006
2018-12-09,1.083983055757294,1.2484672375679917,-0.1241238811834109,2.0579660435602745,1.0343600745455854,0.9275272932037028,-1.2565235973617306,1.1463994565217344,1.1959757000070332,1.025873223544168,0.6092717958449415,-1.4497756299620237,1.0038262018384512,1.0905302572049098,0.7510997318819451,-1.819579702716552,1.3115985488051674,1.29943379487441,1.2926106671421544,99.27209148454816
2018-12-16,-0.6388733191193517,-0.6150428537034179,0.9813176278817917,-2.5303292894280776,-0.6922133178503387,-0.8432878308101168,1.0823566464720433,-3.4754998712777803,-1.1560279535485574,-1.1260147969803196,1.491599832110719,-6.042695836273812,-1.2525534766868993,-1.325522233657418,1.2632536174929063,-5.657062543921291,0.42674490863180053,-0.38136352553004704,-0.29698072148844584,-32.22538946940531
2018-12-23,-1.420390502382708,-1.4306475672603352,-1.1692901974212655,0.27032065622668905,-1.4303717693005709,-1.4525000478000183,-0.8763259956712882,0.5991887905604641,-1.3333460919407745,-1.4068066057591124,-0.851197169899406,0.5663583160279484,-1.2887709796689542,-1.3643591994308428,-0.8119385447655081,0.18520233354940532,1.0412254472667415,0.15619187344126634,-0.23794100826286088,-44.843917584307185
2018-12-30,-0.7859136784018039,-0.5750498090376611,0.9844727073917743,2.0744582330061068,-0.738469531990655,-0.5988127663554055,0.5764574719127229,3.0190776069642435,-0.6667937566227577,-0.5100997115693189,-0.23617807566301494,3.006880950136674,-0.6360921162386255,-0.5148193441224211,0.008711585837357035,3.4469838890970332,-0.9852751065093992,-0.6497253819746687,-0.4131371769452405,138.49486109451124
2019-01-06,0.6900352757490097,0.691081235584133,0.6813851438692516,2.1316954204678886,0.6951455336204161,0.594993185373277,-0.5250951186888587,-0.492091388400705,0.9517923358206964,0.8389814170717924,-0.19381734284614957,0.8448401162790758,1.0752526549929438,0.9031786226250251,-0.3345799611516859,-1.5590592794855949,-1.2707443048244327,-1.3293816021789724,-1.4807673386177016,26.496515696590013
2019-01-13,0.7468906672216761,0.5659152965251348,-0.5210856428526204,1.4629330461317496,0.694556053801931,0.62310099814569,-0.6415551408110168,-0.7017543859649098,0.8703920127566549,0.5856608577287103,-1.2271562283422304,0.7272400790088008,0.7279054936803464,0.4553805394635645,-1.0177958699137064,0.10661928031986187,-0.6922949086473473,-0.8104281433389148,-0.7252380523369067,-26.733493440822578
2019-01-20,0.5910648398419974,0.4052100957767024,-0.9651029134084633,0.4529307282415676,0.36534544157603005,0.08494262775484404,-0.9422244161866021,0.3272888102609505,0.5648861711041318,0.36445737208731505,-0.7706069242779904,0.8791603121916246,0.510154488679846,0.3713330955154784,-0.6032676578969417,0.5606478597490393,-0.7316288987959447,-0.9925340912700276,-1.024366559451861,25.784342154318924
2019-01-27,1.445258354015634,1.4010417900587415,0.6850481191594231,2.496911946356095,1.4348998819344436,1.3970505479374835,1.3039677715249425,2.5013118768584914,1.4938697632978473,1.4136260073229243,0.6123708730328778,2.2564374834085448,1.4751067057835192,1.3970025632103058,1.0696190466126865,2.9336846728151107,1.2650416435495526,0.6675380235278255,-0.04251094759871269,-21.078552001729005
2019-02-03,1.3213502565478534,1.147000322240219,-0.7203761056423208,0.7089169798428411,1.2144532613396999,1.1126645694305717,-0.2863763990714572,0.4344122657580842,1.2418316927423376,1.095457606513464,0.7340584343603029,-1.5314462703260785,1.1122504577245582,1.0087971623510372,0.7597122269916615,-1.8276539414125892,0.8917784307279425,1.403736793339327,1.413362707095386,107.63395361885168
2019-02-10,-0.24074299127274343,-0.2850123541810252,-0.1000315731320413,-0.6846347170465432,-0.3072155441445601,-0.31422668487767796,-0.2687310028057308,0.12131715771230553,-0.22181572966381638,-0.23257875016530669,-0.7240101882553174,1.13927404398127,-0.38002952917068117,-0.33311852531601466,-0.7662307971828609,0.9989484752891696,1.212979366714042,0.5269339041057951,0.35411179650810665,-37.839311600936696
2019-02-17,0.5148998408936749,0.9375459175545735,1.1851816465166576,3.8801786809144194,0.7254803901115012,0.8815948436216151,0.530203664950744,1.78510127016821,0.8138669921045397,1.015558223595232,1.1403647106153951,2.9680365296803735,0.8721854875467069,0.8735804946781834,-0.2575018466713504,1.1352885525071021,-1.3879678297855529,-1.1891894239955714,-0.7843605382642942,10.65842890678643
2019-02-24,1.2545055576856505,1.273043478781736,0.32168570715095346,2.186295861953426,1.261532077706091,1.2416880753916135,0.38431136481874123,1.5143950740555776,1.253266402279343,1.210029861755841,-0.15778039022548357,1.9704433497537008,1.2526149251965109,1.2302295677549195,0.25917987017751876,2.0437342304457458,-0.19495594102859093,-0.5705408037160693,-0.6154520762533582,-37.66596199052184
2019-03-03,1.048972663497764,0.8597829919698642,-1.002043827678401,0.8899876390605791,0.9779647897202741,0.9768405708448942,-0.2891402531263661,1.0902532994507732,1.1230906217330459,1.1133516158996544,-0.3091150263792373,1.3409485969704529,1.0010727494215916,1.046940413450518,0.3696562553681725,1.742649487941856,-1.1250557073507415,-1.0460298585314753,-1.098177436566772,7.684819004955993
2019-03-10,1.1042572291268586,1.0789044760480009,-0.8449573186969749,0.8502024291497953,1.1312992697635533,1.1035367300441214,-1.2159579744034383,0.4179056497629157,1.1440374438223788,1.0862097318701311,-1.100422711953052,0.5524861878453095,1.1602268342282396,1.028639354156964,-1.4886080062220863,0.5241935483871013,0.5180701047474668,1.2550315116903787,1.3784611976403474,28.34223379483979
2019-03-17,1.0344467402541127,1.21126029637936,0.14945431454970418,1.058285897538678,1.0498518633078164,1.128056872539741,0.6510219842253965,0.8155432957543858,0.9416674797038884,1.0855449217351116,0.6996225409731756,1.2240596627756202,1.0039692125364754,1.1139629743669393,0.3431860501207618,0.8956669087388036,0.49996040748110915,-0.05069516366055356,-0.17004010179107232,-7.413981831315755
2019-03-24,0.7781542626633045,0.7205282841626005,0.45973722257101995,0.8001920460910619,0.7413729848259912,0.6987729629341848,-0.7549135704632839,0.6591486658195667,0.6824169017144766,0.4829876349467423,-0.7116281528361431,0.1522070015220682,0.7843747564106774,0.9699139529430706,0.48201471309779814,0.9164807140580103,1.055508603284208,0.7497989222295176,0.6384434285428702,64.25700210231373
2019-03-31,1.379401820328197,1.3132377133731952,-0.5312514559662731,1.033856838450017,1.3628992446221768,1.2475114160615208,-0.6382437004909651,0.7779349363507739,1.448482894539408,1.3523888587533333,0.24709129687698905,1.389881661504249,1.3956235990171033,1.2412849808622264,-0.436332368125514,0.4322540081735393,0.6673954417232795,-0.3363975759416731,-1.1392445037378822,-21.323626681965603
2019-04-07,1.16008942190114,1.2986156993841766,1.274608171530084,1.4916048418586465,1.220920895242745,1.3399278311802307,1.0199544185777296,1.5228426395938996,1.0686255736538919,1.0104213550828647,-0.6203369069798254,0.7863489816780576,1.1202831094646437,1.2628398876616513,0.8274588909051522,0.523887716005944,-0.3704297323102575,-0.8752452351323707,-1.010263743692447,1.8579846602455623
2019-04-14,0.40162899210400177,0.30932744174176435,-0.5699787618046049,-1.1035983523742812,0.42226148545098774,0.48933210633498947,0.2970442628930092,-1.1760154738878112,0.23760763400860554,0.17801494639983037,1.2483422030605482,-1.471977329974815,-0.19700890986304773,-0.4515743067149178,0.1400394363953262,-1.4850318221104744,1.4033551196025127,0.663755720972724,0.42820288727284606,-8.801832279108137
2019-04-21,-1.2237033099032013,-0.8093286754264324,0.6781445191374448,1.0913725802597023,-0.9651114637136244,-0.3621180103860025,0.6440611887195429,0.16541945647892378,-1.2316477216083854,-0.04796921559946411,1.2892470390584216,0.2001441037547034,-0.8262572967961385,-0.3252580854461253,0.5082592127610787,-0.2537266095781854,0.07548413595160222,1.3341286197359683,1.3723222734599299,69.92069139593481
2019-04-28,-0.8162226043366079,-0.7902658522087591,-0.3368748728347145,0.9371773489000134,-0.650020497226943,-1.1156720737882588,-1.3793410772050143,-0.6087567314446275,-0.7687311969920163,-1.3511937331273107,-1.0550732363365996,0.2228057611203956,-0.49835632936660074,-0.34393682348699933,-0.9322989758748815,-1.2192262602579151,-0.9001904144724591,-0.6633909164457202,0.03439965686992789,-12.533540427308298
2019-05-05,-0.43237565919461796,0.7779368673722751,1.3781362588418191,1.3716988569176265,0.21499039878078796,1.107462062399525,1.2698034570097982,2.062342569269514,-0.7824900761387855,0.6372128909998379,0.8439599359371294,2.382289243603111,1.478940740854335,1.4064752599095693,1.482526936820986,2.8716888075729847,-1.0763219518545757,-0.6522489246644435,-0.5836115655552129,22.873704667158094
2019-05-12,1.499805696481736,1.450260146615551,-0.9477852198837919,0.8785450061652396,1.492945329615927,1.3914009507499225,-0.6278514267443819,0.8421374980860468,1.4984683241301484,1.3734957917103963,-0.41549799837767576,0.8435226745085926,1.487051213548941,1.3652250065659393,-0.7289966234886216,1.4069264069264016,-0.320660061261181,-0.708089489898617,-0.9840187855015193,13.874443420266413
2019-05-19,1.3311272768466054,1.3990854763779887,1.1570689005481176,3.4621823162380245,1.324505183736812,1.3700611342201345,1.0713431680111651,2.387566634131697,1.2920290312305922,1.3181205130343259,0.9017739384963173,2.385852580227148,1.3242378314168464,1.3859882178376504,1.14468513040146,2.1673003802281325,-0.5683895655149479,0.9912247078871899,0.055134758510304506,-9.457456802136184
2019-05-26,0.6055793903226407,0.6563757034258614,0.2259239413667575,-2.054591306927742,0.4088204195339041,0.582259944116638,0.35708924423176197,-1.8968583283936,0.43883288749009297,0.5209169069346252,-0.1861266868143979,-1.6642819489419232,0.32647042286215305,0.2604287678126438,-0.5913079086564438,-0.8940646130728759,-0.8381119371019956,1.0353509152082438,1.0027136158352647,-36.92134644074925
2019-06-02,0.6505768425754612,0.6540957114260869,0.4912371327656882,1.4934424986733368,0.6925560151507859,0.7087726372823199,1.0473289902586402,1.7225747960108586,0.7407472606079776,0.7466711533625469,1.1607145120118514,1.953723567269371,0.8036323383485555,0.5724697324022011,-0.040771731734540614,1.4373250624101714,-1.3029404767781514,1.1174076990116277,1.3020769226927014,-25.915885373767185
2019-06-09,1.4165640285769008,1.3482802820996584,-0.11951497865950075,2.996114763897184,1.261835834566271,1.334817347328466,0.5749787578452792,2.811989909482113,1.3646478870986951,1.3871019037661996,0.7459863076501068,2.8445242907403117,1.2715799470778126,1.2273192273222728,0.04871586818063901,2.397565320665076,-1.4221708576127592,-1.4456845953689437,-1.2337843733628935,-20.424842525784236
2019-06-16,1.3145106420291284,1.3349112988551868,1.1686611373981153,1.3650405919965556,1.3045044978735982,1.3035291471703665,-0.9168417129111446,1.6308642862274665,1.2064959885117752,1.2387867048931718,0.9486684752214032,3.0827950675278832,1.2255829185966938,1.2282865760299464,1.218157561166431,2.622950819672127,0.2661105565404849,0.20103895942302447,0.32735470137238454,-25.67229125117004
2019-06-23,0.536986460835248,0.7878080897739344,1.4466636000823432,-2.427081115605697,0.44852813349975373,0.7115109038817357,0.3496749919506756,-2.4476513865308487,0.292110713853421,0.709350801676805,1.3701270056523511,-3.7912323290018577,0.21292058459888846,0.6720891888662099,1.3453629833489102,-2.7123229159251103,1.1897645522878646,1.0065004575835341,0.7922334666064379,-3.961837288291692
2019-06-30,-0.16623714649483967,-0.5451573001066666,-1.3199655607647571,1.0484164543137953,-0.06552329287352225,-0.6131417716620052,-1.376533228370755,0.7012217161859313,0.2472893404883253,-0.7745712876771174,-1.37897115574546,0.2257007644703329,0.15920429526267862,-0.6536267969975414,-1.3656216211389491,0.2315484804631126,-0.9678326724012345,-0.9075379531031732,-0.8420693184288265,-10.092908613737318
2019-07-07,0.9350159269724084,0.27985310760016807,-0.8167344805700463,0.9249891602832788,0.718363900967647,0.1080306850724638,-0.4986723261291022,0.7176690110521028,1.0920302161578033,-0.06493985701396683,-0.8205532120789923,1.1777535441657403,0.8734840254398898,0.2601356998845234,-0.7157428248727973,0.6760158216468879,-0.49876096028401945,-0.7331304490830916,-0.869598540968426,-15.024394438031539
2019-07-14,1.0844530112899415,0.5591281484201587,-0.8780038652332557,0.5362888809438685,1.083475003248208,0.5690460962746825,-0.5007238180584477,0.8285714285714262,0.9810586746738901,0.47664603577207315,-0.4532326375278281,1.2838180895045923,0.9879904628006886,0.9106346395374464,-0.19278444451481153,0.940686485710184,0.42658192251166277,0.14671910562249876,0.02158330067494182,71.65407316426679
2019-07-21,0.5692050853580662,0.4708352808862315,-0.6255504949726508,0.0927709983586637,0.48388505799475645,0.5278617574227225,0.16742416807344654,-0.2486678507992855,0.5383986972785713,0.7801995610737711,0.9596103469312165,0.07199424046075904,0.32953212437026713,0.2868850938328146,0.23799161914272945,0.3958258366318902,-0.3622747463316776,0.26523077258167227,0.7902098839125391,27.450815908066893
2019-07-28,-1.4843760550976344,-1.489413029073435,1.4303579749202342,-2.2985203275391384,-1.4882692431314601,-1.4753322201495116,1.4856278206998539,-2.6599928494815868,-1.496742753622782,-1.4859557277555906,1.4991112129727997,-3.2633517495396,-1.4952818152066656,-1.4793528510596246,1.4780620214252418,-3.187513739283355,1.4377101551525273,1.3615311944210238,1.2534960417327092,-4.2544082056491535
2019-08-04,-1.0622567110023369,-1.2977435422159984,1.045098072803023,4.294803817603384,-0.9973572609680895,-1.3204816421479708,0.7967898073280116,2.6261127596439113,-0.8887495416737314,-0.7925613696447635,0.9196890751539832,3.4988970867878564,-0.6488393240485938,-0.5662596220731453,0.6292025179811331,2.3967744344060176,0.07205172730598901,0.2858596316769081,0.3812351619808551,-6.1289471049254045
2019-08-11,-0.015318874303451845,-0.365343097696064,0.29749449650066423,3.502613890963404,0.4427466173519594,0.1958694480780983,-0.7095252329397839,1.2502710125027028,0.26538035325599385,0.2979619265750971,0.2894104253924074,3.07692307692308,0.4392185957445703,0.592579601499759,-0.19072103774372792,1.6672733891517963,0.05172204031835256,0.649332557021666,0.7755508701860934,23.22046833332149
2019-08-18,1.3844152449899423,1.3290739949317871,-1.446308010240923,-0.5079410502217828,1.2469687964028295,1.2722961153710886,-0.7812838962156898,1.3569490072846573,1.2936814455377275,1.246415468340419,-1.4865095171954095,0.17297297297297953,1.234883307800504,1.2422528432778346,-0.8900103831981874,1.5251324645567776,-1.1706344218219489,-1.3915769050941504,-1.4242484590039635,-10.642199150496682
2019-08-25,1.1724969368787612,1.2275098307803043,-0.9619792315799576,0.28771929824561165,1.0904286022749767,1.0356510538709611,-1.059925724188343,0.03499930001398778,1.1471790252352068,1.186102178819623,-1.0560353815741053,0.20563000779975327,1.0926754841630588,0.9043108344492384,-1.405762497401112,0.1414127130028909,-0.3141449895788144,-0.6266960773788759,-0.7726063293243508,-35.86759879245671
2019-09-01,0.7994163244053698,1.0193452607579416,0.010153306581009358,0.10605953475217823,0.985226220694596,1.2241381126950852,1.3127538450733607,-1.3441983563170403,0.861275510597743,1.1341732676916818,0.16823522472557803,-0.3468535428611942,0.9369205124249638,1.1614896598993771,0.5974837648649719,-1.7351916376306684,-0.8343101912429259,-0.8129487046931286,-0.7451934265369713,1.5742021408384097
2019-09-08,0.4539121927258321,0.7239615079106029,1.103024731814624,0.744839327516501,0.656049194021257,0.5592899481642212,0.20903559044842734,0.056341995915194086,0.39798287254778486,0.6028324940294327,0.9130040470517791,0.542237442922368,0.6625488732952175,0.6873961093737124,-0.1769784694589402,-0.014107356986675762,0.8206584491094199,0.2850594190781348,-1.1204422207592983,19.47951949507885
2019-09-15,-1.4536836818356869,0.06394716579608395,1.022997460679302,-0.1126126126126302,-0.5940650074151181,-0.11866145411531458,0.6015579501960402,-0.8825573314802017,-1.370558312274486,-0.7908890908169093,0.6261324642214158,0.05648121999436071,-1.0816949499426936,-0.25217157084567704,0.6884641432093821,-0.8179530201342194,1.4113754580748028,1.4706541338607935,1.4812220257958228,-5.9068846962988495
2019-09-22,1.446997041868797,1.4647926903875046,-0.758007291433531,1.8419946771256448,1.4670691796323172,1.4630950516299874,1.1752475752256872,2.4623046064462404,1.3986272017865442,1.2650963764947603,0.28357671787960664,1.8397124127722455,1.447219543404219,1.4718287203150593,1.1118093155562538,2.336383804769831,0.3411977590212841,0.4883262777380194,0.7255687821387441,112.05750869811472
2019-09-29,1.2198232168155982,1.3526930248886504,0.39398089121115587,-0.3391440005426304,1.2008598745217332,0.8426019703036798,-0.7325372882393645,-0.6619832477708658,1.2334311998625231,1.2081585545180298,1.2657294363003813,-0.05476451259584645,1.044262914557705,0.77897581045185,0.6944258144374673,0.2395947426067869,-0.4904581811299659,-0.13103950683314097,0.0253849108209036,-24.393182865039147
2019-10-06,0.8144865175863684,0.4174939792036861,-1.4273983731547122,-0.16406890894176174,0.7452446737269912,0.2713144589470646,-1.2786727335021726,0.0681106116332886,0.8306161655081805,0.6931318299023697,-1.4924462604394153,0.20069204152248585,0.6713976926676138,0.24305379653407544,-1.4283819043060928,-0.3289699129600369,-1.2798775830593871,-1.3283554925264063,-1.3887562844317818,-23.592940694910183
2019-10-13,-0.19930415988353523,-0.21010255507643733,-0.44476250716675947,0.4190423851068309,-0.44920512757397074,-1.2403874242763249,-0.2968504460939641,0.5074401700610167,0.03263725614155699,-0.2630894657454385,-0.6651934269523152,0.6583506583506504,-0.17856191263960425,-0.9727676920928061,-0.6882267624428856,1.0206896551724067,-0.28847890059708425,-0.019104931790294617,-0.07929042938170226,-5.170269869819554
2019-10-20,1.0904580995624358,1.2906405793780604,1.257195973483076,-2.5770384510499054,0.9064117576303565,1.2678298617747907,1.4397701826158082,-3.0268147345612126,0.32056112258978076,1.3729998781754393,1.4564957849203117,-3.8681948424068873,-0.5421671356900165,1.3388117072615617,1.384561527584028,-3.8875272331154735,1.3843790507344313,1.3870724763099316,1.4261200028620895,309.2370975854068
2019-10-27,-1.3644623511197629,0.19121722095805768,0.9397367208909078,4.3201133144476085,-1.3042493309453904,0.5924177902130766,1.0528233165629557,4.040118660827799,-1.447841801302424,-0.7214874511335969,0.4987076216287294,2.918826787870169,-1.4556229351771153,0.23979350687795015,0.7236512069429841,3.2861189801699826,1.1589559152765045,0.46691161664596864,-0.012839521870487631,-47.15151769351883
2019-11-03,-0.9712987749802159,-1.118613095487753,-0.28414668830499323,-2.059228650137728,-1.167185816757129,-1.285134641062756,-0.6406361812154143,-1.9340629086654293,-1.081668946843454,-1.231543478828521,-0.7888428814989985,-1.0910616869492251,-1.3015175823137934,-1.4250463407099148,-0.9256942693013249,-0.7115451691663633,-0.7550888784438607,-0.7369427914618277,-0.4710494406182035,-60.05120451586361
2019-11-10,0.4468255665411854,0.11302432860587482,-0.3743559940738072,2.7468292341111256,0.753914224631417,0.4875328979920255,-0.6317376555129601,2.439360529217194,0.7099432904084377,0.29353301985015895,-0.4161843423235513,2.335039618540063,0.9766816193442215,0.4809657117530154,-0.5673649526729231,1.8629683295383896,-0.4732205859038818,-0.4881865836893967,-0.5793495729773857,-28.614654816357078
2019-11-17,1.265295085838072,0.7652169618102801,-1.2993063357788812,-0.522140096290778,1.059568644402279,0.4306757480982771,-1.0562207964722845,-0.2632111763514789,1.228753042774015,0.8641385134916333,-1.153850700285457,-0.2525769677111097,1.0080945187075874,0.6219117628311039,-0.6224948456554334,-0.5706134094151235,-0.9064504420194542,-1.1479257197462998,-1.419383086501582,-40.70891927631843
2019-11-24,0.7246142445843479,0.6816846783550303,-0.706048847713392,-0.5503465144720765,0.5392058415600316,0.41431117552413405,-0.6590793825148623,-0.3524706839286994,0.6849054078331989,0.7542345942526543,0.23235863421719544,-1.0329730469284577,0.634626535755592,0.44230395913616427,-0.6895202675340748,-0.32677513785825435,-0.5654362512308242,0.3516022008494251,1.2631170476541795,-54.127029061359565
2019-12-01,0.26996674757670786,-0.7219261147424785,-0.44536373249264055,-0.5926430517711202,-0.12231293739683487,-1.3184435410532762,-0.19006510022743076,-1.0950385291334357,0.48258705234369426,0.4690650298201648,-0.2958315724740994,-0.8874325892552469,0.3441431541442075,1.0176139782401423,0.34040898310998474,-1.4129259058950616,0.2307443190762048,-0.45013334521030846,-0.39150762341145967,111.21819634713276
2019-12-08,1.2695552235477767,1.4289081509703285,1.4605777346435607,1.956358164033117,1.4364317555596997,1.4816900936103847,1.4040051235551558,1.9402379664683644,1.473075004387251,1.4762772823200905,1.0211309293988733,1.9189911589335968,1.49694762839251,1.4909861068944599,1.4123984410540595,2.142663411988064,1.4034309572492818,1.2027820447906798,-0.3356193085674314,-17.490816259989806
2019-12-15,1.490454598292357,1.4593862881743247,1.275534431583589,0.8159203980099434,1.4230597577153143,1.3611829364832733,0.8113476629408061,0.20439111228324805,1.4740644824567735,1.357395958898685,-0.5223741538892704,0.2469300587293143,1.393917137998572,1.155667284209483,-0.28760627629008023,0.2930988542499319,0.9982663493621409,1.4524888543607166,1.4202453773404873,18.22596405026741
2019-12-22,0.6839331824777066,0.3288607982272036,-0.9426959085224355,0.1859600185960026,0.534813886462183,0.1874433044940384,-1.254564754691827,0.05295908910365688,0.853800065620756,0.7383395386511721,-1.0735782608754574,0.05997600959616381,0.7973021474025568,0.5772301544578934,-1.0465833260443722,0.26551609691337913,-1.2916100770980072,-0.9809336111667083,-0.7605751787520161,101.39534197678364
2019-12-29,0.15265951908155243,-0.09964827729172938,-0.0597944760386741,-1.574386452338424,-0.006852697543265241,-0.2389228542989083,0.20709379669458283,-1.5807152736613357,-0.1093879963043939,0.2984592368990493,0.9559051049080278,-2.0626077729141885,-0.4580097950481088,0.06424665370499716,0.8209342155357556,-2.4557697385793498,-0.522150370242906,-0.7001048423906628,-0.7396357656845313,26.102301208927283
