Date,TJX_Open_average,TJX_Open_max,TJX_Open_volatility,TJX_Open_change%,TJX_High_average,TJX_High_max,TJX_High_volatility,TJX_High_change%,TJX_Low_average,TJX_Low_max,TJX_Low_volatility,TJX_Low_change%,TJX_Close_average,TJX_Close_max,TJX_Close_volatility,TJX_Close_change%,TJX_Volume_average,TJX_Volume_max,TJX_Volume_volatility,TJX_Volume_change%
2016-01-24,0.9502858420807259,0.9132208738612915,-0.5840630675455217,3.005662843037597,0.9711373498005089,1.0324305764444093,0.31415141438596367,3.32098061573546,1.0955535560066048,0.8090947159462784,-0.6667359412234642,2.6660839160839136,1.1779709107165066,0.9387375628971824,0.16894099285676786,3.6160137752905666,-0.9729824755943799,-0.3901844918075315,0.6670457638179249,43.11673242259945
2016-01-31,1.261109895703422,1.3426742043193205,1.461000253572865,-7.46125360032917,1.12082071292054,1.08657277826837,1.4060675358108552,-6.922867266285089,0.9865263921547014,1.2640139227979024,1.4109369321175314,-7.5923108836952125,0.8535273732543974,1.0121938025362751,1.337824753205941,-6.630061770761838,1.1585911375358673,1.4459980440673432,-0.15939532875588933,20.835313939568906
2016-02-07,-0.558444778550431,-0.3512562260384163,-0.18982666798570727,1.9102621057307745,-0.18029431258940387,-0.4287479185660971,-0.7560697585477141,-0.3987467957846784,-0.5064487689575053,-0.5418471393451015,-0.6785384504038267,0.4295023696682557,-0.3162334121272888,-0.5918656508537561,-0.5859563504976678,0.3158650394831283,0.41256847032508764,0.7923965378957223,0.4225871848577918,-29.49768471165012
2016-02-14,0.9467231292767513,0.5344393946908801,-0.8025479191036626,1.9003378378378295,1.1330103772183093,0.6999815645143287,-0.706555655881336,2.1024784182678995,1.2502573432437087,0.7074487974458937,-0.5289580305402655,2.4029574861367804,1.3132037951498157,0.7140504236693894,-0.8373500455231292,2.325907243940026,0.08535751616688407,-1.0328639941473332,-1.262921438241109,-6.070314155973325
2016-02-21,1.2417598735874285,1.2347533184837505,-0.3491032524336843,3.36847870738052,1.3506054146746502,1.2359137466658277,-0.22595692020777183,2.9495718363463395,1.248713187140745,1.131416125457028,-0.19057988204270593,2.5619720260351877,1.3059936184155165,1.1836851828149777,0.058291691274937975,1.939744118860912,1.486499107085107,1.4881673197597844,1.463964497024279,-0.2721803780046647
2016-02-28,0.9388762269606032,0.7581216661788792,-1.1864931174122555,1.1699838622915608,0.9460585137912608,0.8674684554468372,-1.218774845430931,0.9139072847682088,1.0012873804347906,0.8977372827411033,-1.2481221964120575,1.2014038876889856,0.9709078987437313,0.7288991195234406,-1.3041593175946087,-0.1325029813170721,-0.7383935999618143,-0.6528809439111581,-0.5102109483897149,25.814270844574718
2016-03-06,0.8391996759989006,0.657696258699219,-0.9392153415713097,0.5586592178770783,0.7303691380763647,0.5503769346727073,-1.1408685579344164,0.10520778537611558,0.8742134934285507,0.8224415680709289,-0.758419601100106,0.5196535642904738,0.7076919465114766,0.6592003438751517,-0.44791766255359383,0.6499535747446543,-0.8310718593222997,-0.7081370546884576,-0.5845801681977926,-7.707347744641429
2016-03-13,1.1906429005864283,1.474583814828769,0.7855834284420748,3.076923076923068,1.371956780528624,1.4876433171446852,0.654439079404893,2.4148283513901507,1.2204713729305963,1.4197371754746932,0.722286955802616,3.0560722827531186,1.3431661212468136,1.4836077891921768,0.31546823827952764,2.3668639053254403,-0.17179203799046566,0.027087875483841242,0.14591029633373495,8.160455692315136
2016-03-20,1.2425314874436906,0.7766767201250665,-0.7896746818285768,0.0,1.1165276760211114,0.768390658221922,-0.6029080452547011,0.10238034297414678,1.179285848195397,0.7834242509883895,-0.9969346420604386,-0.2067985007108838,1.0838964607407637,0.8149075602739133,-0.3581958115353897,-0.06425909266160798,-0.5823113515288946,-0.5584757409145034,-0.22684913343718607,-46.49919278941657
2016-03-27,1.2154819056527881,1.1202215638236839,0.11666906728946541,1.5424164524421633,1.1060038336363258,0.9084654594750169,-0.41305194193288236,0.673700266937843,1.09110988956544,0.9361526224748026,-0.5356346847249455,0.7201646090534826,1.0758676810547507,0.9657996739090358,-0.8765195310527579,-0.07631645891630917,0.31148625558663695,0.585263327178045,0.9710782984334342,6.0372754147652135
2016-04-03,-0.3551034803116525,0.019146551017337327,0.6710648422417684,-2.688860435339301,-0.7849695876749967,-0.24252289540076072,0.8659836424629539,-2.4971333927888826,-0.8122706737592289,-0.3212768324920145,0.7857248902475165,-2.836147995359016,-1.0009573454280232,-0.7028143334291898,1.0649260925079875,-2.908248616651642,-0.06074819886815777,-0.7379236980162341,-1.063160803040249,19.21723010913062
2016-04-10,-1.0318483893795465,-0.9882832363323545,0.4212089118451907,2.1583686440678096,-0.9608524865372183,-1.020031715959338,0.7027422535655402,2.2586999343401164,-0.8754264615475534,-0.8904703031705794,0.8361509684476919,2.8666666666666742,-0.6815922401558769,-0.6567404607180976,0.41323440915672466,2.0910047343503275,-0.8112468628084691,-0.8403664758740168,-0.9791116352268291,-6.658714419126168
2016-04-17,0.05596536835197428,0.016547584808022382,0.054379423818587264,-2.1382842509602917,-0.04487810829762892,-0.16462802554413192,0.23303598913235532,-1.7902813299232812,0.034955782770361855,-0.22972343199360418,-0.12430963401641318,-1.7067494181536171,-0.21565783070120384,-0.4378376379485195,-0.20314588547959408,-1.5697375193000502,-1.3091901055956245,-0.7282716019057676,-0.39179824670304325,21.740686205728725
2016-04-24,-0.2986267939101901,-0.7236839359649118,-1.2817592656270755,-0.5352480417754525,0.4723261336370845,-0.5225841905632546,-1.2727922061357988,0.880943127348111,-0.27237419271823976,-1.2403878310081213,-1.0205975836196952,-0.17062606641290912,0.8412901533854106,1.2226314187876253,0.4788708694778123,0.8294453084499749,-0.6433093101233335,-0.03680390820384972,0.914574557324246,60.565486243910605
2016-05-01,-0.22124522595112084,-0.540235598457249,-1.0776847890040602,-0.3109211037699118,-0.14957215004258087,0.34286777367772303,0.02691909510286467,0.9812782440283936,-0.5143900212564467,-1.1930485279767111,-1.1858401930644102,0.2754098360655656,0.06869703968571483,0.6223656929763778,-0.7474176478577361,0.9736466311826558,-0.8932762620640268,-1.3591657890537063,-0.3802115210940178,12.502656822720747
2016-05-08,-1.45356492776934,0.8829063849332283,1.4792603494607237,-6.400409626216077,-1.480926457346535,0.20768001929732263,1.485550014950183,-3.897265525172516,-1.4583392062476672,-0.6690716645466714,1.4627301504250987,-4.8621095281662505,-1.4992200006829417,-1.4973240224673532,1.4420418464976197,-1.8791595980686384,1.499110930745533,1.4953451309097658,1.4892703182421971,125.10879422018792
2016-05-15,-0.25819922925984184,0.9012943213998917,0.402292648814253,-3.4416581371545516,-0.4518721014883881,1.1334722573970595,0.6732875196108854,-3.1640724674661773,-0.6035832421201021,-1.4674328791823814,-0.4817913500966232,0.3496503496503565,-0.5716272576949787,-1.2391256560725004,-0.7368359339407681,-1.177404418573886,0.8107297144318176,1.3140697470280605,1.4003852722374452,-79.14349675012845
2016-05-22,0.00014677770318875414,-1.329128609582588,-0.8333892760868448,1.0233918128655108,-0.2839715088269799,-1.4940962668633941,-1.0281369738831598,1.4956982131039176,0.31413982027586645,-0.11894491429946935,-0.42717479525522706,1.4851485148514845,0.1317448694144213,-0.07995094062834682,-0.3798109995516887,1.8740031897926777,-0.7331610863866201,-0.7258176124666527,-0.7360652537464162,-15.24313903429008
2016-05-29,1.0718232690583962,-0.5865926978381324,-0.842250622114769,0.18298261665141885,1.2207274859561406,-0.5752375951127812,-1.0797480391200576,0.026079019428864286,1.1727384458516195,0.5555258202108122,-0.6588890748738244,-0.3167480533192489,1.1649287907928214,0.9426878189468412,-0.6174529904295484,-0.15764582238571273,-0.8607085571897768,-0.7046990538720894,-0.6133921229894677,-42.90099987194205
2016-06-05,1.042443791910151,-0.05471378416686073,-0.4003221630047302,0.7378129117259394,1.1381290767766992,0.003476163975464571,-0.6179052652930787,0.11709601873536744,0.9815104938028759,1.0141049090813696,-0.46245528010377496,0.19778481012657104,1.0114597017817542,0.9513350910701754,0.5583316335356464,-0.340938893259907,-0.607191151654759,-0.5397607577505716,-0.502933746495146,25.44715832314488
2016-06-12,-0.4286612030251097,-0.44431032852743446,-1.3075415115663893,0.6591957811470007,-0.4043650061163724,0.29704426289301517,0.9246290931006866,1.25934671389216,-0.32101178387447304,0.14015631474017906,1.0404579247660102,1.1660262355902948,-0.467209880179437,-0.8589906941945523,-0.9385230769203998,0.5512534453340356,1.4363440682905564,1.424632626179536,1.2463360212998307,15.02243688805174
2016-06-19,-0.32938884483482433,1.3670597861894682,1.4866845259666692,-3.7301793605406868,-0.34371577417869253,1.4279918904394362,1.4656335946601378,-4.231712037156497,-1.0989721845672749,1.2349380737954012,1.4919545061854254,-5.1839245974603925,-1.0501574014575095,0.6713288932691152,1.4895781784894988,-4.827853999482271,0.9026206652387383,0.8625507460839975,1.2056055389652083,46.85116841968264
2016-06-26,-1.1641590139688578,0.3814610576394255,0.7453051985558758,4.37778678556951,-0.6229198792736246,0.2132007163556347,0.5266344179075555,3.81219903691813,-0.7549714072122092,0.15648884411483016,0.36913954252460074,4.166666666666656,0.11293390583171499,0.38637842002646755,0.39916092006994064,3.2327297116029468,0.23738372123508766,0.14199341668740925,0.2865397600905878,-52.0321543798938
2016-07-03,1.4416588538616804,1.2607416821512896,-0.14685517565033618,2.6720542231491096,1.4904687277756665,1.3938551912899007,-0.4198492076752424,2.551813471502589,1.4824336587925275,1.4323999051532756,-0.37799533808623903,2.925741275255844,1.4764488161094786,1.4323321349145939,-0.07653215722793234,2.779953014878616,-1.4407030262545566,-1.4369816841907936,-1.398394681761788,19.351672377685567
2016-07-10,1.2465412144411727,0.8661532518568139,-1.3571222662628177,-0.507743082000515,1.158993038988693,1.012699942337258,-1.187001214689028,0.8118736521628829,1.1782950222921766,0.7962630055726942,-1.2114536701466407,0.08943401047656496,1.0587274189214857,0.9988277732855131,-1.1674414659764227,0.9552923194497516,-0.5396382735203473,-0.3091529245037395,-0.5534252168402871,28.563145437476035
2016-07-17,1.061428835668334,1.162927851681627,-0.7648780295073551,0.6411868242393649,1.1260108054678364,1.2011348457590374,-0.6965473432141058,1.3271566295229775,1.0992605397389545,1.1983199189130351,-0.63545012391279,0.9602021478205822,1.1782174137352326,1.1793474280789118,-0.6791193372261523,1.7769376181474617,-1.137798023939275,-0.9445995343319816,-0.599897277706023,15.38866276830609
2016-07-24,1.2433800903932777,1.3510664737210076,-0.1389179937682924,1.1892963330029829,1.2776053145004769,1.2319187202466597,-0.8033555172047416,1.009230769230761,1.2606603634332363,1.2840407419857052,-0.4775597164030124,1.044386422976488,1.299287161261764,1.2197150970750377,-1.2392125389464976,0.8128078817733948,0.7652328839185475,0.3878281686631048,0.19520000207205893,-30.13163708626502
2016-07-31,0.7800816290348495,0.9625961117881279,1.4692673811854124,0.6370207031728656,0.8001871897606149,0.8472238499479815,1.3701027851542824,0.7099143206854324,0.6946889046519131,0.840560440889603,1.464109419768685,1.4572175862498289,0.7005169161852092,0.8040796912923187,0.6371959412338805,1.5434403783918282,0.007652376654800166,-0.5190474029001302,-1.3398747523998074,24.297727230635317
2016-08-07,1.1056505048196756,1.1902583515522813,0.7720880321914465,2.8782287822878265,1.093479840469004,1.268572563057242,1.2444949743673708,2.5628448804414514,1.003101103420636,1.1070578696477036,0.30587460452809456,2.05623683884553,0.9923569965931017,1.159062814390063,0.8809188949883496,2.3114956736711867,1.304241265372632,1.4707936447201762,1.4683971173673511,131.31939229848822
2016-08-14,-1.4108973625289627,-1.1984414799357865,0.43285603809280304,-1.2582533947925638,-1.3944239350308603,-1.1234868754963576,1.0472178877340625,-2.1457639659637557,-1.4565144964299803,-1.4319091080164785,-0.608099885300262,0.8212498395996232,-1.454792323006791,-1.4318712085356506,0.1500185984997845,1.4492753623188348,1.4814826685356624,1.457067119867843,1.4421659133125824,-73.61476738135238
2016-08-21,-0.825061213212276,-1.0268881895035546,-1.4923842507378617,-1.0827143396701668,-0.9237463119306254,-1.208919027747723,-1.3414243036994171,-0.3901825047199525,-0.6713445720027219,-0.8180861572642997,-1.1605041646621284,-0.34311856652687256,-0.7961320173767786,-0.9844886127732406,-1.4561795251558771,-0.15249714067861805,-0.40014740902788104,-0.47319889811670124,-0.48060234091302756,0.2529020879647668
2016-08-28,-0.7985811048570736,-0.8859893737777012,-0.8542336080727075,-0.8922880815806282,-0.9247189395597701,-0.9598685483293513,-0.7196805353356394,-0.9545628102329136,-0.8570027498931141,-0.8831952322337211,-0.778566910320205,-0.1164294954721907,-0.8186959291857325,-0.8794851648939263,-0.8142769664782188,0.2581311306143557,-0.4930252863725097,-0.716785257066431,-0.8287739390231543,-9.938027018993793
2016-09-04,-1.3676169797621236,-1.1771276126932433,1.0125096957953406,-3.5354838709677354,-1.2687518842210068,-1.0228486798123737,0.6134672653702686,-2.2964778738227336,-1.2869322289900105,-0.9429462695043651,1.4269874988184026,-2.8601144045761866,-1.3502485824681278,-0.9372916364946321,1.300794081094836,-2.3015257305404715,-0.16439067971627613,-0.3449912828753295,-0.33389414647954213,58.34073485600794
2016-09-11,-1.2868690604547186,-1.36162658486461,-0.5074901082161755,0.08001066808908157,-1.2530680946932558,-1.3816761118650922,-0.4521566405338416,-0.03984592907424776,-1.2292718394342703,-1.366552221561471,-0.26681952177884405,0.8235452949912428,-1.2502620880353845,-1.407034435665521,-0.1460041093087206,0.5113712824653417,-0.12421936238258016,0.6141058974232529,0.9436032557950825,-40.86151615585877
2016-09-18,-0.3051951706399861,-0.20743164764861277,0.0359425378723864,0.8666666666666742,-0.16532183849198512,-0.04469581276486568,0.3558876585928443,-0.8519003931847857,-0.21707790855620562,-0.15673423920550103,0.060123153645675026,-0.14678409394181938,-0.22650734135582395,-0.16593343702569485,0.08643633076504624,0.15987210231815155,-0.9450044046712671,-0.8850869534500171,-0.48960331842568033,-3.300048206438592
2016-09-25,-0.7122336342309993,-0.7230137319730444,-0.7989913351339339,-1.115982463132708,-0.8487560396350265,-0.7479985456150071,-0.6597748352777878,-0.9269067796610208,-0.7774998361160752,-0.6875893778761134,-0.4228260713931431,-0.8406725380304183,-0.8691865727969558,-0.7185321403459485,-0.30115261424204187,-1.1828814460393415,-1.0123539986209251,-1.0430100087172793,-1.1075130416226204,15.39912569614947
2016-10-02,-0.7777570843082029,-0.7351520078867008,-0.5139485867524543,0.2552734112588979,-0.6613873309814303,-0.6315942946485918,-0.40419771916521613,0.37363223912463456,-0.8227608726513488,-0.8028836651582582,0.495774343209739,0.3910463861920257,-0.7642029880243135,-0.7627516039439862,-0.3899518911162112,0.5914773491060595,-0.4356044250647708,0.9294377990207345,0.9394757097284622,11.279936891539707
2016-10-09,-1.4993434986527103,-1.498867522335903,-0.9808912317321762,-0.6439495572846846,-1.499114443738118,-1.4985550766767621,-0.7883936085671887,-0.8818813468733252,-1.4991679378887561,-1.4989711969656383,-1.4599217508670634,-1.3480722566729575,-1.4990967861309517,-1.4989422202902134,-0.9778562521956267,-1.2392241379310371,1.4932341012643569,1.1573075476952681,0.006725995572679694,-25.99491444254048
2016-10-16,-0.8763834542012259,-0.8796810321398607,-1.1768736380614215,0.1084010840108378,-0.877569211026347,-0.8807898336764339,-1.4241298028495302,0.3785830178474867,-0.8765370201253875,-0.8728580776472259,-0.8181142082310175,1.4892443463872012,-0.8754273626825027,-0.879976475660611,-1.3718095284323621,1.3942044833242349,0.09048118090287331,-0.2413311859912294,-0.34923344995335315,-6.981671079546838
2016-10-23,-0.5086373773414435,-0.5077294963653878,-0.5411610655113211,-0.1900108577633015,-0.5057167776046072,-0.5103216337222739,-0.9848684162614285,-0.10825439783492896,-0.5062706932021848,-0.5116706574175596,-1.0325570205425965,0.383771929824563,-0.5052578647462922,-0.5121860655547031,-0.9372067260373377,0.19016571583808825,0.1461665468693463,0.3915656697998384,0.5001865601412623,7.654159010212231
2016-10-30,-1.1945881801947524,-0.7848963401599179,1.3979334148501212,-1.1943539630836175,-1.159121189856675,-0.9216911430120169,0.712690759301152,-0.5694143167028223,-1.257795106644198,-1.2913301020235926,-0.19084601174300986,0.0,-1.3283957101542523,-1.0823714257114698,0.25351647023770346,1.1868617168092734,1.233980254305377,1.4135737078774748,1.2503471441465146,49.143408369135535
2016-11-06,0.9624073266215465,1.4767486877726095,1.4235730426820277,3.2822757111597256,1.3267679525335523,1.4572135577577021,1.3875663710748338,3.1750339213025827,0.9443137860851778,1.2407552878027677,1.448671260701768,1.5655039824224124,1.1395584685854698,1.3384162791055778,1.3300308658318374,1.3380666302566961,1.3298842920362006,1.255427118353496,1.2598221707262671,71.1557839431055
2016-11-13,1.3417433892725683,1.331223018786084,1.0109090079781735,5.702592087312424,1.2965668861417963,1.278058098362178,1.1620671349931695,4.098580230377714,1.3100172736815914,1.3437226282426027,1.2192862527783486,6.720132743362853,1.3143947953255324,1.3443321448446588,1.4061598849263204,5.715841045182367,1.1935813159267634,0.9961078869087537,-0.1961526423869628,-19.63004503917845
2016-11-20,1.358420691385522,1.1618177664672726,-0.9311062325227571,1.1031298101590552,1.2622155481435302,1.1244412467808118,-1.082363445452848,-0.6021073758153588,1.3583781702118316,1.1095883396989692,-0.647713112845742,0.9511568123393432,1.2293515095179697,1.1075286907558652,-0.935247353146375,-0.8320726172465919,-0.7849431391498932,-0.002783806668890451,1.4241918670157945,-46.09357345539375
2016-11-27,0.6535678124046497,0.5844890614321055,-0.7662429152221942,-2.0817466362020824,0.5177447168094045,0.5590816892568281,-0.5400940722426957,-1.4906518443658319,0.6318824713376059,0.6429643461309884,-0.6066206551115709,-2.2623284189120496,0.4296680775537334,0.5455640536701135,-0.34678635075784814,-1.9030702867292568,-0.48333445052477186,-1.3523633416382792,-0.9409330160587274,31.69192240717215
2016-12-04,0.20440014064718356,-0.18930302135082017,-0.7707492063316383,0.18055197317513613,-0.1369509200088242,-0.3997502341311183,-0.44419752353360326,0.386697602474861,0.060403534570379,-0.5402179897819566,-0.7054539542777523,-0.41526083571244143,-0.05765485360287837,-0.4909918983166138,-0.5560273379169529,-0.4390495867768639,-0.6067195730992125,-0.9271347743996039,-0.48887238009990364,50.43707388754436
2016-12-11,-0.9972492732014275,-0.7778354150853012,0.5954913341754059,-0.7757951900698326,-0.7216993932432698,-0.7236729388821393,0.606339062590823,-1.4503816793893138,-0.9317411587510589,-1.0990832357782478,-1.0860251815239226,-0.415800415800407,-0.8704532627981686,-0.7105011751452238,0.546381488867413,-1.6866854076156494,1.1536664209037806,0.977966046275221,0.2811291688546231,-22.85642435733265
2016-12-18,-1.2632723741470488,-1.3993775075549189,-0.8136025003766845,-0.9844559585492294,-1.3049819068071353,-1.2692596410624188,-0.7606388292557454,-1.2583461736003978,-1.0880129767430107,-0.8511441342736028,-0.38944621178102345,-0.8062418725617744,-1.24038801229756,-1.2220322548355291,-0.6458949429665601,-1.5202267456841108,-1.3591229848912487,-1.1415829334619103,-0.49581157770098966,-36.85592712986504
2016-12-25,-1.361437041014827,-1.2816817831242282,-0.37306200253034977,-0.7839038411288326,-1.3992992897127337,-1.3725687429518554,-1.009783601247487,-0.7806401249024126,-1.4226363087664131,-1.374839738318534,1.0631065793334256,-1.420305102577607,-1.4151265584965877,-1.4286725211688267,-0.523185079811435,-1.469045120671551,-1.022181751037588,-0.8932902105042,-0.6432077629812706,85.36177301542723
2017-01-01,-1.0482617211855583,-1.029931340199231,-1.0031931388703716,0.39703546850184906,-0.768228657506504,-0.8831760866327872,-1.0237854491848843,0.8427706083750337,-0.8206654281544854,-0.9863039747295044,0.3000000000000006,1.2276487856952252,-0.5364069315166771,-0.6119771673368789,-0.4568321925760789,0.8481314603763591,0.7976069953261156,0.6255241447305907,0.12518656539212497,-15.776929499492265
2017-01-08,-0.2852987328764842,-0.0722629373530043,-0.3523421729511575,-0.1054018445322958,-0.17487688691636724,0.05860984988734454,1.2344267996967788,-0.9585492227979392,-0.3331435312814765,-0.6462117250281931,-1.2999999999999758,-0.052756528620406286,-0.021133040240798498,-0.1875121073192888,-1.4891918303873035,-0.9650495565988642,0.47428141398530305,0.31266324871704454,-0.2402299064804548,-31.944980438945688
2017-01-15,0.23145216272097516,1.13962615092145,1.444803344611881,-1.1829652996845317,-0.6814506943681433,0.8471737420873567,1.442947149050722,-2.357512953367885,-1.3104634629139367,1.3189685182390145,1.391854890031282,-2.105263157894729,-0.6663333530849092,0.8023281171213544,1.4378117424491286,-2.970297029702972,0.5798297207684736,0.3258477382514014,-0.49033572188593344,-11.061990220627356
2017-01-22,-1.4391377422207912,-1.2124106277149478,0.2106573713814906,-0.6156316916488139,-1.47765610468691,-1.4277846982946252,0.24210006235313325,-0.8273285294902649,-1.4612312094995863,-1.3900955239682329,0.6070667765221763,-1.211305518169571,-1.4261873303882422,-1.493691540913312,0.00769230769228981,-0.7506702412868473,-1.1074669538777306,-0.5303998978200947,0.5872975373620439,-32.807153376223056
2017-01-29,-1.0786761104316418,-1.0688421335990557,0.5558759055874556,2.1508303838824023,-0.6578600835119737,-0.7924819756063328,-1.0612297257454326,0.8802347292611317,-0.8218118047515762,-0.8775789153769041,0.45602340080710935,2.3211359912616096,-0.5141679318893155,-0.8514902084457021,-0.7224080506627794,0.5339028296849859,1.3244041043534402,1.4421382972261725,-0.13081803534043643,-25.71966102524211
2017-02-05,0.773809613401876,1.0021577633231347,1.2121338370562127,2.846501729183275,0.9569972960097878,1.0602017061557274,1.0272727272727111,2.781456953642377,1.1156379786199926,1.0530818487020357,-0.7332193529013302,2.1333333333333258,1.1560748390429745,1.0237104566808006,0.37004432756631944,2.206273258904852,-0.39173008169820217,-0.6148292700597463,0.943232581832671,49.224723742420714
2017-02-12,1.3465620046004,1.1381601382627649,-0.09893395889108551,-0.2343749999999904,1.3445585633851598,1.152700098679529,-0.5881614797845994,-0.8955987717502596,1.2813590859211565,1.2270280560873232,-1.4363845230758943,-0.3392484342380025,1.3141059109456916,1.249989576302997,0.16579176998502115,-1.1526639344262186,1.1484238231352024,1.3192208647085901,1.4504156464549458,51.92628208378232
2017-02-19,0.7953300633868885,0.6830146674931871,-0.8252889016822419,1.0852713178294433,0.9245509416684352,0.877756810567918,0.22075252408406743,1.912144702842364,0.7544439203776843,0.9150032017970059,1.4454566287719122,2.815048671402264,0.747476159796369,0.8996552275115618,1.1688676445465498,3.1217208814270854,1.4108607542461156,1.3783453560706502,1.3701980469859782,-50.15559059098564
2017-02-26,1.1502450617963034,1.2037612180013268,-1.2138424802006265,0.3578732106339483,1.0265527591858796,1.1957025382809026,-0.7131318730286228,0.3558718861209798,1.2398228187707767,0.8583312944807155,-0.9719125694931477,1.0575187000257842,1.193261602046718,1.0931700938823627,-1.1418017345754947,0.17843487127198646,-0.30028202119888836,0.0038645437412969724,0.32547579098288915,-54.688867452540656
2017-03-05,0.5262269761457968,-0.2669986804560619,-1.2200049250586642,-0.5103342689461489,0.2539426056816263,-0.028629916715694384,-1.20979312641516,-0.6835443037974762,0.6276324614002438,0.33557802760699285,-0.428961082914198,-0.7926361544362114,0.3279910227403551,-0.4359499466922336,-0.9942939032425738,-0.3065134099616793,-1.060292289807202,-1.2489329200304038,-1.3220982756020883,-22.40595417218177
2017-03-12,0.9776394454322843,1.2092417880935449,0.7132505270168302,1.2011244569384074,1.0098423110220107,0.7904449061169883,-0.027209835049032793,0.7375381485249215,0.9136424141003623,1.4401138028770424,-0.4711428474315504,-0.1281722635221665,0.8147605544608892,0.6479214605230103,-0.22346889653567167,-0.12774655084311998,-0.46971686821965547,-0.3429479096586304,-0.12443196202345295,65.81245988564524
2017-03-19,-0.7480714827669677,-0.41277516819280674,0.05098679612947148,-0.8407643312101868,-0.7226105366321002,-0.7549834435270676,-0.8258079455216029,-0.3048780487804813,-0.6327780516586636,-0.5467250652231381,-1.2583057392117916,-0.051493305870244914,-0.48433902242631727,-0.6431225057304869,-0.8183774785616651,0.30729833546736124,-0.8592346787977296,-0.8423297416407214,-0.8802913057057181,5.396369560616762
2017-03-26,1.011509132611747,0.8735662897359631,0.7988299398747323,1.3289036544850397,1.1681295715792952,1.1573148371098778,0.9406856195825513,0.5830164765525903,1.1534450887611996,1.1790018018937793,0.7855617068703425,-0.05117707267143302,1.1633059029402253,1.2534573457126728,1.257580131480974,-0.4828462515883223,0.10720424102734709,0.6402339330589875,0.8929160710701817,-24.30450836813821
2017-04-02,-1.4069478299472489,-1.1571645661771082,1.3727272727272706,-2.8345250255362604,-1.4043321721140403,-1.2941667158234935,1.2495993702940986,-1.9152196118488256,-1.4329118815671842,-1.3967704685937037,-0.4343609543564162,-1.0702166536152535,-1.4589148791901718,-1.4021488228903318,-0.293012280942886,-0.8865710560625903,1.1612643224118477,0.8206261885306204,0.18806045066198385,-42.37754743347442
2017-04-09,-0.8361114912326434,-1.2589254321199779,-0.347715688915458,1.4744602422327602,-0.8588733904349194,-1.1883458660439636,-1.022619479930592,0.20773824980525946,-0.7448042261553032,-0.7618390490621187,0.14372777341183762,0.47480875758376895,-0.6274886223268449,-0.7051960828992643,-0.6023578494910357,-0.6495193556767991,0.01323722636933224,-0.09773412585221676,-0.12219617575592671,-40.81602721291481
2017-04-16,0.020785435813512936,0.5176408495587794,1.1373870461214082,3.424836601307196,0.06104992462159202,0.45980310132581836,1.1242773173276168,2.6690852552474578,0.14735965260533423,0.3645711919931238,1.4139798351064954,2.5439286650930995,0.24320987164782895,0.3985786314209479,1.1409679851311443,2.3165018219677265,-1.1799838793357453,-1.2964980911330906,-1.1996276825857097,11.156986748595266
2017-04-23,1.3873534663878897,0.642589564430197,-1.2540430568900909,0.25412960609911417,1.3230685562255426,0.9137914004437464,-0.7180036347069446,-0.025329280648424542,1.2889043887464704,1.074650647300764,-0.3395019487467901,-0.7666751852798472,1.1823797994489236,1.0108203727356162,0.3129843185743787,-1.4216806296014275,-0.9549822153066149,-0.9711393138453784,-1.1130541573438684,-10.504305216246472
2017-04-30,0.7540360657905343,0.6352788172959889,0.05161867595967287,1.4138817480719903,0.8049049656709831,0.4704656263956172,-0.5224663960059355,0.07604562737641073,0.811339148369383,0.5857948852295796,-0.539917586688119,0.7472300953362513,0.9061141452410335,0.7375832058196876,-0.7935050336789005,-0.5069708491761795,0.27947775108360495,-0.11741082149472483,-0.45228588291480887,2.298276323981897
2017-05-07,0.48290859766615035,1.4680354917808436,0.8209119107657504,-0.9964230965763938,0.9140566619343373,1.4880781533006926,1.221256866513208,-2.039274924471305,-0.08389315077320195,0.9197547647564267,1.0310102912829227,-1.9953952417498109,0.43128225433476486,1.4593036305977303,1.4103064005478718,-2.6335781210433,1.4629790197638102,1.4794076281090673,1.4683122608314902,81.94353974118866
2017-05-14,-1.499612206477785,-1.4600102783667717,-0.09516032159245695,1.2768269491985842,-1.4932917770447134,-1.4109006624402745,-0.1409534387452952,0.10612894667020203,-1.4950052022957345,-1.4986933482737772,-0.06227863171536898,1.7524644030667946,-1.4982520761142903,-1.4080792560016158,-0.20601931155362962,2.087852494576996,1.395636535091069,1.45535208208384,1.466540026240406,-64.51875401512319
2017-05-21,-0.7350166214599881,-0.7289884753689165,-0.660160224489819,0.4517672070156646,-0.8625253448447718,-0.8524662967965057,-0.26452489913070526,0.7171314741035941,-0.7083280021362783,-0.6600950831041418,-0.2794842662984001,1.3196875841637352,-0.7982350099954353,-0.7953527571455201,-0.24330567536209144,1.5322580645161297,-0.2976957686007276,-0.36796755892753724,-0.3172453877002494,-49.27128307670101
2017-05-28,-0.2592702813044898,-0.36175131311527675,-0.9037378388935285,-0.3983005841741864,-0.39455992584980304,-0.4515063298152869,-0.7574598056489235,-0.13210039630120016,-0.1989669202399229,-0.4103637300666164,-1.274268474174151,0.0,-0.2967666470288295,-0.3737699922158384,-0.7549903524469223,0.2672367717798007,-0.8798559295120972,-0.7242436216067947,-0.7247445765149714,-26.699688875004764
2017-06-04,-1.122461914187056,-1.1096412432546197,1.249213158645039,-1.526513122656669,-1.4334018153383534,-1.4799148695189515,-0.7315635209502844,-0.4810261892036337,-1.116466272639341,-1.128342224983443,0.9297323648817573,-0.4602057390362605,-1.3403505267511688,-1.4147911460452731,0.043247244877889425,-0.2704164413196169,-0.45705586955110017,-0.44751998286258904,-0.4411008799101,-4.640158502882068
2017-06-11,-1.2361542598930717,-1.2681428933621326,0.8824638887626288,-1.679306608884086,-1.331342482854388,-1.1823223174512396,1.358802682435389,-2.047965507949334,-1.2476515261237398,-1.1310715510912823,0.9836351330910414,-2.638020125102001,-1.1822561682339572,-0.9922471472935565,0.6999657203021268,-2.110960757780788,0.24222649943827898,0.8136216303681113,0.4112677752375297,21.238861633453556
2017-06-18,-1.3637047462035834,-1.2963468451082147,1.2779486741457502,-3.1362753261171314,-1.3545961083825853,-1.3228732595588217,1.3284610346905468,-2.5491825990579158,-1.34802034774875,-1.4335007974350693,0.4815630918706312,-1.026518391787851,-1.371209619443123,-1.39522821144109,0.2826334318595912,-0.34197777144486896,1.419420763283104,1.253995252900748,1.1654712392382196,-46.62597779306716
2017-06-25,-0.5067822922178122,-0.5531297279088324,0.5840947321909826,4.246771879483491,-0.3917009680241271,-0.35079912953508774,0.8794147879155884,4.2141230068337245,-0.3325412295604457,-0.4273646823658714,-0.20218495040750456,2.6988228538616275,-0.3182668223600482,-0.23298562875391607,1.4743570848201344,2.287021154945696,-0.26416017154891114,0.13414464851350077,0.6961932902930027,-16.667344956317674
2017-07-02,-0.35225989381353373,-0.9224600587509962,-1.090855487533838,-2.119944211994416,-0.5352369681483784,-1.0037843368893937,-1.0444427070154692,-1.9525801952580275,-0.4645139849536316,-0.702832017191732,-1.220514306517459,-2.3626530031312423,-0.5490333920921528,-0.42867739258061105,1.1093993169826761,-3.5122225344197804,-0.3251644143418353,-1.0779330369834994,-1.3933684498610697,-24.497752349816103
2017-07-09,-1.205750659317537,-1.3866681883884198,-0.7989540878185792,1.7492711370262433,-1.0709923624825095,-1.1760374649557788,-0.5276682325165778,2.6987811955890875,-0.7102682278671447,-0.8977517573717009,-1.3432499260450905,1.9900497512437805,-0.6993735443424081,-0.6731201111417571,-0.44833847969553736,2.5655976676384915,-0.6643870292580439,-0.8531789054922366,-0.7215904480976605,-10.893374857996953
2017-07-16,-0.6140166016115673,-0.7728270973854029,-0.3481704368639334,-2.3626530031312423,-0.756105556005854,-0.7795165315078557,0.007639451356351779,-2.6397956287255173,-0.9463842879028355,-0.5444787911492279,1.4498442842538963,-4.334098737083826,-0.954578273549614,-0.8009467679968227,1.3458957438276098,-4.373927958833603,1.4122962939012618,1.3032102637737615,1.2257661107116071,157.80200676692309
2017-07-23,-1.022174986277123,-0.884806304203815,1.4748219780177556,3.716919417187035,-0.7618909710379947,-0.8332020894025641,-0.7018695205469816,1.7037250938492527,-1.0746916459141944,-1.286666938653363,-0.11485867713880611,2.9157988693841235,-0.4492099402009337,-0.5147460574396135,-0.6888373961631564,2.3580786026200733,0.17350070805548376,0.02400073252294172,-0.003875767739712057,-27.905411775858134
2017-07-30,1.1680952818348211,0.9788148611184485,-1.2501775722333381,-0.5113636363636355,1.4544903996437606,1.0981470992866238,-1.3938673316469026,-0.08457851705667081,1.2950611850808083,1.1091956367701437,-0.7988299398747346,-0.31312268716196817,1.4254749282991501,1.4880781533006877,-0.9459838543372903,-0.056561085972839424,-1.2981069234201954,-0.8669118857454103,-0.5183093594798613,-21.33367928397262
2017-08-06,1.1281030060877564,1.366320669554712,-0.1468423758870259,1.1581920903954908,1.268651319346464,1.4410547311933553,-0.06393116188911675,-0.4715672676837576,1.0179530356297206,1.0734181499701692,-0.5990067692437814,-1.980198019801988,1.1023032467890193,1.4080229364540557,-0.19317352160529833,-2.629370629370623,0.9051428431746823,0.9331956433688007,0.5428036493871269,42.98938400753483
2017-08-13,0.42272331744308755,0.42109226036160385,-0.28266676611417335,1.0321100917431176,0.7323506959321114,0.6431464737940416,-0.6954359741565852,-0.22277917014758647,0.4697490096651596,0.2244983754402406,-0.4041722943271456,1.8287373004354004,0.7218653076047112,0.9141884193147716,-0.36994401362439444,1.8529076396807256,1.1413412842615278,0.9836206634731963,0.2528907399085446,-36.47101536942585
2017-08-20,1.370717636745526,1.2838728244817386,0.13929374259559985,0.5586592178771029,1.2064273463495963,1.2716476067650702,0.9278703552902486,0.3335186214563773,1.470784397181709,1.414097180563042,-1.3684339461472586,0.6749156355455423,1.36785928522441,0.8344035965238893,-1.0219981510703418,0.2793296089385515,-0.2584094175808115,-0.08722971718393602,0.6978139554152144,6.897074944595664
2017-08-27,0.8070303697493753,0.7343417996309296,-1.1521430589638508,1.5419119708438382,0.8941116539396305,0.5266401656486689,0.2093871078007877,1.703910614525138,1.1060364472726678,1.1372031457930543,0.3342186823915801,1.863354037267071,1.2365767046692295,1.4227074138916251,-0.8014666271582375,1.2590934527140338,-1.2508752999960486,-1.382038501831291,-1.3898971496860328,-12.51503645294566
2017-09-03,1.1131162180745378,1.1087948765218243,0.673575314054533,0.3047935716264877,1.2320175008118328,1.0029270508620627,-1.2238615778804248e-14,0.6063947078280013,1.0025320395064505,0.8987455232522444,-1.0774553156035833,0.3904071388733981,1.1570417821900036,1.289508010311411,-0.8972206837792752,0.6911805363560962,-0.9315641285951812,-1.0913198379631208,-1.1986125363213156,-2.3961044751142992
2017-09-10,1.2692633107954288,1.1118266391062384,-1.3222238320605793,1.2054794520547882,1.329358440248684,1.263428567354167,-1.360147050873534,-0.5383580080753587,1.3120390471845778,1.2896479410981814,-0.601721667814317,0.16438356164384185,1.2264500087623122,1.194318998388836,-1.2617865362881153,-0.16317650258363411,-0.4742726556858917,-0.4138965436890994,0.04005656777298128,-31.921411595045
2017-09-17,0.2070366081626035,0.3883673714116011,-0.08337623337905888,-1.467391304347824,0.22551909497622807,0.4558786797772629,0.48692584054822,0.4344284550638167,0.17672830295972516,0.1723560311302893,-0.3571764887889913,-0.7140895358417964,0.15785174469007732,0.8521558299588232,1.3785304893280974,1.3732491073880804,1.3866501921984289,1.1054816346524514,0.7863960155672786,78.93767018011961
2017-09-24,1.2259585563697568,1.2109242430646334,-1.3230053555821766,-0.4324324324324232,1.0818812209805955,0.9117460107822403,-1.0733720974454612,-0.8335574079053379,1.132956831137921,1.0483936935621088,0.8333333333335761,-1.0609357997823738,1.150334245624989,0.9999245596166634,-0.23794319025637264,-0.5150447275684406,-0.8669446445134081,-0.9162189912006521,-0.8318898920110861,0.5541936819600883
2017-10-01,0.23723248182124576,-0.710266198607574,-1.097622843933103,0.1632208922742173,0.1572004843455535,-0.9017089975040103,-1.2715852837534094,-0.13520822065980845,0.35771286937332114,0.0,-1.4935914259668952,-0.6277292576419322,0.3802458035589894,-0.34727428513369435,-0.2434508013602155,-1.056624221078281,-0.8816398107320055,-0.12262342860610285,0.41612802611651045,-8.338881474580113
2017-10-08,-1.160824014405975,-1.247743374069343,1.0782730688744375,-1.833105335157304,-1.2762268857157688,-1.3697116938735512,1.0135340077343782,-1.9388312397596963,-1.2649110640673458,-1.2688939053834505,1.2862567583284938,-1.8847006651884692,-1.3146464925910266,-1.461812516013737,0.8081516479200765,-1.4673311184938929,-0.11940745719735764,-0.4234808777671766,-0.7499271739931171,6.201040686535692
2017-10-15,-1.1594027956687398,-1.3346333211909558,0.3634912000704174,1.2654668166479068,-1.059563171660416,-1.102232245388184,0.548580385058996,1.3073713490959633,-0.966430651599817,-1.0617826825943226,-0.29333298830841903,1.0695187165775273,-0.9540401148636918,-1.0254427564302886,-0.17841977552613897,0.5571030640668603,1.0104304998497708,0.0031198025049637363,-0.3850651901261304,7.771200490731041
2017-10-22,-0.8305111080597245,-0.6437301369429701,1.2050766889362543,-2.8776978417266164,-0.9678057214115136,-0.9410325013912706,1.1939240115914147,-3.2782369146005452,-1.0148253973855699,-0.7951923208052633,1.3851485144897915,-3.85152107172759,-1.0248416481714504,-0.9356855846327569,1.4110859207360658,-3.3454139949818678,1.2108159346110838,1.3743482665560245,0.6931562877749654,69.48903931434019
2017-10-29,-1.381401343708648,-1.3453248825638437,0.7065650257884207,-2.7762039660056566,-1.380277096334851,-1.434910053487127,0.4492065037331017,-2.782462057335568,-1.3903098744532651,-1.4710853683915883,-0.16094635323869041,-1.9562715765247405,-1.3874466041772415,-1.4225214363441163,0.46242208960110304,-2.23495702005731,1.0271317639714177,1.0597673905469247,0.8951486292778685,27.03674078109031
2017-11-05,-1.2419628251076549,-1.029419266951651,0.8985291414394766,2.840409956076132,-1.0114250256400767,-0.14090469438996908,1.2947333253041782,4.82979342449812,-1.037716911592958,-0.6335425374740015,0.7634878612966794,3.118564283612813,-0.834693136918708,-0.5111536403713841,0.947900232875357,3.601756954612018,1.467062657499652,1.4569707152781326,1.4131432319870756,80.7458544132964
2017-11-12,-0.6656611953128339,0.05058735014749442,1.4416924725012017,5.177514792899409,-0.26316643332646483,-0.47866923470444894,-0.6263932936617566,2.7873563218390984,-0.7063357114952105,0.10310150949352477,1.2674128048213356,6.231186032510537,-0.18832425174545123,0.32225169331775844,1.1832041063887624,4.768913747424211,1.3630952115517734,1.405000576569609,1.460867427657219,-64.12672667906429
2017-11-19,1.3168257018430563,0.882708727576451,-1.3130092977792251,-0.028176951253888742,1.4307138599182552,-0.2538075504440339,-1.262745331257588,0.16835016835017472,1.4335336090353852,0.9661410722190567,-1.0338876897775395,0.5706134094151294,1.4660343375790081,0.8227381404325029,-1.3227506977405947,-0.3930376193149932,-0.7855981439834897,-0.7454544265668385,-0.5181851158704971,0.8912427394858664
2017-11-26,1.3457479159052241,1.478634963612506,1.0246897959283037,6.614128905150581,1.459088440287729,1.4946010541293586,1.1367629424959167,7.119296316657494,1.3810330491589544,1.4913984777766667,0.9419481423567585,6.743792325056435,1.4479074600325634,1.496137812474649,1.0304153042426223,5.9730250481695615,-0.14953225880510473,-0.37454239457927346,-0.5978690678858188,15.420962347350047
2017-12-03,1.0171280103595735,0.9228157432506376,-0.18929542532442237,-3.075709779179815,0.7368577679831206,0.6194575686097749,0.06531909727942171,-3.455497382198953,0.9179174578311169,0.8481262112198876,-0.2266136110597436,-3.493912122816305,0.7036499583613721,0.6162577646400159,-0.21935940398931783,-3.0423280423280388,-0.3101141904290929,-0.38515900882070125,-0.38412308287671365,-11.995303543264889
2017-12-10,0.2954624776162657,0.06888707460299706,-0.3617189820955433,2.053669222343921,0.19612511966861707,0.1010661300565955,-0.2907545179578683,2.521008403361344,0.3984972919082349,0.1522698915538339,-0.5308970343548702,1.944140197152228,0.27711088383568766,0.25511336312257277,-0.1985753676973866,2.4993208367291344,-0.03360794474950949,0.3951548491506112,0.4481689037087628,-30.41562891379026
2017-12-17,1.279381892499466,0.9027194764477936,-0.8193229525419622,0.8707124010554045,1.2185053123536411,0.015676397698078184,-1.0398230406542182,0.42005775794170797,1.4466269335769038,0.6605782590758215,-0.9680661534474673,0.7982969664715388,1.3371339034645218,0.29607826273188603,-1.1376035620907923,0.23665527215355325,-1.2922945810215107,-1.4315277416742735,-1.2655103099317346,-42.94136319484737
2017-12-24,1.1488255642549328,1.093052280284471,-0.7265151531678065,0.3664921465968601,1.145704076489696,1.270450512681522,-0.7308010817358674,-0.6711409395973286,1.1729898620126282,1.209942060167892,-0.6547919490519511,0.1309929263819679,1.112579432745287,1.3733834818927237,-0.4773645844099846,-1.2909888974954815,-1.365181017375171,-1.3969084656908164,-1.3810823317098027,7.117460022640049
2017-12-31,0.34211322266617217,0.5851496324873692,1.3096774614138855,0.4163413999479669,0.41186091629238014,0.7279774036634031,0.9260169389843877,-0.2578648788035106,0.07536929090977189,0.5619893011896286,1.308982733169637,-1.4909756735548008,0.24307903670071881,0.6261436909575594,0.6693682710632666,-1.3302034428795124,0.19676932522137924,-0.09314207499754566,-0.4337284999943367,14.560884384090691
2018-01-07,-0.35566569753625515,0.22303091468040226,0.4531617101582327,1.955602536997872,0.5100987885212445,1.2990508225806945,1.1949654412623378,3.6296685954760535,0.041029672316259244,0.9281768794019182,0.7395339050265837,2.6652452025586357,0.7566302129780151,1.1985731445215413,1.2466500790793447,3.682119205298015,0.16223348650851283,0.06222551951615936,0.22943404945845727,-6.579794978613959
2018-01-14,1.3338229962097772,1.4803000769952146,1.0243800523546713,0.22854240731334766,1.4363887051525452,1.2188889836383194,0.450900846024385,1.0411376333163955,1.1334244391295591,1.4330820122114594,0.6257682642210535,2.6474442988204405,1.309863369377806,1.3317509298838666,0.86406828172623,3.733681462140992,0.5603688043215592,0.5891872819650584,1.064534887444428,14.242973603743366
2018-01-21,1.3293206271277882,1.2381079109946838,-1.3126988743990997,1.3137948458817663,1.3201269561892173,1.2625700582172579,-1.0915765504317316,2.0859512440311594,1.3701921982172394,1.3247995324676132,-1.4174982176438964,1.9318759532282608,1.35796797535787,1.2027080560578611,-1.0509374543432872,1.8910741301059004,-0.908139786229087,-1.2006057018707903,-0.11468311187123324,0.7699212718811017
2018-01-28,0.8431450612981034,0.9477901827120554,1.125366171782622,-3.3663366336633653,0.9011694249001355,0.9223235966733018,0.07712045338817682,-2.823471642523935,0.7000218650801218,0.7353853076979568,1.441214162811197,-4.926231557889468,0.5181840108328455,0.5511392904407659,1.2675004445952605,-5.327358725416978,1.46762141622003,1.4199314915318868,1.3487141529657507,8.297331962386705
2018-02-04,-1.3343341994515052,-1.3675509312496201,0.542677573558863,3.0270270270270196,-1.3018768911186158,-1.3595044375055674,-1.3264227190085567,-0.18295870360690086,-1.3625737527965656,-1.368509794703023,0.268479080525671,1.5808122104115712,-1.331784169363255,-1.4440274696495257,-0.6564997058571606,-0.3685180310608069,1.2710750304772185,1.3598367857534173,0.9270712642307773,-14.155379719155178
2018-02-11,-0.6395753715949181,-0.4623276334092025,0.6757046163074173,3.2309322033898282,-0.6039513275654459,-0.30930614954129143,1.1380124351510406,3.8592806510895215,-0.4145133146626902,-0.2766011210322114,0.07103518514433169,3.812316715542521,-0.4502197128306723,-0.39750246986951326,-0.07800961760123677,3.097696584590931,-0.4655858291954877,-0.42572181461596775,-0.823289995043047,23.262327432741593
2018-02-18,-0.07745701130071378,0.036690386793180665,-0.9814954576224063,1.6045548654244242,-0.23465591056225085,-0.11345581406641819,0.1300099570667117,1.77835051546393,0.05082608004456552,-0.13584420226662286,-1.2673970647393624,1.8114990811236484,-0.06467077390838535,0.2893316980609154,0.10569759124631252,3.2207384131971826,-1.0315838229903171,-0.8233802297972805,-0.7874334505387807,24.000692803503608
2018-02-25,1.4667012943114857,1.44804193519989,1.464831180370533,4.767879548306143,1.4826310439774515,1.4444947053910238,1.2536241219726225,4.735792622133613,1.4154514407175252,1.436974882600436,1.428453779321269,7.7619663648124195,1.4551466256868442,1.4123573005294798,1.4610091209636002,8.406621831350234,1.2438105305393703,1.4238901939394868,1.487337410704026,-21.237478426717974
2018-03-04,1.0058224026021834,0.8791281613209977,-1.15665221925533,-1.715511079342385,0.8985296669597896,0.8221615425283635,-0.88218538906371,-2.0369493131217418,1.047026996208092,0.8896185007620703,-0.5925982309900518,-2.060867481428228,1.00152233766738,0.9463442277310182,-0.7406039248570682,-2.2985781990521468,0.08281558791417405,-0.22869749415053273,-0.27386735548739016,-10.366475087706617
2018-03-11,0.32681159915807995,0.18809408973571212,-0.7244918042328218,-1.6195310611554137,0.2249186255263283,0.13747777295979471,-0.8354495422294732,-1.4652894547201525,0.41147855992901483,0.20042022611613036,-0.7077005792557134,-1.4115356534436734,0.273750406942639,-0.01602754831814996,-0.8861657178287489,-1.093560145808009,-0.6643360179258635,-0.4511856898966632,-0.3571793569391428,-29.522394880562143
2018-03-18,-0.9659087812092129,-1.1803963840579406,-0.48503861137563253,-1.2732615083251788,-1.028189381143699,-0.7643505778959837,-0.29602068139594256,-0.7795371498172967,-0.8979993215938223,-1.1636060503647239,-0.42048495352383397,-0.9354997538158432,-0.9556141235986442,-0.5003776720834562,-0.04140961298265226,-0.953079178885632,-0.7278028817313802,-0.7304076916001476,-0.7957912892470584,24.63599230463607
2018-03-25,-0.9292160918906363,-0.9296893004905067,-1.4977827038876468,0.9883864591055068,-0.7313578108680067,-1.1569556221532764,-1.2011089914353759,1.005641402992388,-1.0157481390091587,-0.9936507294577468,-0.6691701560804383,-0.4992511233150345,-0.9616867977060801,-1.0169448330904738,-0.6795558434023972,0.14917951268026425,-0.8417129888979662,-1.1484624612811238,-1.0741725462871616,-0.5027448968695957
2018-04-01,1.3662813017151683,1.4186574760274426,1.4643942187745325,4.186276938320547,1.4772919833237586,1.382873858952294,1.279162549143261,2.23409422049539,1.277324888637151,1.3680465560236637,1.4186491620644572,2.381543041428928,1.4280531957710543,1.393585025535975,0.6825661052126845,0.3401360544217701,-0.011689850588612972,0.230811954542997,0.28342722559369565,25.14104797632947
2018-04-08,0.5183438526592468,0.42012113346564345,-0.11948674978675088,-1.89085686931546,0.3123057762301721,-0.05961964751378145,-0.8650937228573322,-0.4547630445189031,0.473031845910848,-0.02598725974077423,-0.8026143599953013,-0.3416300634455673,0.21152917266797266,-0.2087304788391546,-0.6431225057304878,0.4369992716678799,1.1327019367014306,0.8342454656923554,0.4596208503315719,-3.0171035603524667
2018-04-15,0.6644541888584512,0.23806552625295427,-0.5835173271502737,-1.1497005988023876,0.4818540295521788,0.4728540210295631,0.1268681436493108,-0.6888361045130621,0.909579152033993,0.6885391229126491,-0.3097122803090338,-1.2949640287769932,0.5475289583566504,0.19692933614599817,-0.7632369792906095,-0.2635993290198884,-1.202581960342916,-0.7717165517788704,0.06741945896102411,-30.318308400810746
2018-04-22,1.4249741011989485,1.4262863743324006,0.8821201514884295,3.852596314907872,1.3634521532524082,1.3549714802970179,1.112937525926896,3.413940256045514,1.3079140099714015,1.167215907392056,0.5494868071332877,2.4649589173513675,1.2755570772029328,1.2488612830731303,1.1610275702728319,2.093862815884488,-0.47378982793899205,-0.5933312991773707,0.05769589014952873,35.02282840555253
2018-04-29,0.15979557310312817,0.04997668298730868,-0.3068312414423315,-2.146732719981136,-0.1971412478331173,-0.14007719879274252,-0.09279526060455476,-2.1698113207547207,-0.4251694056383308,-0.5274903965560799,-0.49874243296900106,-1.5500121094696069,-0.13505246825312783,-0.30349997277197555,-0.20885239351823917,-1.986596457635228,-0.5729119791752064,-1.0594395950945967,-1.48025957923832,-9.004831434352711
2018-05-06,-0.6163582378350692,-0.28860851981728824,0.19393250345213844,3.1966813079551057,-0.3325524248461896,-0.08908513293186675,0.27941379086033613,3.2913843175217794,0.03440131721953963,0.6076414575760483,0.9895873219145227,3.3798677443056637,0.19991373570846474,0.21752020530609514,0.23738720155290285,2.8336158876241266,-0.8258437511829354,-0.30983221786341586,-0.10550235522671629,39.013058813969685
2018-05-13,1.2509064093910989,0.42556299469245584,-1.020802545230276,-0.18827959519888304,1.208601946270538,0.8830402029352931,-0.738033538612657,-0.6513142591300328,1.2755704788105258,0.7367344065498875,-1.012664571365357,-0.8962264150943289,1.1655334156718193,0.6995134164084476,-0.8024285455658641,-1.051401869158869,1.4604929122784502,1.4218978275781509,1.303390454466671,85.55915928683547
2018-05-20,1.3079239335366328,1.3898947911820907,-0.48363981219568214,1.6839677047289432,1.3200458651630864,1.2910747034450307,-1.2509255832441888,-0.06759801712483356,1.3041635381043883,1.327159922454845,0.6044645659592266,2.7563653352020547,1.359191757451053,1.2997385080204822,-0.9561065576103939,0.7317630916990632,1.2539459852162025,1.2945720701932815,1.240724451217209,-62.093922808849506
2018-05-27,1.1899552879243742,1.306309384709799,1.213593699585536,3.955444419186167,1.107898721620877,1.2852969465377553,1.2748714945240651,4.7307952241495865,1.1962053586857906,1.2945936383831682,1.0583265865833391,4.042018725736477,1.1931096482236232,1.3412182077990675,1.4309553598634799,5.1821679112921455,-0.1695199247787151,-0.16822078168637705,-0.19818537716141232,37.45722799150987
2018-06-03,1.328951575216294,1.2282390973059731,-0.053351142882644205,2.107526881720424,1.3022350946300028,1.1667867580945264,-0.3850812864114897,1.721938775510209,1.301057126122773,1.1902048297395353,-0.1295941943101474,2.294372294372284,1.2734389874143923,1.0764346936528837,-0.6705745324819808,1.0421097405359312,-0.9177975119513725,-0.9504384372194605,-1.0068918654623233,-35.16910717218359
2018-06-10,0.9125214972525607,0.8369091437129009,-0.9939508912488936,-0.2526847757422711,0.9477069214221931,0.9120887402411251,-0.4172604789792431,0.7507820646506765,0.9247656335463957,0.7907078760298303,-1.287000617812603,0.29711375212224234,0.9192069753731051,0.869675283977199,-0.3907035770421639,0.5659190945294404,-0.6969899510803167,-0.5737853425823765,-0.5778376654567176,12.44869699765908
2018-06-17,0.789855806738073,0.877083155246166,-0.3393288965802576,0.485129719468475,0.7489374525102075,0.7293997235332565,-0.7438552837158319,0.2712854757929788,0.7484366654928016,0.9021925347701287,-0.4988466671902805,-0.08453085376162119,0.7456077969213819,0.9562458344890288,-0.3104451113891364,-0.5847953216374292,-1.2552092304883768,-1.119222843832015,-1.1855298733484771,-0.5612725785129947
2018-06-24,-0.019097049542795837,0.593621520054457,0.7100902470815528,0.7438894792773676,0.07774577983233753,0.12261079712805585,0.03709645251221733,-0.14699706005879942,-0.05748328706531608,0.28475053995147703,0.2836610233340963,0.6408886989959349,-0.32286497427145283,-0.577405366941589,-0.5610168307573885,-0.2941794494641743,-1.2769112917713021,-1.3717320945604805,-1.279459267091176,5.730364004277762
2018-07-01,0.39606055621334874,0.15833688455020464,-0.5829374961945729,0.755667506297228,-0.16365327083935027,-1.2735554059181757,-1.3102062823673133,0.3967425349759819,0.9009887596887988,0.3794778341528808,-0.5780185881435672,0.6326444538169489,0.10634310261236227,-0.38033752636984375,-1.303618796012813,0.5674653215636888,-1.2840361216264005,-1.00952012302141,0.0859011355096854,60.5516157584411
2018-07-08,-0.7464726086088641,-1.3143849468840174,-0.46860044248363014,-0.104668201800302,-0.9892715140094401,-1.200296406080841,-0.9618600860701064,0.0,-0.650380339971548,-1.2629119877061985,-1.1204077366211567,0.31786395422760266,-0.6709606485571062,-0.6358582185935148,-0.02448510534370601,0.14730639730639788,0.6800505940051248,1.2028407114659287,1.4057810167405358,-61.256421193338575
2018-07-15,1.4335493928560976,1.4229874842414498,1.0251528363134972,2.166140904311254,1.4822773719775666,1.441526151220448,0.8798558640274173,1.4265040314244466,1.4118653165546684,1.4305407236658723,1.1415238764101525,2.1030494216614093,1.4749815631703982,1.482613656217007,1.0203850887170038,1.3084112149532765,0.05990637555842203,-0.3344253946192649,-0.5127282219831623,-26.9495391939515
2018-07-22,1.2496711238734322,1.1599033246539758,-0.7022753459139691,-0.7968941561095231,1.0894641658006496,1.1079693602147616,0.5577122419180647,-0.06129955046996555,1.024610454770537,0.9165646879869161,-0.13828164386916975,0.0,0.8863661035963667,0.860661241848188,0.22576730008219068,-0.2679859822716872,-0.6056534464943563,-0.5943192819586309,-0.5966488562576875,-10.205633196879461
2018-07-29,0.5215901452986909,0.5898411448955032,0.14638501094227127,0.7223942208462214,0.54384237924568,0.42343660280685064,-0.19141896816682108,0.7371007371007359,0.5418892758301735,0.6839094777699068,0.5567328891023402,1.0982179859096584,0.6923564970055032,0.7892283294029687,1.4089077674022512,1.0281719103434093,-0.3900807978699207,-0.32746216054725735,-0.13513070561623997,-44.536602050814075
2018-08-05,1.423218619886558,1.4745651477048605,1.2401510728714855,3.0531243639324237,1.468946063828756,1.462662288166799,1.4446979041520187,2.6709834075273173,1.4848947945195283,1.4750877780172393,0.5768598922910647,1.7220172201721942,1.488660255051495,1.4726957730795291,0.9615384615384696,0.6076564715414305,1.0463827037496918,1.3900940359114022,1.113815033384701,53.74835956917613
2018-08-12,0.9697186614969595,0.8385617401198499,-0.12225015187719719,1.5662650602409662,1.0579314125658785,0.9487981344598713,-0.26335178430794964,0.6127693220003857,0.9413954417744648,0.997083124559612,0.24065418862480972,0.22088353413654505,1.050297352109821,1.0921820294532698,1.2221709017702935,0.65346534653465,1.424518810050051,1.3276552719035477,1.0911252942081238,10.153230079750381
2018-08-19,1.4254623540733862,1.4044493269022553,0.8245889152481155,1.457943925233647,1.4258372687536356,1.402872620074642,-0.18224388400718017,1.3052396046988546,1.4338253248706578,1.4606560842628111,1.4617911113574453,2.638623326959852,1.4305673512236237,1.40930601612873,0.2693210892774508,0.9393199323689648,1.3454173006794976,1.4292851656154182,1.4918668355636746,-61.56326624804363
2018-08-26,0.9999588595284074,0.8588723380268442,-1.2128260607844032,0.7063197026022353,0.9872034119838031,1.0197349402227616,0.6293656440952615,2.1710892558916344,1.0499232519660864,0.9655044698091162,-0.4485965925810239,1.6895062887178496,1.03144009630738,1.0568207024027858,0.11863838764973603,2.1933085501858733,-0.7725727394786119,-0.737814839765933,-0.6652293815175592,53.35994469872028
2018-09-02,0.9687416017470291,0.9316400439758145,-0.5536902775734895,0.1086169442432932,0.9319727378180613,0.8558376008264773,-1.0182680742532173,-0.3398926654740568,0.9614377126720369,0.8555842605206079,-1.226993060609211,0.3999272859480074,0.9027567876344058,0.8495500690923564,-1.414728170610116,-0.5563531945441534,0.023874950457157203,-0.32621069764619015,-0.5620289420935302,10.291974733601881
2018-09-09,0.34669197316440903,0.5158662891807776,0.783763271056807,-2.5135623869801096,0.21848930273813832,0.4792075342222098,0.9832606363954677,-2.2522522522522523,0.2717985429866756,0.5312759470440547,0.5239725067194924,-2.0783956244302653,0.21952129541975768,0.3077479281279664,0.6634459303081547,-2.2101449275362426,-0.11739186733781871,-0.3706498985729112,-0.47652703952952613,23.732091241739365
2018-09-16,-0.18227439222421724,-0.10867853340033333,0.4175146798508613,1.5934778580692968,-0.12690578341446615,-0.3660597816572841,-0.7246737765080494,0.6378713322398423,-0.1506381085875885,-0.05128336944849454,0.25515421081262557,1.3571295779884809,-0.07795720184819349,-0.867620295381866,-1.291338930459631,0.605171465248484,0.23835762132636637,1.3271897904573382,1.4987195780259446,-41.621155201760565
2018-09-23,1.116259608781124,1.2760463102338582,0.6241177409781984,2.377927028498811,1.125055523985892,1.3454046593767002,0.8816347678760006,2.4046284577833994,1.185658228756526,1.403376517138207,0.6606445428010999,2.1307594245128425,1.2004081970769207,1.1585164855796923,0.38546928857972507,1.7403915881073255,-1.4295790973512765,-1.0438871648326546,-0.4947189987808444,3.3095142618984923
2018-09-30,0.47056440344691675,0.662722756441654,-0.5315211198020349,-2.0299145299145183,0.4566823180667997,0.5558603741263382,-0.21380544088695888,-1.2788632326820584,0.35610241788643976,-0.05707617647587878,-1.438089991634927,-0.2718868950516559,0.21144252050849774,0.023482374951406596,-0.9063090472523299,0.36225321499727536,-1.1816654115416012,-0.7470565408203947,-0.5956825580529066,-26.135686283254532
2018-10-07,-0.4004678838135279,-0.12415789238591057,1.0791489402040844,-1.6189962223421583,-0.07058976270078283,-0.018164812268552887,-0.19248524621064703,-0.9272467902995649,-0.7300551630913147,0.04858639549743748,1.2007303622055123,-1.5173410404624208,-0.71980180745314,0.33542849564351734,1.3522117549116244,-0.7899461400359152,-0.01750498425062094,-0.2732250613489102,-0.3858655150445034,-17.498188495512938
2018-10-14,-0.5800987316795267,-0.8232906452954544,0.8362177002929693,-1.7004341534008642,-0.9427917246353292,-0.3181662365009494,1.2145361001120463,-2.880512091038415,-0.8274405793783812,-0.9085006982962422,0.46566396970930873,-1.6381507098653052,-0.6494679058995095,0.8140669524762489,1.13688181647622,-3.1895937277263,1.3437410183587044,1.3905997303413655,1.1958231513666768,38.9519629793179
2018-10-21,-1.4698864145503934,-1.4750870786848458,-1.3924270646915944,-0.16713091922006204,-1.4799335741297748,-1.4796765901490503,0.799593496145405,1.8676035502958677,-1.4002256562646471,-1.4634255990903526,-0.13640413339812207,2.0163591401940315,-1.4532952843223232,-1.4032364869915972,-0.35034864902300933,1.4031805425631432,1.2840730816552957,1.4128435828101515,1.4483461251396232,64.92584111814818
2018-10-28,0.5260307961891407,0.42106344019148384,0.07403278700408164,0.5325987144168947,0.633586864798353,0.5329705851870469,-0.9689448256331824,0.07212405337179796,0.5715548475201218,-0.11502953069031809,-1.3293100220591811,0.23985239852397686,0.6618374170414144,-0.1806835540962023,-1.1572701808455759,0.09076057360682004,0.11016382545793436,-0.24220498741469973,-0.22508689268769516,-38.757819799942396
2018-11-04,0.8374783973204702,0.7171907779195059,-0.1786002989466419,1.5769439912996146,0.7184174433659288,0.4575754969492999,-0.9137576365790228,1.2434672914038525,0.7229165355258876,0.9087925336370497,0.3810757840995491,0.2944423997055513,0.7121350567724919,0.44469228077478146,-0.2160113932559397,-0.3651634106262604,-1.2639959168178612,-1.0984037296050337,-1.188213456638359,18.37971748407562
2018-11-11,-1.0878301722196,-0.47709852169885125,1.473746779698103,-5.885588558855888,-1.23552482647386,-1.133026971221047,1.383858600952665,-5.3633534687900415,-1.2928959482295685,-0.8085723685305473,1.4755017601722407,-9.49095655416745,-1.299430201536666,-1.0819459975688157,1.4808046477805439,-8.911627906976742,1.1196723355684761,1.1271609621871168,1.2004109062170596,128.54061654158647
2018-11-18,-1.4395807776617966,-1.4833554882651692,-0.5995134797999675,0.7608695652173944,-1.4200445746108088,-1.4673063105971726,0.5748686852828848,-3.9376538146021223,-1.4027129950365682,-1.4824390328689283,-0.5174411103826096,0.4389815627743541,-1.396450316605596,-1.4710636508332546,-0.4200827274224092,-1.4950875694147858,0.4453911196534552,0.7279736687661417,1.0702628416821625,-48.22093654705197
2018-11-25,-0.7087660340276906,-0.58493429367304,0.896119911385054,7.175572519083968,-0.71992174950117,-0.7710168515593843,0.8131593425410074,6.932409012131723,-0.7105699210040308,-0.6415802112297918,0.1708014396867324,6.1613475177305,-0.6379461257265819,-0.5862634903878198,0.4156195771409098,6.2349066959385375,0.6801682148362506,0.5838224501741643,0.35560727788773544,56.43395646762816
2018-12-02,-0.5209444813464866,-0.38412927102319344,0.3089778435156872,-6.0593569661995135,-0.6648773488240177,-0.5654706591636672,-0.7388477694756919,-4.921058027475919,-0.6100049140064671,-0.5021488725791771,-0.3845772353398694,-4.026416702172988,-0.6485683513651357,-0.6191866029893006,-0.5087437162907061,-2.035191859232565,-0.9042681924676472,-1.4644775649755477,-1.3968844283815427,-31.668984384648997
2018-12-09,-1.1030383738749923,-0.9126859269461173,-0.34246533314601724,-4.082068818123523,-1.218952694544825,-1.4493280620165068,-1.0438214941474062,-3.9906103286384917,-1.0674095647281012,-0.9622738565534483,-0.043750065827692315,-3.0816640986132477,-1.0560989259988005,-0.9741024043290651,-0.22093057721035578,-3.0395801443253743,-1.2990174018149927,-1.0271827559919016,-0.8867326961387759,72.5237173482731
2018-12-16,-1.4081679893863674,-1.3274696913488597,0.04692634620771639,-6.197881451431148,-1.343721579807346,-1.27872571729916,-0.06852339884779597,-5.229050279329616,-1.410250621505224,-1.3004145463481431,0.33572119362884695,-5.3604014598540175,-1.3494534860742637,-1.2373446075412753,0.13527786731613572,-5.536646244610841,-0.4850163752196873,0.07179313959719635,0.7876821878250531,-50.70254199600773
2018-12-23,-0.8225247812537926,-0.8738825873008362,-0.33228817352873574,5.5276381909547805,-0.7059887328120734,-0.7852227191850203,-1.3794783643246924,2.3266423357664143,-0.7071938057048663,-0.7426261551119,0.7214451765932725,5.457156534226907,-0.3673417588347695,-0.5624382527029741,-1.3196083438546338,2.0529197080291937,-1.279606436089731,-1.2950603639405762,-0.8634375292837008,-31.778356641668786
2018-12-30,0.3383608547198828,0.14056789354330063,-1.3125960408800028,2.4643906850554003,0.6042076087094334,0.9714267760119284,0.5740065180209402,4.640319715808178,0.5900618484020587,0.6069084572033421,-1.112994720243606,2.673312188491164,0.6881533790495956,1.04816751722742,0.7555095816158476,4.388714733542322,-0.6330807338553364,-0.7217598285450445,-0.752329588117968,42.131491662287495
2019-01-06,1.377927372051324,1.4098937398238656,-0.7790931847905314,0.8119658119658175,1.3245394137196844,1.0635560556405836,-1.0623979220011353,0.6956155143339069,1.3045059285233886,1.3358550696434779,-1.05945229992025,0.8909169926119004,1.265040225790343,1.0973945642816376,-0.9930193073105955,-1.1202705559078443,0.30386238887168904,-0.024986088733919522,-0.08468075782739226,-24.562143216836354
2019-01-13,0.9527261067216141,1.0380016232489875,-0.2634960310965232,2.855316428723638,1.0097901679108185,1.1270468421099418,0.3313366523718041,3.3667921371810947,1.034007978450059,1.137656327932883,-0.24668920887904597,3.3440514469453424,1.0476056037044281,1.178238199081061,0.4561070421260899,3.8884192730346503,-0.9778297190587362,-1.114407410659327,-0.41329241091331015,15.668540250661133
2019-01-20,1.100342962941206,0.9879932339137769,-1.4381011838960576,-0.4499897729597031,0.980298424643553,0.8529311442419302,-0.8626561302687248,-0.3861788617886277,1.0696518978189593,0.9538082919847863,-1.4538278018950572,0.31049472158972996,0.9688727268352755,0.7469059506101572,-1.0124468971534468,0.4513746409519878,-1.0167365072851542,-0.07859515317097451,0.7976145445797794,-42.73360353387593
2019-01-27,0.9057695437806004,0.9660269075832254,-0.6432206213753225,-0.30605998775759763,0.9439049854525746,0.7103809010463021,-0.3258302171136056,-0.08156606851549582,0.8446797394523462,0.6754430137319002,-0.8473132833710676,-0.5161023947151115,0.9488753056674462,0.9320689947362524,0.05008354224705881,0.5129257283545342,0.790787002688914,1.25790677952462,1.377456024531004,28.980896172839195
2019-02-03,0.3993840264554848,0.43094487470593085,0.23650683683767154,-0.3460207612456782,0.30949335931866245,-0.9807028976671673,-0.6489838499234896,-0.1421031262687785,0.5160371515494433,0.511462806955276,-0.4999999999999999,0.2260583641594873,0.47557724453810934,-0.1449242055922145,-0.40626125160416554,-0.2438033319788652,-0.7220557385895018,-0.9287655772047227,-1.0605668307444,-12.76291703004774
2019-02-10,1.4682767963861478,1.3951843911681858,-0.04122891851583479,1.4410391719098716,1.4498716355513759,1.3800099534735017,-0.805437241576967,1.0034115994380894,1.4943545331590262,1.4996236491634163,1.5,1.7543859649122795,1.4583466541261125,1.2344628030162426,0.16305346748963737,0.9648241206030088,-0.41980198836816396,-0.7070808469176347,-0.7410918166904698,18.19252367972885
2019-02-17,1.3369861310691342,1.3226001425322136,-1.234076495101266,0.5374203821655972,1.2278066437966668,1.0781253987862434,-1.369361113852204,-0.15804030027656715,1.2664049795127814,1.070852256311398,0.8364283610093484,-1.1019835704267626,1.111411337728103,1.0330493708196233,1.1380929111687557,-2.139461172741677,-0.17150945245956148,0.18899000024009077,0.10359040656485088,73.09045544053333
2019-02-24,1.1089672559340271,1.3390904586117205,1.4623852285644172,5.307769929364285,1.2755478983517727,1.3686884159256736,1.4782558038174263,4.9820645675567965,1.1402289647972612,1.3087820797506098,1.4814609303430897,3.6098154532549196,1.2358451159911632,1.3171208827392702,1.4528598857716706,3.3990345937248545,1.4919447505019663,1.431262957466773,1.4197323903087622,-46.960304650591624
2019-03-03,0.9867548444177531,0.6996836697170461,-0.11691557058833178,-1.7024569549235742,0.8463915288723153,0.7808424318589734,0.13394420791127334,-0.4796623177283193,1.0704881320598552,0.7862733377572778,-0.11184068531887312,-1.2062256809338472,1.0563973030582121,0.8106860793974564,-0.18912425160354374,0.07742934572204076,-0.21921841448466794,-0.28019782906038787,-0.3567134661748735,-3.1751875186022116
2019-03-10,1.213062547553674,0.7139272685938562,-0.6226291488285506,-0.23130300693909894,0.891021206648531,0.5947169702815793,-0.44163036004073397,0.8070714834742538,1.2032253152869476,0.6523000695189934,-0.919706002084196,0.3302253302253336,1.0531112472630115,0.8749782417504497,-0.9151525979346969,0.7893723527146779,-0.32965844315643833,-0.5421512221060477,-0.6370321584952771,23.040329043707
2019-03-17,1.052380953306316,0.9564557412933352,-0.8347574265747694,-0.24809160305342645,1.2834942304711265,1.4197967406675391,-0.748241664096473,1.139817629179334,1.0881293044454663,1.379077982653167,-0.7487311737652091,0.4621606008087849,1.1145292057713792,1.2028902041089546,-0.7997092002906854,1.0915358100344699,-0.7509921550919093,-0.7402541229053392,-0.5232165697177877,12.825924025091373
2019-03-24,1.280368629420373,1.432069155820677,0.17417761684803926,0.9994342824816164,1.2248463432959227,1.1456090566941726,-1.06405864307009,0.5255255255255277,1.215326006312561,1.3361464931141271,-0.5996078877786316,0.7414448669201531,1.203342034831674,1.1271441027125348,-0.9629261105428065,0.7002271006812971,-1.3233594731030922,-1.2678409864547648,-1.4734550866596516,7.5992310979351725
2019-03-31,1.132137744742646,1.1976393858231449,1.2610459459797596,1.6350310092087903,1.2582327768841264,1.3824297473819132,1.3826875289635647,2.1706586826347376,1.1958289312420967,1.3191410176352605,1.493778158245577,2.0979020979021104,1.2647233616853053,1.3936845638696043,1.39336889318848,2.354935945742276,-0.7592199179529223,-0.3168214751289314,0.34372258478891865,16.30587416458406
2019-04-07,1.02679931919014,0.8333514359022249,-0.2995855009786213,-0.07399186089529994,1.017299541477494,0.6792052418445782,-0.8346633618711378,0.0,1.0553535831676728,0.7980045573377811,-0.7840625602339759,0.4652028284331969,0.9996259071258445,0.9126548737041231,-0.2167365941665964,0.7803790412486097,-0.8843049736258952,-1.208520080413435,-1.0003705634476605,-3.0908426260683024
2019-04-14,1.2814810388230973,1.174711352338619,-0.5201387221579978,0.9735488611315232,1.1949566802441018,1.1093610156636646,0.13247857110574343,0.6935572184705285,1.2280389624733528,1.1989756832454188,0.09271726499453868,-0.05520794994479414,1.2028763838143621,1.0678536504058609,-0.074182219144859,-0.14681592952836373,-1.4186505519229524,-0.9481736122139028,-0.44135094942427966,3.3373049745149213
2019-04-21,0.9352418401605589,1.071220509368639,0.14977052765174076,0.9362952083715772,1.0239970298174916,1.0932901940623487,-0.09004202942288175,-0.4510193036261952,0.920766709491606,1.090295064870669,0.30602818624106237,0.5878030859662019,1.1033506028221203,1.123555078802518,-0.5515341731335189,-0.7428882043848462,-0.1387869465782641,-0.12176581467023183,0.8666905579278475,-3.763979167850055
2019-04-28,-0.49821099064212865,-0.1277056178569128,1.4346961145749513,-2.4972657674079435,-0.475520701561284,-0.34828386058777316,0.3975257926887821,-1.163213376953836,-0.796122351576454,-0.2706422018348646,1.2515418000703868,-2.3289932147441834,-0.5665269462594548,-0.20537153267470842,1.4472759424701556,-1.257288629737618,0.25203568203280374,1.1013277821745036,0.5931236967730089,20.148512960269553
2019-05-05,-1.3300413760308027,-1.434909197321492,-0.7093841036079265,-0.7042253521126808,-1.2866623523330536,-1.2117070979040985,1.4844661299373856,-0.850591715976333,-1.3587151046995276,-1.4038255158275612,1.0380188375448687,-2.000755001887496,-1.2928552332300003,-1.3465036299496405,1.452734925893707,-1.7596405840509262,1.2641469558153717,1.3589197919483211,0.8540300996646817,50.89092260044689
2019-05-12,-1.3043560380029589,-1.2648765682653498,-0.03753708619297681,0.20805749952714095,-1.28966594440105,-1.2978157079790262,-0.33182184080955074,0.6998297711367591,-1.1161611177809159,-1.0922131830387602,-0.48331169908238053,1.2293507491356137,-1.1911251984943099,-1.32320601331022,-0.6001623968133417,0.7417268923545085,1.4416653531593207,1.4413609076122245,1.4680766688242102,45.535354678283404
2019-05-19,-0.9063600640932383,-0.40740809082509966,1.3117608016242337,-2.336448598130841,-0.972276835303996,-0.6686260880727141,1.250251386762101,-1.9757688723205875,-1.1663865659365138,-1.216720691350517,-1.4073911701409556,0.27301092043681857,-1.085376926532656,-0.6921256623144878,0.7311298373693956,-3.079233946676682,1.4199335347735431,1.2274156444175228,0.6424751378193979,-37.35337021633815
2019-05-26,-1.3530270242157154,-1.3811751102998908,0.7744245940046088,-2.5198681915099908,-1.3667576973765483,-1.3028292105135917,1.3891876268332477,-2.417962003454228,-1.3071710466502708,-1.2299148375478322,0.39302483034120084,-0.7589374875174807,-1.380354431158071,-1.4143517018363245,-0.7390298990841976,-0.3594967046135405,0.20906784024061872,0.08135162212460417,0.17254142383589743,-23.572751410794464
2019-06-02,-0.4277433484312423,-0.3864863145755572,0.15848302854071974,3.5466613829997997,-0.5048632064066904,-0.6616543713167273,0.6028146241381708,3.3333333333333286,-0.19631128007993418,0.07338964086239355,0.9372130569674652,2.8332003192338417,-0.2693440804683593,-0.22215257199345048,0.2890365056537925,1.8343195266272183,-0.9162313546636358,-1.2098545968080534,-1.4370311042419772,-37.250771676353295
2019-06-09,0.8998717557565927,0.642409796822792,-1.4118256031615002,2.3273706482015792,0.9289269470188158,1.1165810524781625,0.5330842159712356,3.4739454094292808,1.2112739983503595,1.2989695706298072,0.6162629583553954,2.6854714064915006,1.025400975058302,0.8976419116984785,0.566835641492496,2.8812908182865917,-0.6741642468792299,-0.7471544164424174,-0.4098203063778646,12.340485439868731
2019-06-16,1.2172559022265277,1.2829285220196767,-0.2579953818186851,-1.8888888888888944,1.1662862860963055,0.993697635080841,-1.3542027148092977,-2.3354174328797406,1.0867950452412127,0.9517340733354789,-1.2750576345783198,-1.6613776367369808,1.0427584978545894,0.9825793453922812,0.45910825542032735,-1.9505851755526609,0.6589157862250231,1.154452337704598,1.2618181285312755,7.720259012586442
2019-06-23,0.3821665475972682,0.12041271500450573,-1.340179376089266,0.696667294294855,0.23931733101438538,-0.09209548437815787,-1.439862538204091,0.5628517823639855,0.3247901447019405,0.05348824387954249,-1.2715291439240937,-0.5110732538330419,0.32067014932111026,-0.124552666493552,-1.4716901184198772,-0.16965127238453592,-0.6305147314091991,-0.28574555715619515,-0.04348993960481676,-48.80915059721747
2019-06-30,0.5144118102231271,0.8011289896507074,0.8813208208196786,2.7353329560460344,0.9943530478164402,1.1404309588082966,0.5962771524091218,3.245169761770769,0.9453743461577476,1.2680764241053941,1.0350562505755554,3.080433542498569,1.2547399159408492,1.2567151889318868,1.0536393827173378,4.111405835543771,-1.309098607479631,-1.2556864871267617,-1.319319714688303,15.441904844751566
2019-07-07,1.438618458469845,1.4022141533424917,0.7081137155676521,3.2987060324403177,1.38833594158314,1.3758821279428157,0.9817151857246379,3.814713896457768,1.439906415130147,1.37653428642158,0.8809188949883608,3.0837004405286335,1.3987789359063285,1.292463784924987,0.5644073605540588,3.066252965869684,-0.1782514591485343,-0.30893005604594603,-0.3784138595899331,-12.002545493412109
2019-07-14,0.9036441260925234,0.7244250732287659,0.4117985158598485,-2.9813664596273286,0.7744958163300507,0.6592640665219299,0.23117783452490254,-2.9458458281883835,0.7832343564436509,0.7754354571618239,0.8309147542472417,-3.4464285714285707,0.6183000247871746,0.6402910378357166,0.5425739100306236,-3.593027392387044,-0.046630911679788285,0.23099193394325024,0.572350728785078,-24.144499426743803
2019-07-21,-0.003909982587201001,-0.15256954942433695,-1.4734971020645773,2.0733944954128494,-0.07856693091806843,-0.3182238779900435,-1.301311578783317,2.137767220902616,0.10108089859506625,-0.06980045860429371,-1.3074028933658484,2.2144307067724727,0.13620066884716797,-0.21895154288095858,-1.4580151800966215,1.4455626715462015,-0.79272633746634,-0.5656759279616127,-0.15903991248682192,-35.075595595799285
2019-07-28,-1.3779798080566255,-1.074410415090879,1.4399431995181402,-6.435285610990603,-1.404953187786535,-1.1289085706722404,1.3950226837747692,-6.444043321299639,-1.4666139848205735,-1.2182372760853901,1.4701085054993852,-8.721777130371446,-1.464918575643128,-1.2859591928970024,1.4236942678059377,-7.784648963259357,1.1800255755945994,1.1243789029753974,1.1426803073219385,91.15819037784266
2019-08-04,-1.2852415329118612,-1.3969851501705164,0.394144157980489,3.5974051503833406,-1.2160944107311529,-1.3675312700729114,-0.6406344798176188,0.5907012195121994,-1.1316330803485508,-1.416645883740662,-0.28497067597080183,1.5966883500887097,-1.0284653210387587,-1.3394663713259305,-0.37646775512032543,-1.2034383954154777,0.6858976765922954,0.7678690074848448,0.15560743142364905,-41.61102156152681
2019-08-11,-1.049186809498248,-1.257910725054836,-0.8571499971142619,0.8528784648187588,-1.0336251128519298,-0.6600925340273317,0.31271407263543644,-3.498056635202666,-1.020094873544732,-1.1941932400900435,-0.5045668211519114,-0.7199844327690162,-0.9778279309675256,-0.8248466460253574,0.4900364926164089,-3.716847217033997,1.1903049717893324,0.8722179745699333,-0.45743601754594787,26.31223869696104
2019-08-18,0.11323517142289485,0.3336312888922937,0.9783842956630748,6.69598241055367,0.5471933740311846,0.5646545460755801,0.5379791422917285,3.8981088382863818,0.3026893305443176,0.2776148856919778,0.6692378956630511,7.475688816855749,0.9023055882678398,0.8029036237798678,0.16598207031015194,3.7662589788390695,1.4097282051290685,1.4892106533369507,1.4807095871479725,-63.2054432649189
2019-08-25,1.3866866630741193,1.216185153285859,-0.05034828002041465,3.733283803863295,1.3184032042360871,1.297840206307331,-0.0030331267215328956,4.175171645945444,1.3692646465982166,1.1887296395518276,-0.5182873990849561,3.1930879038316973,1.2609074870419446,1.117642173668764,-0.7559214727832969,2.9208013480621653,-0.710487003940896,-0.7702707205309902,-0.7586065068562118,-12.206992691679034
2019-09-01,1.0394699249992028,0.855910410862855,-0.44240753623681917,2.8540065861690493,1.0272029432663394,1.0864366560137375,-0.7386957048640673,3.4006182942353114,1.0729145224288026,1.0085333073110403,-0.3182569062559047,3.725671918442999,1.0312644191573732,1.2185953365341957,-0.42471136885589456,4.643449419568816,-0.8795647419264514,-0.7658723563905244,-0.598931810173079,-11.638161440119813
2019-09-08,1.120084410652805,0.977890354389082,-0.7655869145344207,-2.9520295202952025,1.150679541011091,0.9697497139839858,-1.323588523047343,-0.9650815932619832,1.057613879300714,0.99978497944112,-0.7089838067917096,-1.5901375737001977,1.1212355281083897,0.9097209929086012,-1.0605894870193677,-2.617709065354888,-0.5931118523538844,-0.4779866862526753,-0.2689245735134016,3.6678439445406577
2019-09-15,0.42271266458933543,0.503892891373764,0.0319821427453667,-2.395423668215939,0.27789171636592025,0.10866398298142584,-0.4267139544651216,-1.3169603132229843,0.18902288958554386,0.40455304138204384,0.58438455590628,-2.075437646634179,0.201584161533035,0.09790923852395744,-0.5762739368278637,-1.2524601896582623,1.125504111471904,1.460800301560998,1.3990697315541503,-10.055819291217542
2019-09-22,-0.5644973241079821,-1.3075415115663733,-1.47320147320221,-0.503959683225344,-0.7525765346805683,-1.3303896291964592,-0.9358972017163549,-0.5340929321702051,-0.6674834457088663,-1.3303242756352238,-1.3783357501156634,0.2544529262086395,-0.833626168415042,-1.3956768496839929,-1.1001777193676772,0.795660036166374,-0.8902826166709774,-0.4696298437845628,-0.19425955476748186,-27.621968992417873
2019-09-29,-1.173442070208334,-0.5225578117937343,0.5246721822971082,-1.5728328865058132,-1.063928928768381,-0.6884807705994881,1.273269967036098,-0.7106057914371977,-1.1417944855723556,-0.8505048206484002,0.949885713017816,-0.5970689343224269,-1.0425208683509288,-0.8283439815007827,0.7987466552553852,0.6138292110489191,-0.9574397595694545,-0.9323465841495305,-1.0830578605183245,0.28824548332974675
2019-10-06,1.2650749559815724,1.4141163230582092,1.1295458602914226,5.820679681851046,1.375756047743402,1.4665644363801238,1.244494915216558,4.470169189670521,1.3620783235551848,1.417307945097447,1.1254335884590083,5.578775213519899,1.4092411942000178,1.4504562518689061,1.3743250006113732,4.871887405268848,-0.16341621490750624,-0.24432558177133806,-0.033827986394772525,-45.20692126382018
2019-10-13,1.38788407973338,1.2528234845065778,0.36745834587471227,4.135209334248451,1.3522271784350366,1.2016023981631754,0.16810790525969566,3.469387755102052,1.3489177177872274,1.244989548830211,0.036397169866098554,2.0127300877343792,1.3462261928370165,1.2279574906474575,0.0594800283045074,2.4452804377564976,1.3457821958457283,0.7200152728577948,-0.6018940435795058,25.21373423192155
2019-10-20,0.8391515765544805,0.6074673390443525,-1.119941812292654,-1.5825420623021869,0.7802200066008489,0.7221559452559712,-0.9393807949906178,-2.6782780151166654,0.7832472688055895,0.6781827837238045,-1.0366881372818368,-2.6381699782935355,0.700461394010178,0.7087727013063266,-0.34037780211241697,-3.3465871438038373,-0.9308897902813837,-0.7105884258912992,0.3986210907313791,50.31470650719533
2019-10-27,-0.22346028082765576,-0.8549440072015015,-0.9593446733748668,-0.06835269993165798,-0.339059549242871,-1.027743593321193,-1.3128310002678902,0.2046035805626676,-0.30932942699406313,-0.8098615838933789,-1.1153818562516051,1.2347826086956537,-0.4085494172564217,-0.8263935078509059,-1.1407565378489257,1.9822639540949407,-0.2654002045379692,0.42158461541295916,0.9295646976581258,-42.866006002668904
2019-11-03,0.03246887468926114,-0.3747236679181792,-1.005149288063028,-0.6752194463200516,-0.22887503116218239,-0.18253422837702962,-0.33246251013669076,-0.4051316677920357,0.035480147922486154,-0.3259593127915697,-0.9098319102645299,-0.05143151037202321,-0.007911027173937943,-0.4546433135865186,-1.144262473970291,-1.1313745356298577,-0.7609875078075076,0.004394449906321797,0.9991346276555488,-49.5714105026396
2019-11-10,-0.07364416466589158,0.4517055127021724,0.9345576445538866,2.2260273972602813,-0.05632516839292857,0.08466416544371078,0.46560694413921855,1.767505098572398,-0.018117606976950158,0.08007539018180022,0.7537783614444041,1.650618982118296,0.37181557403740395,0.3936417610714449,0.1637422047477885,1.9691780821917784,0.83252295185222,1.2077943566171863,0.8077416396056399,100.86692829417738
2019-11-17,1.1517142963571447,1.2169734882789345,0.7359328423781742,-1.6257465162574718,1.3223490619709721,1.3332631283031482,1.2477682244120505,-3.0150753768844214,1.0320416728915733,1.1674741476420896,0.3802752178365499,-1.3877278047149395,0.9802783827191807,1.233466733180573,0.9063048708684296,-2.1273087071240093,1.4735516521488707,1.4749413913548288,1.480926097972179,-53.803092937404614
2019-11-24,1.3332710197268056,1.1850213240735195,1.0687542859132475,3.4826711749788712,1.2829985355075686,0.7640613206993981,-0.8035419689249922,1.1696869851729714,1.4270903759454334,1.3694208901145963,1.0683657812966219,2.0981387478849443,1.4383092929797567,1.1084464674518903,-0.8246642636966253,0.08285004142501601,0.6871512059996497,1.2754298895502445,1.4494065050939984,-69.59530760793008
2019-12-01,0.2670021775051271,-0.505529066459215,-1.3764540579968605,0.23380093520374176,0.009025365980089486,-0.42175080455051983,-0.9223379904791812,0.6980222702343388,0.3548927255337082,0.09014745032744839,-1.217456002421604,1.0948290382348085,0.06424421230478095,-0.23305738673174545,-0.7521735395945067,1.4453781512605033,-0.596752688250023,-0.878614139687707,-0.8823621806000352,-12.564911871110928
2019-12-08,0.8627408693723595,0.34126570927812594,-0.6118686594410433,0.5298013245033117,0.36450381199794096,0.0,-0.355073723158305,1.2394645513138325,0.6930498530666261,0.46191559466317544,-0.915490027454801,0.9001500250041659,0.6338908706323202,0.34409677169412434,-0.8204873491535997,0.5976095617529871,-1.107067835315473,-0.7948369975330193,-0.620767259458306,52.01369126460598
2019-12-15,0.6419695133451292,0.5022579303294514,0.05242924777468499,-1.185966068193047,0.007989392394364123,0.0648603546449322,0.8851781587176675,-1.1811023622047223,0.5027000951515704,0.0572129567690513,-0.608595294475071,-1.1074380165289284,-0.08154443558214804,-0.0782652489908978,0.12484404235975748,-1.1687242798353925,0.019573295258843555,-0.20677669725872264,-0.23668975996323627,-17.829842219089105
2019-12-22,0.5461910963852066,0.5985336574337348,0.6097526237611525,1.1651131824234402,0.9304546134297712,0.937779742987666,1.0306546443809192,1.7546763780831027,0.8693410504562425,0.6852482888641933,-0.45842059247098477,0.6509764646970465,1.0961211434011664,1.150921455445218,0.29704426289299296,1.3083802583636952,-1.391234568096334,-1.3193471268652766,-0.4105645779204535,199.4972233699836
2019-12-29,1.494415471872579,1.3409553015819262,-1.2762114432117537,-0.08183306055647177,1.4281202198886176,1.2560199866628705,-1.377797285108248,0.5552833578311341,1.4483211283523723,1.4847046258724168,-1.4991298041327086,0.18133860863832268,1.3325532367985258,1.3627895788208761,-0.743971403873587,0.2947920078611197,-0.09732862160959199,-0.3015738191391754,-0.8468194010276967,-11.053407927328687
