Date,CHNStock_Open_average,CHNStock_Open_max,CHNStock_Open_min,CHNStock_Open_volatility,CHNStock_Open_change,CHNStock_High_average,CHNStock_High_max,CHNStock_High_min,CHNStock_High_volatility,CHNStock_High_change,CHNStock_Low_average,CHNStock_Low_max,CHNStock_Low_min,CHNStock_Low_volatility,CHNStock_Low_change,CHNStock_Close_average,CHNStock_Close_max,CHNStock_Close_min,CHNStock_Close_volatility,CHNStock_Close_change,CHNStock_Volume_average,CHNStock_Volume_max,CHNStock_Volume_min,CHNStock_Volume_volatility,CHNStock_Volume_change
2018-04-08,-0.7468879473170263,-0.9815877816632158,-0.7268727029167333,-0.5194211213440222,0.7481381806166242,-0.819498168881857,-1.0123532526935826,-0.7556219578924287,-0.5306955174011958,0.5097881967180409,-0.6711791395366942,-0.7085281932962676,-1.008360619825224,0.6889028505396328,0.9687535923880455,-0.6900989500388853,-0.8858320653126887,-0.6181021665069599,-0.714990826292472,0.26646021562824634,-1.0646676085124112,-0.9566214058206197,-0.9322457942362214,-0.6241791715861161,0.38339390544110247
2018-04-15,-1.0627351828938005,-1.2495240158858487,-0.8212067809011492,-1.018625288303459,-0.29687381034720944,-1.1608046490535406,-1.1810971265651535,-1.0299801379218974,-0.4738657073467847,-0.4071716142312547,-1.0607196572251176,-1.2039012566707623,-0.8219447900338726,-0.9442786291335928,-0.21927677735292245,-1.1674760668073112,-1.3364724339800917,-1.1096111023693518,-0.8003588363818742,-0.43800534811148073,-0.1050834908011957,-0.2481775088883163,0.17445393886854926,-0.33958822790249865,-0.011248768419270576
2018-04-22,-1.4404206823370618,-1.630554531879003,-1.0145131197198696,-1.2520716047457903,0.30681147162520495,-1.5234734020934095,-1.5075008191132018,-1.1486169577076024,-0.849718577324176,0.3391454536858098,-1.3422925281649032,-1.5114240128786194,-0.9322857317300518,-1.0568669117831584,-0.0011835612518029523,-1.4539473773521026,-1.5424699901941337,-1.144431807995305,-1.0920096910121901,0.1490558295028216,-1.1582481981066526,-1.1209035249825037,-0.7566476856940617,-0.8838337543564562,0.0036499464846338264
2018-04-29,-1.619794808473819,-1.75155635909101,-1.3642614811433065,-0.8125666513673178,-0.19917445005885193,-1.7062453120776206,-1.574485516039949,-1.4310180798152614,-0.4873799498894735,-0.2637654901954746,-1.4895688723133707,-1.549241360454914,-1.0744033424834851,-0.5892205554058191,-0.48654378882984123,-1.5733725381574915,-1.6030523826352714,-1.224958779808919,-0.8207235931924327,-0.23796693494903806,-0.7107473890119457,-0.673674467593689,-0.514628837169964,-0.5135449719291126,0.6693932377491799
2018-05-06,-1.0797958793424425,-0.8852432908284116,-1.0633201459331079,0.17412790660164734,1.2053367553598335,-1.1716001745682956,-1.066942728890343,-1.3679983472356472,0.5454612501180259,1.1692067857478115,-0.9768731359839208,-0.8168181528605403,-1.10124130154346,0.43861813342918443,1.1180154537723508,-1.008379696113872,-0.8755081891994543,-1.2334992031724452,0.49076767725947423,1.2019060524151968,0.22083899314820657,-0.31018545074551773,1.4791082658647063,-0.7197271351073117,-0.0020877131397926203
2018-05-13,-0.08659407311730817,-0.3499432000865319,0.2820920760634826,-1.627862560564026,0.1457452417869477,-0.11086823782155404,-0.29680538906415765,0.2530650176124264,-1.5540918005140407,0.0034263063399205674,0.0037516918411111357,-0.21576558213555247,0.3232816751862512,-1.0875635160149626,0.01957251884717321,-0.03339582963059185,-0.06629002048461669,0.10093672013606768,-0.3968450939796822,-0.10185261550629864,-0.5096482299865508,-0.4137268091196552,-0.3131454352499158,-0.3573747338584624,-0.6805203045928565
2018-05-20,0.36299043666657455,0.1317954891922649,0.7470015760237313,-1.261847673944012,0.26985545370590297,0.335366140222448,0.13346251950100071,0.6351777669474415,-1.2623148551340269,0.4000276845347678,0.4198037391507137,0.17116789105967753,0.713686669401909,-0.9938240651565146,0.20100836204850717,0.49099519513653034,0.1650103516685177,0.7377243147509221,-1.15221932992589,0.5067691371609099,0.27219710329573626,0.5742873402917862,0.3275548629567352,0.572306230927823,0.3058941478840534
2018-05-27,0.3341255382103231,0.18630381687070716,0.34183522039951486,-0.33581277417201283,0.28697920021395973,0.2781898457227104,0.017400209569382003,0.5538365290381259,-1.3741426987123941,0.4029665447858022,0.3870049219145291,0.3219592459218641,0.6153170037823974,-0.582946623997037,0.41256450853723753,0.3255967303152846,0.25230470404688377,0.4688193930118302,-0.4557360347617832,0.8172099900467253,-0.6907023127311761,-0.4284362219871132,-0.4872163544050255,-0.33890517545136467,-0.7209665607686234
2018-06-03,1.19967436796985,1.2850339025037512,1.2778807747382888,0.2774728173124872,0.4277137924186826,1.2586237593848841,1.253391216851765,1.2571781551316954,-0.361927695750168,0.7039715522489653,1.3406844755734622,1.3420634925840336,1.4266948175859213,-0.35489163509332666,0.2144646312730534,1.3880569036777834,1.310102529295291,1.4615474102798958,-0.3984884599695532,0.44067755543560044,1.0420742811105974,2.807614398448839,-0.6755454390816337,2.972896554778237,2.6897512337123177
2018-06-10,0.7610451676056971,0.9866338246322762,0.541835462422282,1.1518136611982732,-1.3860360167488344,0.7834363920637251,0.9834413869241126,0.30118499399946536,1.3748162905154966,-1.422454780970845,0.7958544714583075,1.0500287152110508,0.3751345747207051,1.1657912146115554,-1.5734921660647796,0.7413426628874947,0.8593796361059044,0.44359558355513945,0.9732791481038755,-1.4232170514998952,-0.8157589084624635,-0.870596516822589,-0.3296333839429768,-0.809042931731592,-0.06302136970764668
2018-06-17,-0.9991912978271429,-1.0140287093882634,-0.812328271502157,-0.6203670154457084,-0.5202490439345911,-1.067166564365078,-0.9745489845105318,-0.9291123392850117,0.16355917829083172,-0.8204590455110075,-1.0619357171432546,-0.9262655742735614,-1.0235181934049047,0.2915392563932863,-0.8612752785354997,-1.073310216729797,-0.6506633140275906,-1.1981909229814238,1.6275400120977759,-1.2912535375681584,0.06758107494670493,-0.3721376550835592,0.7343917576458948,-0.5033678764161803,-0.2672903720324508
2018-06-24,-2.0564859383311096,-1.7965494063115381,-2.3287278959820665,1.7118999726315185,-0.836600010894431,-2.0555923992362284,-2.1077420915459046,-2.2415009989837644,1.3932054521329793,-0.19043341182892312,-2.0659772951294575,-1.9999093032219586,-2.089427643931373,0.5693262281368915,-0.08047466693581345,-2.0420100717015672,-2.0264686910863356,-2.097175916291182,0.8465106710429527,0.42205200651126323,1.4715276794230605,0.5251101058379337,1.5679692768233962,0.20809849905939198,-1.0946304891093368
2018-07-01,-2.0214200671199345,-2.0387406860076167,-1.9432097640652375,0.0656550361300203,-0.2606233456578469,-1.98991194445536,-2.241130038340213,-1.7258818640269702,-1.4079959169628489,0.24794323392582907,-2.0245456273188336,-2.0280209755927054,-1.8765211105960315,-0.20535425071784538,0.2175124690897548,-1.9508552491481672,-2.0653520141562756,-1.8425343881887748,-0.6141537639663429,0.46800669192424266,0.16236817056306094,-0.12043491902696773,0.0786589733684177,-0.1355368662701148,-0.7451495031744972
2018-07-08,-1.2661682587313783,-1.202735582898649,-1.2482723890064282,0.47364599365380833,-0.16305719253752513,-1.278638026755259,-1.3459897145551716,-1.3265770226332316,0.08804785560109732,-0.010922681764405293,-1.210834361169035,-1.3261881239892013,-1.1639481237303295,-0.4233979966959875,0.2158821132424173,-1.2369460437211006,-1.2418992876499522,-1.1990315453323492,-0.013390010929412008,-0.5283519158586335,-0.7019026412218472,-0.3560613452419039,-1.0716716074337003,-0.14623441162355522,-0.660556519893548
2018-07-15,-1.4111761034821864,-1.3080946189787903,-1.3679019755150328,0.6303277734217402,-0.8411276936545153,-1.4225285987469605,-1.4034509383996778,-1.4088395186033909,0.21973383151602627,-0.24682486306398277,-1.3474371220756802,-1.396652023835662,-1.2672570894056472,-0.4140081173937967,-0.30985938876260966,-1.3679465737020988,-1.4611582512156869,-1.303697980332259,-0.6480785079392523,-0.04243634914358241,-1.4903575275075371,-0.5450572285589973,-1.2193998430873108,-0.29981499655614313,0.6769636578561733
2018-07-22,-0.8929256819230251,-0.9564021751438583,-0.9055803506689124,0.10502418427876689,1.0253792436835554,-0.8715769229027335,-0.7614294767451018,-1.024989493024878,1.171919065706407,0.9828147696291872,-0.871377449386069,-0.8304599334664143,-0.8612615471981465,0.23291149585902213,0.7522684265532166,-0.8798929858249843,-0.6558000168873043,-0.9712057701354266,1.4856666981720046,0.9077197375352304,-1.1782597171318518,-0.6844564193591376,-1.3114153277895508,-0.4088666508446533,0.07980224125735916
2018-07-29,-1.0561782644535473,-0.8666361012246929,-1.1434337160448547,1.524725455724799,-1.2998602385466498,-1.0849814012452363,-0.9091422583014444,-1.1722765442315817,1.2744514149669668,-1.6377848078362451,-1.055488517294381,-0.966608876892321,-1.1531338256360932,1.0419021942930113,-1.267482853605937,-1.0903712527709235,-0.8291734128352821,-1.138376039679093,1.555215492728192,-1.7119811787804209,-1.119886323774048,-0.6615760961106305,-1.470920559955666,-0.3289251059447566,-0.25101613712222515
2018-08-05,-1.1671971598779853,-1.2494534967194582,-1.0357169330674088,-0.45735534728597904,1.520698455117591,-1.152140601999504,-1.1080540625557798,-1.048339819623325,0.1297020238861632,1.1212466371480942,-1.246235218287619,-1.1957320288098539,-1.5482415833325485,2.0841926033826463,2.201967489465025,-1.175419677163847,-1.0726519834475363,-1.1952715039250392,0.9545839312893165,1.0379323069467585,-1.436630884409523,-0.8923991558930322,-1.125120860288751,-0.7034392916545216,-0.18409415656944392
2018-08-12,-1.469244006510659,-1.382358283984049,-1.4851698469419914,1.0697848945282358,-1.533618995463773,-1.4579164944224214,-1.410086552931084,-1.543074886388858,1.133275161468313,-0.918116153642733,-1.4304948179435155,-1.2342273626436606,-1.4492653020947732,1.571962401453814,-1.7293700811557837,-1.4285022585340221,-1.4003593197660682,-1.4753733003736296,0.9472857012494746,-0.9913633779703828,-0.6710747433709143,-0.6808093005531468,-0.8932714477557855,-0.5323992893506354,0.24100888968313547
2018-08-19,-1.1099448902822788,-1.196189724514407,-1.1318142098637467,-0.06643588158550708,1.7288632534560968,-1.1136316200585863,-1.2723274699344345,-1.0859723778959245,-0.5664689922507401,1.253806020242595,-1.0530843635556832,-1.1376221431655527,-1.0314079966659855,-0.05291567689214098,1.01847212913711,-1.070663684691986,-1.2195914681441655,-1.0561908457667353,-0.5678310126780715,0.99502477709069,-0.3027614300838586,-0.0822384718562429,-0.6147010586281672,0.035539671327066646,-0.5490540012114267
2018-08-26,-0.7207355651680205,-0.7972672247777306,-0.636619524682853,-0.8061432237188382,0.10897033189706914,-0.7086910014155617,-0.6594745421594883,-0.7021961925512223,0.23475069459476458,-0.42246537881612634,-0.6707395144625317,-0.7747997488779973,-0.5273582249505004,-0.9296162100425689,-0.20294127894224498,-0.7696669967161724,-0.8562043948102066,-0.6999579943537079,-0.7373897336789241,-0.5435824865541954,0.5611484269411925,0.624866650986701,-0.18635674893098297,0.6830588558627483,-0.48664673414766263
2018-09-02,-1.3144000847147879,-1.2906520697380346,-1.5408652271148533,1.3074660961016642,-1.355070103016275,-1.360551072049529,-1.3678584563631038,-1.4119515417368995,-0.04983588104637643,-0.8690950757765781,-1.4270029024221245,-1.2522313956179747,-1.6429234945990583,1.6504413661100499,-1.5143411493664498,-1.4400857592953278,-1.3559372601774982,-1.401455775127886,-0.18112810346427252,-0.8442725298702876,0.2991906599663545,-0.5929681409108588,1.3897270322287916,-1.3576652422340139,0.45187908407348976
2018-09-09,-1.974787419286932,-2.071316167344,-1.8753425576855214,-0.06428725588635818,0.540017820882139,-1.9679010484319508,-1.9054568102850062,-1.905955441670465,0.13455240476515337,0.7934672430981193,-1.9420860579124481,-2.0976756015380777,-1.6726775302664416,-0.4925686084514178,0.4229712346181544,-2.003355449223202,-1.9832967868721936,-1.979323191021897,-0.5577500028652056,0.581408371556113,2.995608469280458,3.232968157177753,0.5981158207306013,3.2522480537923983,1.2221439976912893
2018-09-16,-1.270228955142609,-1.0288801958516514,-1.134311707389663,0.5458498624480772,1.6677357670427013,-1.2692681841536475,-1.097904222606633,-1.320172600792873,0.8028307015369888,1.852348338635123,-1.1946003899631263,-1.0332753698401331,-1.161364918062541,0.8355754354233079,1.439932250689575,-1.3038279000069641,-1.0742727238600838,-1.3546480046905203,0.9075116399500461,1.774283567776906,0.9307507910416832,0.30284722594807106,1.5302172823142888,0.12419371595378696,-0.3204424650064485
2018-09-23,-0.7552299228150724,-1.0109115745707615,-0.43516196340079627,-1.770357553788397,0.3732213691227376,-0.8182375039857934,-1.0224384140575766,-0.5289085829710078,-1.3988678209593026,0.3813601951145343,-0.6670744381813518,-1.020129095412397,-0.3157537751227521,-1.3128610052504457,0.2709748849476912,-0.7344175369186705,-0.9215441558955114,-0.5882987584533268,-1.1353122429553937,0.5704076844705575,0.26331707786036757,0.054147449294783434,1.0639441958238096,-0.06063204909672083,-0.937137456682417
2018-09-30,-1.0478511906232202,-0.82617247807042,-1.3120095894063917,1.7329922311315102,-1.5346301952964072,-1.182209138036325,-0.9459445408979883,-1.3481011839852741,1.4645627074921994,-1.5874838251474899,-1.2257672347079631,-1.0217657907961888,-1.3123976844072294,1.1446118752777932,-1.3672197946978524,-1.2614466614411397,-0.9429966649014945,-1.4482122664235637,1.604914093713431,-1.6253059203130393,0.019853042252364277,0.169382639072748,-0.8959398851790084,0.2746431228878582,-0.7449264225432102
2018-10-07,-2.2106592708743293,-2.1577202757429856,-2.272354796995474,1.3579323820903948,-0.516650251645508,-2.2052698764134586,-2.146101501455138,-2.2533415418389557,0.7495548903606205,-0.7484842817110774,-2.25046130315004,-2.267548401865715,-2.258470600737309,0.9818998927446653,-0.48635647092649803,-2.2019441443386127,-2.0991281875543453,-2.24523835679088,0.7572977854238953,-0.5738365795162836,0.985631413918195,0.41984718046446456,0.252304375764232,0.4061948769445909,2.52632940097852
2018-10-14,-2.058208513492213,-2.182040118384667,-1.823629243163512,-1.0943949996243585,-0.21497860105016547,-2.0464569448773178,-2.047291311770928,-1.9252341522413678,-0.7858969456508367,0.025816013676364546,-2.0107824988934553,-2.0862381019447134,-1.899252844754341,-0.09279916368395946,-0.025535662865321627,-2.006413350868218,-1.9470704417331446,-2.0028193119971136,0.33205946590954216,0.028797480185249667,-0.14913438015205976,-0.2079385426723762,-0.13899869830974385,-0.19933214793212164,0.7962215182989921
2018-10-21,-1.9269725056836933,-1.7644844658679306,-1.999968938752413,1.4689876955890626,-1.3800970362810967,-1.8945683533501019,-1.6850612196237942,-2.0115239686757276,2.069227699711322,-1.6347817322863654,-1.890156099270662,-1.7248354286729095,-1.8944083222776205,1.273537716595844,-1.2861830249287776,-1.8891935108366744,-1.7421311176878582,-1.9432365140213406,1.6333476594525589,-1.4656537118604784,0.24897322683838907,0.17679736794702322,0.8891388332892365,0.08155581927770554,-0.342279336769138
2018-10-28,-1.7871816237693994,-1.505674501613111,-1.7842794920190277,1.9187278468443907,1.5827400216040857,-1.7759766469208886,-1.5723003014921482,-1.8310816332164335,2.0646267676242274,1.712054319598886,-1.807695693098631,-1.6941247567810536,-1.7597100461126725,1.0342963068102256,1.5300388378902563,-1.7892025524582036,-1.6207877838695848,-1.8544129046355042,2.1435658588104576,2.070614723081032,1.557442895934248,1.124377045340075,1.879366776813515,0.9406992181425639,1.7890446711252792
2018-11-04,-1.0450027219789493,-1.1795396340111284,-0.916942453356479,-0.41690297061071097,-0.1446249065468496,-1.0703777746223393,-1.1708267385849902,-1.035026024090717,0.14816945030824538,-0.33390146104831164,-0.9913337833649862,-1.135530088763429,-0.9253109317236362,-0.280177120301466,-0.3127872916233808,-0.9890808324915458,-1.0813752455668595,-0.9600338689227327,0.2667747386584286,-0.28096258401519764,-0.6413661517767819,0.07607847892759732,-1.0508307381831676,0.21145100362272837,-2.0758592200134034
2018-11-11,-0.9887202222165543,-1.1935783187440112,-0.818115513671317,-0.8868586543777922,0.821701172590814,-0.9173362195497538,-1.1215404328321439,-0.9198521504775563,-0.16050011285167443,1.1237297147864127,-0.9599773030102146,-1.1329891900313123,-0.8807760393336495,-0.45522651064015157,0.9594719186051331,-0.9310453280733489,-1.0969828214590145,-0.839043066276897,-0.3338521205770052,0.9513319433376294,-0.20701325493204223,0.026251118002215443,-1.0029782837481969,0.15759548506609491,-0.3546994484763298
2018-11-18,-0.8249848384843538,-0.9269765893312913,-0.6254626994995446,-0.7479816844985171,-0.27867208414194305,-0.8784909356142784,-1.0548350519575977,-0.7025740576910968,-0.9577900511257191,-0.24254184305113602,-0.7773509466896235,-0.9933342862524813,-0.6339758308356029,-0.9947750858482554,-0.03717008120487054,-0.8025023296811261,-1.0774281844426177,-0.6971657664676632,-0.9706354738995981,-0.11584573282401638,-1.175076931780307,-0.8476426106580875,-1.4056228456614015,-0.6760430408137914,-0.7739994332497211
2018-11-25,-0.4329231352973459,-0.6207956317113053,-0.2354164906550072,-1.0091856422220755,0.5632221582119924,-0.4264764470738815,-0.6302347022951534,-0.2081352062442721,-1.162837121014441,0.44336514079514516,-0.41981279483115413,-0.6139431247942128,-0.2576656302417467,-1.0706608920014355,0.7046009890300055,-0.3309538771149228,-0.5378040446767934,-0.13113379049135226,-1.205763153147698,0.23460916168773624,-0.5606262603826805,-0.6340998029818528,0.7558940719472397,-0.749148602555314,0.201338339189687
2018-12-02,0.02427016154926471,-0.01713999123605011,0.04903157939660628,-0.17629166102313215,-0.6887062151607628,0.025210566856204493,-0.018909600903459122,0.12153747795324261,-0.42206639872678386,-0.5631872020098543,0.02878312558668528,0.05039193144483011,0.08279242041362532,-0.12361141079083238,-0.9199604408786751,0.016655857660148748,-0.046783072596100594,-0.03178109586037853,-0.03048938724000874,-0.9762663826518126,-0.02358097835293823,-0.20404354031543234,-0.28053740666590166,-0.170802133452445,-0.5002876607968774
2018-12-09,-0.10533748266496729,-0.2384424479961695,-0.11564152514618707,-0.27451130073602537,0.8270926469561041,-0.12159540595062852,-0.21849260931137726,-0.06375905966104596,-0.37877396289546256,0.5043515200682938,-0.04057179179097091,-0.11031334616412429,0.08109899432273256,-0.5853257719786843,0.352930020005658,-0.16532251495091854,-0.29481830479254595,-0.057681474233906065,-0.6531480061189618,0.28958056580890357,0.012687597155016795,0.8006762669341136,0.11063699073633187,0.8480482995087002,1.9085220711923234
2018-12-16,-0.9507688511104211,-0.6702970070708669,-1.4254057890313456,1.874739637574253,-1.8213659255379409,-1.0066649387260325,-0.7942459143365835,-1.2798873344505486,1.6109486985446027,-1.6165718368558366,-1.1236613897364713,-0.8317732818808725,-1.280697728482763,1.6270232465672019,-1.4918530369480019,-1.145167816153965,-0.9353393186677191,-1.4519917129844466,1.8311157933991256,-1.4874706863608305,0.4778903096894441,0.22193029174903112,1.1447581325108782,-0.10018671502161612,0.4910137986374712
2018-12-23,-1.8950521916578509,-2.1084115318908707,-1.4944433598327311,-1.1242030524145232,0.7866890499356802,-1.8210364497739342,-2.0916135403130833,-1.4537349634539019,-1.180040156475064,0.7802983312499273,-1.8050981497022536,-2.0823461803584453,-1.3764269530384543,-1.7179366580355195,0.5807585116303148,-1.7275420895346416,-2.0407951481287028,-1.5015369178689142,-0.9366604172730075,0.89321338571055,0.855394741239839,0.3704110805908904,1.2595158085441227,0.0023947507309004627,0.42208519133882727
2018-12-30,-1.7531548327159605,-1.9761356472460805,-1.3392942669361776,-0.9412169406701734,-0.12952627167435915,-1.6654696595759824,-1.8974027387272903,-1.3857859751658312,-0.708569553154202,0.25199650517882705,-1.6345575637936753,-1.874255329991392,-1.3059398415903625,-1.1881177413045327,-0.17107353580587548,-1.6322748259372482,-1.8802803923183957,-1.3318998255231531,-0.6872394483415271,0.2654848162603963,2.023704540119463,2.772389583490213,-1.2880603709872998,2.9246263480820565,2.330078660204502
2019-01-06,-0.0632585418001375,-0.16042853497840143,-0.2755022500094646,0.17903388103760745,1.1737422456865567,0.10676778201447958,-0.009754823136078401,0.15699357729518593,-0.2759698987538541,0.9536547178852609,-0.0431574513007756,-0.0846317912962127,-0.17087010582107767,0.13717197428485392,1.0971375207550087,0.022233714944730282,-0.2671932489337435,0.030453183101329155,-0.48908991879622327,0.8276309418763657,1.6940236664794859,0.5484238533136315,2.861489310418637,-0.36399821392672804,-0.09735920001231188
2019-01-13,0.6908569343874528,0.9114068328107564,0.5103487253939156,0.5935787314435578,1.2998844188540704,0.9593593012213666,1.0546214897823507,0.751130628442117,0.45485543749663315,1.1836676386914948,0.8948822285081275,1.0749831757965396,0.7121044737335803,0.7431512138494116,1.2168418453154437,0.9589884768005678,1.1139922431018356,0.7458426978099788,0.4993229956813244,1.12868817746307,1.2848889419720755,0.22808727693181757,1.463174742693842,-0.29903148354947745,-1.1675477291922136
2019-01-20,1.4119997579760124,1.4271708685541378,1.4541591529390034,-0.01776395942916774,0.48326168137636777,1.4681813552652152,1.544273763611473,1.5892849425764184,-0.19393237649198627,0.7067908430137836,1.440871959434909,1.5328012030610731,1.567668316312284,0.18437252758353384,0.8057781491272801,1.4793004065015938,1.6287302609254448,1.4253642210188753,0.2560425677273233,0.8646413615905584,0.8123099863740351,0.15331421810589835,0.9518388135048961,-0.2064495503170347,0.637304538506706
2019-01-27,1.839622449094501,1.9205791575111901,1.882008513319532,0.42153328496708453,0.8946926548086305,1.9293740546096672,1.9679229478188274,1.8439761733134055,0.6933502996394822,1.0736281866053026,1.8445283483110064,1.7328128256371407,1.9082337834681928,-0.021743482334921103,0.7644507481760331,1.9310659282151468,1.8220909412333977,1.8824671338784527,-0.2125255710211017,0.6104410847154903,2.659242065658115,2.178413051430928,2.0320016513980623,1.5682906767860427,1.8976667953078077
2019-02-03,1.6018854948488794,1.6759065284030903,1.3829692072120703,1.2015512857611086,-0.9801444353066721,1.6448129436251397,1.8053943554208731,1.3073295444557962,1.9837176245932473,-1.5134445761052508,1.4735065966484393,1.6093015137669289,1.3861958198701387,1.1841113834730197,-1.3036350007175042,1.5379374513379152,1.8361939666269473,1.3489676146891925,1.7500080548571888,-1.5091887971260902,1.7280031168243633,1.6063483245705534,0.542904543956993,1.589465633743274,-1.8253786985289133
2019-02-10,1.1377450865249217,0.8122386819647974,1.314611862689772,-1.0944139620639488,0.1504021903949261,1.0757413869383248,0.8850506671695284,1.2875402523480701,-0.7919620728941464,-0.018851145982476683,1.223720993168517,0.9388226168264703,1.4354147100636425,-1.176706268704277,0.026638155138747333,1.1569403015907869,0.8561779985065744,1.3641593266744025,-1.3267830536917438,-0.025068486482115133,1.4026047562062822,2.1806825041222098,0.2724024963649486,2.264442683980786,0.48146078436708717
2019-02-17,1.0724951065939416,0.9753441308247244,1.1227452586663402,-0.26856213901279735,0.6864324933833694,1.1742469416457693,1.0953314452906793,1.2326273091199258,-0.12134406204755159,0.7556693015150483,1.1851136162827385,1.0907739955496045,1.2273425886059828,-0.25417064036446513,0.6595263930814013,1.258411437192082,1.220025969513916,1.2015970784780867,0.11914382859678084,0.90395346243539,0.7274052719610162,-0.12367997654841228,1.9663039791867214,-0.7153938608125562,-0.26856767307278917
2019-02-24,1.685412444967575,1.5034925688957317,1.806688943191681,-1.0166331508741773,0.15698250573004396,1.6921233915300014,1.521334329568834,1.8289781807443213,-0.9795419746980991,0.19497767531240096,1.722802214513258,1.5689900069351523,1.8660775525612214,-1.1357894040173995,0.12101987156521188,1.7547375560080025,1.5797513628301907,1.8224997664353022,-1.051113332287194,0.19219981485718304,0.6216455953625936,0.29699526338426746,1.2142572435982002,-0.10307384391613755,-1.1437912842914812
2019-03-03,1.7096429352309834,1.7462920449352677,1.4706737890327246,1.099968013299626,-1.111856931893407,1.6806737419216842,1.6336491961143713,1.4358907008377049,1.0429049378393762,-1.2229962739973117,1.6465284628928456,1.6601989540391393,1.3127736750584293,1.402563700317865,-1.4102684349942352,1.6327440776258155,1.6071119035782213,1.2933997643796575,1.225845148024911,-1.5124680664524541,-0.5743919717966913,-0.478867916568099,-0.8427408286781137,-0.1954338826582659,-0.013961706816699759
2019-03-10,1.2494452077170568,1.114857263476421,1.2069449195782662,-0.2333152833017988,0.5458956935924908,1.2352012138388577,1.030416470401371,1.3788101558849541,-1.2853808679918508,0.11248989859210322,1.266835522982001,1.1281108701960059,1.2875652682366243,-0.5161925253971135,0.5320842005484941,1.25153579188612,1.0498566528151243,1.4057329371813476,-1.4152853990026173,0.07063055382789304,-1.3331633194746522,-1.0700160707276327,-1.2407100304798877,-0.6569805948369534,-0.6719492646060343
2019-03-17,1.2987416376401817,1.1575393209546951,1.4927771234306453,-1.238222239566894,-0.35514786889825806,1.3035691631961879,1.1515385231161015,1.4184684370219354,-1.0351732252464598,-0.6811524272931169,1.3102838664781804,1.23322396556217,1.3804937044592285,-0.3662822625813571,-0.8321164655641548,1.282289711686427,1.155025380475615,1.2430949503445468,-0.3233659712318841,-0.8980362419111492,-1.3719664999068693,-1.3662974872496083,-0.6402277568277154,-1.1692629123719074,0.047124563042380864
2019-03-24,0.9589520068556725,0.8188391508839563,1.064101310974855,-1.0266790544903162,0.09483966277510723,0.9300120172302709,0.9186013519079348,1.0396551818379463,-0.5858253199266708,0.36399076402535213,0.9675759585831668,0.9132404898249487,1.1320993854222439,-0.9677257935267848,0.23474435296097748,0.9559306205371492,0.9951036524323963,1.071568848011615,-0.3702671034922727,0.44141963802629497,-1.5055863374996141,-1.1473507331665056,-1.095407218075564,-0.8201576367582667,0.2289633593434048
2019-03-31,1.574955160409701,1.6821435162837899,1.6115497883058536,-0.27395803727143736,0.4189842261847173,1.6080616908511594,1.6760111669941282,1.5682477482565995,-0.027451661151129316,0.5725624185940645,1.6150774843507778,1.7814258344220035,1.5994631121510232,0.3178359595179247,0.7920395281211055,1.621066536551956,1.6814343139718781,1.616285874797279,-0.05092223602410122,0.5936605088020133,-1.0488270149480807,-0.878892968191775,-1.0450707818685445,-0.6193058236045633,-0.2950348126606487
2019-04-07,1.683088800612069,1.6657124865840756,1.667755060447033,-0.6123128718769694,-0.3334592429237812,1.6964197077513343,1.621324371366703,1.6830922221042877,-0.8624108528856365,-0.42851016323133007,1.7225185857944738,1.6286015711381296,1.7686582064842227,-1.0976611508209804,-0.17290442957983224,1.696494334566631,1.6163875505066965,1.695600184306206,-0.815779393798502,-0.440292150117449,-1.144973529396125,-1.0504101093197273,-0.9643499981564276,-0.8707296594313777,-0.2256289807964672
2019-04-14,1.575352035100974,1.5710722187576542,1.5169828701970056,-0.16367916165919438,0.7460384899333311,1.5748443125172102,1.5579068984767683,1.5519280273943787,-0.5523633727084744,0.44970205335192664,1.5831970610562074,1.5840375950547538,1.5724839797079886,-0.3289755078577136,0.5537127982056487,1.5981336437278968,1.5796899257674957,1.5853001219774625,-0.48127774249561495,0.5504814903710747,-0.7138143869637036,-0.6620497331766013,-1.1148174030070683,-0.3766495723645387,-0.6300176177821566
2019-04-21,1.4166502186039152,1.3902272936029592,1.4384059128089812,-0.5331574846189121,-0.7752100727300207,1.4200419236385273,1.4111400313507498,1.4078803135690319,-0.5890659912470696,-0.8005568712247839,1.4190709032836615,1.4002754149995962,1.4717896195385187,-0.6201200940165031,-0.4797591560289987,1.431590490894976,1.4408837838846036,1.4229859809948453,-0.3046220497923958,-0.8159330026574465,-0.595208492398407,-0.22186960386113064,-0.8402221879183608,0.04401254867723008,0.4239134800838978
2019-04-28,1.107966952467523,1.0876357826541816,1.162808302981215,-0.5433306655316945,0.4149179733780821,1.1144572051987467,1.146147448560233,1.188614036642042,-0.6173790345906496,0.5567575043957597,1.105762625837069,1.1637589948155629,1.175820416225216,-0.33101512485518547,0.3911525401489648,1.0591959374088087,1.114804902496037,1.1823665278752158,-0.555840251911024,0.5018728199360595,-1.0647976684721114,-1.016790809298269,-0.6059190371052213,-0.9452913068270861,0.2332456185032195
2019-05-05,0.03404683570254071,0.40533558668678793,-0.31578225282483496,2.2504776394809247,-2.410538154709034,0.01597435758814957,0.5174105978465561,-0.24960256280978377,2.3592376906287056,-2.377987739226505,-0.16303559629775896,0.28468397675431706,-0.4309114582614354,2.1895087549608645,-2.1476336583113627,-0.05001227458905761,0.5716231414201904,-0.19654021486978115,2.1977566842608955,-2.113594009235114,-0.6326420032945536,-0.3949895551205252,-0.4756004515762485,-0.27807011523593506,-0.1571821613563884
2019-05-12,-1.0646188563090375,-1.1357523886761205,-1.063744092522591,-0.04906848869717266,-1.0929404740998456,-1.1065131915039113,-1.262271952363484,-1.0612081640291444,-0.3726586850993007,-0.5814267281747827,-1.090596557621941,-1.1264872583517735,-0.9763006159589741,-0.2370193890354427,-0.1744413003090262,-1.1614070724977696,-1.3361272759261706,-0.982534037236552,-0.7849021777084298,0.0718022561467725,-0.4686013920468549,-0.48360491037657144,-0.4070826297110933,-0.3526902632285342,1.3166947049352735
2019-05-19,-1.9356141130860718,-1.796491199625512,-1.8549427113898673,0.5748259108621634,-1.2737405764092813,-1.9933282142412072,-1.8916414233548744,-1.9958782033185603,0.716421102351077,-1.1252029890351882,-1.9206625828491652,-1.9009617958285552,-1.806790299939019,0.07626248233572387,-0.9270499476827794,-2.004205649645478,-1.984862054004692,-1.95960666598523,0.007970083907245783,-0.7529401923093966,-0.7233885921564909,-0.3436957005108594,-0.6381844575122643,-0.09412965081092661,-0.4068578747639846
2019-05-26,-1.8849156371150317,-2.0086448826372045,-1.6671880360210651,-0.9994429040348716,-0.10358417083706559,-1.8423543035786742,-1.9967536252179854,-1.636072470948019,-1.1090143559451107,0.01975242856278836,-1.7804898323855356,-1.9279707869774427,-1.5731869675967844,-1.125948879274456,-0.09775227449906623,-1.7817055593756252,-1.90175290234097,-1.63477171693851,-1.0259894888962293,0.4469621982252414,-1.377214619271535,-1.4004935266076672,-0.09226369038163602,-1.3594689744500694,-0.1484811452107436
2019-06-02,-1.519823986727779,-1.5357939383897696,-1.4118686930407993,-0.5828911428598896,0.03835867229928019,-1.5100133362832175,-1.5780106929473963,-1.4852473473358605,-0.5185445184440548,0.3466413617438073,-1.4910093819633128,-1.5604799612077427,-1.3687096684335864,-1.0672456922306057,-0.04625204749678185,-1.4948571286132188,-1.5626422346887108,-1.4425625993780644,-0.9294260333046016,0.08848200611037639,-1.7428434392058716,-1.5788983799113057,-0.6833614281600064,-1.3624574660268989,0.05510955629123335
2019-06-09,-1.0236329725183637,-0.9514602674682515,-0.9497089255058012,-0.05915483075867378,0.14514560766147305,-1.063197615480642,-1.03028009021757,-0.9947572159855901,-0.2530719556056371,0.17529069498105174,-1.025123407260973,-1.0737886475333152,-0.939325625917076,-0.8135609394384082,0.0321894231540155,-1.0533145419902916,-1.0369303021154699,-1.0298975629194795,-0.3483730682509715,-0.008576516479962402,0.16148347353133988,0.3688834398200635,0.8570356181975232,0.18343476597734662,0.09430124187328877
2019-06-16,-0.4880402128168486,-0.26562478696956293,-0.8606421133028602,2.1761951030816187,2.106322660859559,-0.3708055126148542,0.10560783401762965,-0.8390645410391881,2.6275185879718914,2.034741520434512,-0.43969024530294926,-0.2069009167502935,-0.823686272220178,2.063443767063406,2.0169464043244543,-0.39007398537049753,-0.16533532596106845,-0.8417102435334043,2.2205062907917568,2.0187508402806116,-0.40575140990429265,0.16939103751516543,0.09582793968098338,0.15266215290410962,-0.29086443117653155
2019-06-23,0.05205590445809022,-0.026249747852695463,0.10729121729773784,-0.4941942546763942,0.4349627748111214,0.04943279236416318,-0.07412493166610955,0.1463219925326771,-0.6048911565798867,0.12705046045532015,0.059681868579760225,-0.0020357304487163817,0.06400963048332126,-0.22572846583940764,0.22812065827098102,0.04005221397770706,-0.06882288973394939,0.03431631155987508,-0.3485171716042396,0.06624439845644112,-0.5116794196143087,-0.36869878085273644,-0.6235301663019682,-0.2762630097541763,-0.1990793346942583
2019-06-30,0.5054852962058547,0.41100617050542143,0.5939680915408017,-0.6909284998748423,-0.12450029124917052,0.5193362243681191,0.3783261268516004,0.636370728896916,-0.714420662734225,0.10713788878416175,0.490268456261866,0.327453191983035,0.6451754497392518,-1.0389401384297998,0.09250048396936565,0.46829624834744366,0.3070294990565487,0.6346577679273223,-1.0041067934611845,0.011702507572049685,-1.2643386294054746,-1.2070445051941687,-1.0676763237475873,-1.059214241766376,-0.05757036809682804
2019-07-07,0.3189038812845753,0.19730636767632456,0.38283977424496307,-0.6352141164778223,0.12752310483621013,0.33776004883994926,0.17311703937092837,0.4590730181671682,-0.7250019523442529,0.170025266116414,0.38107298996801153,0.2288746019598966,0.44049568624784247,-0.6424526434724157,-0.050922884093676214,0.3911060744799339,0.217692937345563,0.5331254331385057,-0.8973560081850642,0.15652757026818673,-1.3370842035477661,-1.0800261023747546,-1.3766537338128175,-0.9090077355948819,-0.06503644330531191
2019-07-14,0.6548401517960518,0.495236674398861,0.8022191101074556,-0.9873283229732612,0.1965482066509842,0.5988011832543592,0.4232523697672416,0.7047088245464345,-0.675828729461037,0.2530281313549519,0.6574354279389613,0.48584315119479815,0.7658512265531909,-0.790083442914553,0.18934143527409802,0.6250563753006031,0.44001260129844205,0.752596067967516,-0.8105514510883416,0.027018459914337555,-1.2628464124860044,-1.1217480844927237,-1.0978994399583415,-1.026251465484331,0.13542766199539968
2019-07-21,0.6846335389180126,0.47916264267526093,0.8485291664466708,-1.0339935888197302,0.0015263766413884197,0.6503197732132134,0.4560687596326321,0.7782154744849213,-0.6967627851409114,0.1464191114943606,0.7562801041490664,0.5752900952834651,0.8847952051812038,-0.7808775782743126,0.13709089407638902,0.7155505770194287,0.5586072739937354,0.7735987042357096,-0.514144596788219,0.22939230396238516,-1.5957761743834147,-1.3211925696739053,-1.6922582530778498,-1.1464126708992939,-0.15362392340953976
2019-07-28,0.5055122475611319,0.5765770552693891,-0.05556009432101928,1.2984734292293407,-1.502423939091735,0.4981841663149565,0.5534905300160127,0.04065850671305614,0.8936013663915774,-1.3749976350568536,0.371775376083029,0.6800044283522363,-0.30943718459469555,1.790950041474631,-1.9083963393571746,0.399580760786693,0.5841939102321929,0.02388193890062893,1.1180940238672024,-1.4307374677417717,-0.3205081135686904,-0.5466110631447445,0.18926298923767113,-0.6511669663362685,-0.8910546050332802
2019-08-04,-0.8982205752501069,-0.9437504968958842,-0.8953728468278143,0.06949046927518686,0.14388084353746028,-0.9242907535333529,-1.0396343656131926,-0.7450369859051397,-0.48393057050116856,-0.11768345559243601,-1.066842611015748,-0.9164271244549115,-1.3353826177687689,1.0644484780712193,0.25542634309750245,-0.9472004675165571,-0.9769013403701831,-0.7943423378462308,-0.3146483459678884,0.16979392041170815,-0.6134479529664335,-0.4594197898877539,-1.1087707997158076,-0.2793761171378814,-0.8073624699503463
2019-08-11,-1.0452811856287927,-1.0942980878490913,-0.9986176892564658,-0.04553390360258926,0.5072731528914177,-0.9324555989807313,-0.8234926902008027,-0.9986623675975829,0.4374135858039395,0.7366771378840702,-1.0000865278801971,-0.9674585560742677,-0.8707310577784049,-0.027392985715126255,0.5656898701417127,-1.0219955400004954,-0.9690548382923763,-0.9528150135511607,0.07599471614337368,0.6976331523151128,0.4439191235889598,0.5061678793171164,0.22131794485665093,0.5177077736223646,1.7353319474092581
2019-08-18,-0.14062820204985357,-0.19730296030393915,-0.12134652130876909,-0.16617268484386236,0.3158476241071064,-0.19762269434208019,-0.26718957609276867,-0.10780033576982394,-0.2888039583582363,0.07004262223006665,-0.1997536726765692,-0.14587434663216567,-0.20752394698702567,0.15672256489503864,-0.38681994834668165,-0.23389794869940175,-0.11259784699034647,-0.2911742316561914,0.4297734031910155,-0.5588203372119075,-0.03126539590294163,-0.18383180345750466,0.01464250315060345,-0.2200719412300769,-0.827690816004437
2019-08-25,-0.4715716019830374,-0.6107898889807142,-0.32235283892599914,-0.5643590504028337,0.3030691589687354,-0.5350451614733235,-0.7005013785858584,-0.44057994114989574,-0.3894101419704908,0.01086267805059354,-0.44536326763633666,-0.6115479479127061,-0.18818128673471957,-0.7032195669425547,0.08350431707084692,-0.5271537104450902,-0.7074336446402518,-0.33612859889845575,-0.7181179683248334,-0.08463171567791011,-0.7386876083393377,-0.507080144120176,-1.0845443088337186,-0.3326417308077419,1.7501563433331897
2019-09-01,-0.2380896834259674,-0.033004918099221764,-0.29338552795925077,0.5943615429275005,1.0865014071341934,-0.15704377471682626,-0.03303567094134752,-0.37859989113201464,0.5882793548417905,1.1873151167095193,-0.09801826748586626,0.09088279760676396,-0.14860604942464808,0.42934172493054873,1.0341734198271233,-0.06395389453637859,0.12753262293257037,-0.34300692628306295,0.9123641255951754,1.284684647844051,2.8416051855563826,3.0314103274343993,-0.04745514981786872,3.1210094804985156,0.40401243263832515
2019-09-08,0.5431009671255776,0.6861842729311776,0.6282968751817178,-0.10765591238960363,0.49097804800411904,0.7257423255202219,1.312761061777252,0.5029241184471517,1.0765000603173616,1.462419061331892,0.6506030881970684,0.7998942506635539,0.6693053491847394,-0.10906123962672924,0.4914756227430089,0.7327576348540932,1.1303426434646484,0.6232536474866107,0.7306088811610733,1.0486694275905808,-0.170523553256991,-0.31309246426130727,-1.6819039158437274,-0.19244894756737446,1.9445912419185272
2019-09-15,0.6352028108905734,0.7383353380780715,0.7452951359889595,-0.257493758442277,-0.9545553964845341,0.5416315036192355,0.5441311228852334,0.6400392945168668,-0.2756940813685148,-0.9032677803249153,0.6400327773612774,0.7367902305030716,0.5991831117428529,-0.01890802135997241,-0.9776604208459426,0.5509086168329766,0.5968896141388563,0.5146387582558892,0.11996572082118283,-1.0844626986527006,-0.694099509170287,-0.5721320793212027,-0.9937790003216933,-0.515383791160583,0.19847606798987039
2019-09-22,-0.15765464295254686,-0.19829221070343647,-0.17576083458361869,-0.003390479901296427,-0.9109667784513801,-0.23576471019917927,-0.17740040435074034,-0.35648685890286985,0.418082092478234,-1.21657898970006,-0.18783698166068857,-0.14230360645883994,-0.3798723013213706,0.5909624789712765,-1.237680617747585,-0.21754070480622573,-0.0672023408660113,-0.5319305632884599,1.0967834298641275,-1.4894852143136206,-0.42438751719455003,-0.40819222641587716,-0.7086921729781056,-0.3694084567524665,0.6933828135001576
2019-09-29,-0.8489837691319717,-0.9345343608532238,-0.6112410002750432,-0.6842838472466988,-0.20992680518224066,-0.8948692763308329,-1.0274139627246919,-0.8061144707954317,-0.4889004441098598,-0.15379076812125614,-0.8121094615891934,-0.9586041221929514,-0.4736690147734583,-0.7358994657331007,-0.08509466999246175,-0.8264646815682294,-0.9472666929026071,-0.7013614974903029,-0.553814536731236,-0.04468057929561275,0.26638664457733896,0.047298845503650315,1.880932348481063,-0.10258786511203795,0.811097377098595
2019-10-06,-0.724272648367629,-0.5405286942600491,-0.5661409266478755,0.18233811339105746,0.786458478563733,-0.7955008149648854,-0.5496247147248325,-0.6531681310568311,0.1730512121804343,0.6425756746131835,-0.7255394506594144,-0.4709153360287716,-0.512152577961532,0.21948050796833363,0.9330544238305,-0.7660894926530788,-0.43108021810182834,-0.723165682272283,0.6397728287358442,0.9645650998549486,2.0397584928863908,1.4033509613910513,1.7893672392636226,1.29807348867506,3.066618789142917
2019-10-13,0.40343197149535015,0.3329845734133855,0.37398424175925987,-0.1292061083099838,0.8169696413300491,0.38824153492495334,0.16733020606695756,0.4873707081613511,-0.5881352450165583,0.37886400450751667,0.40426353988213715,0.17966499876585135,0.5517460557128933,-0.7676236402287671,0.5042824732976895,0.4338406076633712,0.29956854577310243,0.5989158881298347,-0.5701606357160625,0.25475757217768746,0.3177279791352666,0.6565673797583514,0.09179931311774613,0.6723007777899955,-0.6702498436781267
2019-10-20,0.5846581369438569,0.37014969128840175,0.8012307716165317,-0.9948298496727221,-0.3079913994087463,0.47099486084271736,0.23152895227310363,0.8473090578711278,-0.9836118442057924,-0.44425263885362754,0.6827335805390792,0.2982749931359439,0.9554687209084689,-1.1851478772517117,-0.015305156345458946,0.6129550506440788,0.2512001690782398,1.0189668343437641,-1.329353075784698,-0.2637748484687876,1.9404979821092234,2.7751456591195924,-0.3637112259686259,2.8057347120925313,3.138336778183047
2019-10-27,1.1489034800089644,1.216270482367847,1.172408485103616,0.062322675521167624,0.3877065398771291,1.0230358986031518,0.9278425493453418,1.1603938132740421,-0.22956834197223386,0.16108056109479993,1.0506697950699766,1.1768414799446631,1.058935530288359,-0.018581904513356562,0.4985605558632028,1.0775386428025393,0.9654797540375897,1.285450146188248,-0.5125151627440458,0.19793782594048104,0.36467918811027167,-0.25510626567418676,2.361229083001401,-0.405464684150516,-0.20148442383064225
2019-11-03,1.8739289205985488,1.8939096711863492,1.4865737591911399,2.0901749134537004,1.5229813999384068,2.0619499963587815,1.8966966141524935,1.9441772199293368,0.26777401402689344,0.48228989080778817,1.9178907772166858,1.9410382599737508,1.638596853340595,1.3367607863915143,1.3856795143536418,1.9776311944316576,1.9326113252007722,1.8980646410001019,0.48497616602782184,0.7073646735973572,0.6773240426980518,0.007165305915502076,1.7800806059967125,-0.12502858794409707,-0.628684954369245
2019-11-10,1.280225092352644,1.1361478954970405,1.3960949566993954,-0.4459747978000759,-1.2369572437372323,1.199740792053943,0.981976331410683,1.26424217174097,-0.3517690261895778,-0.7853420219607496,1.201875273803729,1.1334958005416893,1.3769616929050255,-0.35248319226028485,-0.8253638669466143,1.2123855974062543,0.9801541786654211,1.2911642382346347,-0.635215707929531,-0.5636812242728969,0.9196141175605685,0.3292660041093751,0.9140658055091939,0.259044490944359,-1.3027330501130758
2019-11-17,1.308564028393236,1.1533302909275103,1.5700401280348377,-1.1982219412313304,-0.2726824561786152,1.229550283504171,0.9946172956226683,1.3862908884967438,-0.8146565005079476,-0.4271353282995369,1.2603018829892054,0.9870014647449247,1.5291240383208669,-1.270207601767216,-0.44471387402297474,1.2319236145316563,1.0623255022066043,1.433565002551055,-0.8833326484695038,-0.28606127382642865,0.08390003668929293,-0.002031876590538312,0.04220420543655498,-0.005347133871323525,-0.2662478982145182
2019-11-24,1.3082080790491304,1.124152278695764,1.483066459296288,-1.2950411682632181,-0.15810628050131817,1.2914479723275847,0.9906317632072438,1.3777741925602816,-1.0163212549800642,-0.5339020657600756,1.2799526411352558,1.1562461369582484,1.3380573687032806,-0.6345112836129062,-0.5635203585370371,1.2899013185269197,1.1495961221914746,1.128512791195822,-0.1167701237347444,-0.8762171896736092,-0.46755246764974717,-0.45806544197740434,-0.6417881413298109,-0.40696457289428567,-0.7247200677639455
2019-12-01,1.0395305717996755,1.23728500303282,1.105836339091559,0.6007823818702416,0.9070555062748419,0.9066466803133222,0.9777499173506095,0.9141972909621744,0.2553151689560176,0.5907221095173887,0.9446514966892918,1.201940987862261,0.8258405097104196,1.1330065879049083,0.9162010667428672,0.951055537210701,1.0020531785234776,0.9535559429293936,0.10808291012142932,0.7158796205277624,-0.8791749282847671,-0.6353759078211443,-0.19110537745021203,-0.6209204668821464,-0.1118084100843338
2019-12-08,1.531116028613379,1.7893779148185252,1.4502599941951022,1.7708486984638805,1.3947137821882116,1.6419850678202594,1.9654648400742962,1.3565688861658736,2.6564472095204534,2.1734413454938304,1.5623954842592103,1.7717377639293324,1.5698635321166445,0.9726677881962549,1.3295328183393373,1.5455629750813082,1.7261072443359324,1.3666782455027189,1.4008511459374358,1.5403460547296428,-0.19119235789111486,-0.32834460707501056,-0.2747154132628156,-0.3064248220226393,-0.04623435112686192
2019-12-15,2.0702272603721386,1.9958151127922132,2.040227510521105,0.5140060591729768,0.8369094897378068,2.0799011441305018,2.005454913887192,2.0568266022702075,0.596997889542196,1.0118700288269342,1.898870948338865,1.985200232561362,1.6188693728569994,1.9300925995501728,0.7764350956321264,2.1199995015939446,2.1444717209175836,2.0523678383123083,0.930869140396351,1.245651469225155,1.1172954960439947,0.3647767252316737,1.8808502597476366,0.19830752329131904,-1.0499716769467093
2019-12-22,1.8210740339852123,1.8462804738564214,1.2230097304148513,2.7054493694002595,-2.667142459951336,1.6974289834353844,1.707936753278082,1.0974629608090183,2.605852337632732,-2.6279006089662538,1.8296138258371055,1.8707268638788466,1.2497062583307892,2.493151770046099,-2.663421751643987,1.6656301567824559,1.7695159312141588,0.9653656721580632,2.87035465297114,-2.6912017292380055,-0.025272692780897537,-0.57922464644021,1.7323457759497687,-0.7279600337007679,-0.3540193156123948
2019-12-29,0.6712449351485025,0.6994535305813625,0.8407543001189279,0.008560568778516764,0.5565270190362883,0.7157125747135374,0.7561653616757511,0.8328006428613535,0.26347910107124745,0.4613441900151671,0.7064298769837176,0.6719669340948077,0.9272763235871866,-0.025785779119647335,0.5415752257880562,0.7285477134101047,0.8218849125789642,0.8706249939158932,0.34933573949534835,0.5343124540047952,-0.1564690632229652,-0.5462805816710973,1.3470887954554374,-0.6664223129519921,0.09863270836464048
2020-01-05,1.0194604422983695,1.2970124581800917,1.0862681679603488,1.2671393166306277,1.255139436068882,1.1861140781420638,1.2239111118494743,1.1938899329288963,0.946018212929937,1.0736388497453473,1.1063403729136445,1.1673272466284679,1.4932952806004753,0.40272800223459077,1.0044260008044006,1.1421961733931651,1.1918947600914098,1.3609703597133802,0.5527618764278811,1.0856323215647388,0.3152232827492897,0.02088960060984465,0.5536580948049947,-0.038053270404082004,0.17904786264987985
2020-01-12,1.8441488749276185,1.643555220847637,2.1615354745541726,-0.41135470211463904,0.08488648230028195,1.7798527698073978,1.594749818479883,2.2108191643005966,-0.7254732892409804,-0.4796345340443641,1.8836065591791742,1.6228227506090107,2.3888211775430683,-0.7282111055156648,0.28813684663371086,1.8135341736767179,1.653888908517739,2.2395095415781423,-0.4495515322723449,-0.4560342798651065,-0.2662988455885154,0.11414920813539318,-0.22507449949695457,0.13263336853486893,-0.7466066564563866
2020-01-19,0.7016022563988504,0.7547841341264404,0.8239257143341906,0.15630229781220853,-1.294242919634401,0.6273834233071399,0.6103469031900737,0.6974766499179237,0.026952823511805484,-1.1372898579500492,0.4790753545499009,0.5391191123947241,0.3662291998512097,0.5293849362383218,-1.3331634002350312,0.43421208822209784,0.5119595112448142,0.17443631938165002,0.9128916871630495,-1.2397690469893792,1.4906471298718393,0.5305803433335584,0.3563138456542828,0.4499655076082254,0.4568579213541448
2020-01-26,-1.3623236317197265,-1.3094084422499703,-1.4208936883207561,-0.2570056283556269,-0.5044828532492643,-1.3558154993435152,-1.2271507908824049,-1.5147946486189956,0.34014875245416215,-0.5024920428066881,-1.5826580530887802,-1.2402297772040287,-1.985506630294119,1.326739333827267,-1.016340139633544,-1.4570412741265206,-1.1822478840968376,-1.9360379214423002,1.5047547764596105,-1.0971206884723375,0.3092758528910011,1.5767312140584835,-1.039218390522612,1.800363479162528,1.9966130594204048
2020-02-02,-1.1039598119271024,-0.7400663358644664,-2.012140647417044,2.39151423247496,1.9896191085286465,-0.9908299784484672,-0.7022970579771783,-1.6162420641109179,1.9253566298634017,1.6338744347642957,-1.021644457897693,-0.7829651833673351,-1.7161756772982188,1.8331283122737132,1.8696177177646638,-0.9919369199806108,-0.7594184708803862,-1.5030572660133614,1.6188065724125562,1.6060142958333758,0.34644651647583613,-0.6097228811161814,1.295883665876455,-0.9016546237149787,0.11776343017618106
2020-02-09,0.2252912500245957,0.2352951884402393,-0.3147392357155711,0.9630695939970326,1.0670402027923058,0.33503628703953836,0.31912311031486357,0.1318497333453368,0.3655060795852492,0.8437733534900541,0.28374580199752003,0.24836104532198086,-0.07849577652771367,0.5589703060388965,1.0381802461078171,0.3398804687427066,0.4113929282298629,0.31786816419802255,0.11437524456326162,0.5501382421770914,-0.7631357799800267,-0.9008293414046854,-0.08713515677814754,-0.8536701520837434,-0.27205164024185113
2020-02-16,0.2954945326187212,-0.03336734380546532,0.5924041525807684,-1.119449211240109,-0.31213693056678743,0.18934174850665908,-0.05941121061743738,0.5736906185857884,-1.2859598624569475,-0.3218359984413124,0.38953586854348804,0.11464631186407385,0.8236389029839611,-1.4157738521408256,-0.22566569294677088,0.24063751395177949,0.009539501905393785,0.6430505995844616,-1.3791422231659298,-0.1790945038139293,-1.8595981316340187,-1.4148622972942548,-1.5364360233962222,-1.0572878282761593,-0.05870643599292697
2020-02-23,-1.1592924562062712,-1.305006894714211,-1.3216212844018376,0.4811325124170237,-1.3663330919563552,-0.9620140762105354,-1.1685219029697775,-0.8631620730193029,-0.3448744714363356,-0.7675096446995565,-1.1457634661210492,-1.427247920717046,-1.2214933273595954,0.22666170205476557,-1.3168539040737706,-1.0994624251105813,-1.2970719890001823,-0.8438509600386457,-0.5466258633287643,-0.7384281220680737,0.22498400673600819,-0.0738164715678292,1.4944065826467932,-0.4734227990432616,0.17259015737017827
2020-03-01,-0.8385416374946802,-0.972641813112271,-0.7777291261980118,-0.04755964086171745,0.32068647263682193,-0.8409003868353077,-1.0066176539160452,-0.4978201159313719,-0.8262660552739598,-0.27765789855403156,-0.8119415843276199,-0.917329933736539,-0.6118513582040208,-0.23275493428207836,0.31065641563643154,-0.7189926939388654,-0.9303762165048223,-0.30568288469727806,-1.0325543614339774,-0.1632663364182316,0.2816724175140093,0.03601668702634457,0.5809140970946479,-0.12100515214977658,0.32844070585435176
2020-03-08,-2.0708595615866954,-1.068514121560981,-2.2507233363342563,2.69424500296315,-1.8816458794210844,-2.0859226636098622,-1.2903401315712384,-2.3526543015315227,2.7297867445326625,-1.9328907095414969,-2.2345869061256765,-1.6676327370306347,-2.442961684235415,2.722199603658336,-1.410041507454836,-2.1628550017772907,-1.5978068699743517,-2.3916130995442777,2.6243935649732397,-1.6977308503885649,0.9782489361298249,0.6625565725798546,0.18616575198619403,0.5961816019828721,0.6577871894694667
2020-03-15,-2.7400696864803313,-2.830897120226533,-2.6327065656778403,1.3011739803248379,-0.7220948455878841,-2.7185818174069714,-2.790938755370329,-2.6256884091820214,1.4269020772968781,-1.152353985235365,-2.7135583820429505,-2.7648800334219774,-2.5261230620443564,1.4983444808335242,-0.7282835835853201,-2.7405224620083732,-2.7968702386354605,-2.5295949226255505,0.9676405072591698,-0.4233092858006827,1.904039739887595,2.000199034395983,0.07715293711502363,1.9192620143774384,-1.3074154204055042
2020-03-22,-1.7037299051609784,-1.8043471757640608,-1.6627408644266424,0.8579671961026366,1.38762122971021,-1.5771023025835504,-1.5779384714746911,-1.841720012612206,1.950159104847147,2.295695464869687,-1.6324210149833076,-1.8062138755384904,-1.6450918924939764,1.0522891865586455,1.8566777761487394,-1.5062939620128035,-1.4739784245122844,-1.7087900284273758,1.7939571552223696,2.083351910678724,0.6447623859748077,0.014086733277423309,0.7236682721584833,-0.14494545983778295,0.04719286230564794
2020-03-29,-1.045599603869535,-1.2032324375021566,-0.7516480788342428,-0.5776804026499842,-0.3916347703983175,-1.1573179331996988,-1.4592623521707278,-0.7642278581946635,-0.8146346975045311,-0.2080586822579351,-0.9999449143177361,-1.2876144263081175,-0.62684786120167,-0.9580608297662575,-0.40973375330723916,-1.1081780523798295,-1.376162103507862,-0.7607955788791341,-0.8611699042775484,-0.40377124060832226,-0.6924092633411892,-1.0018396778779244,-0.3407001222424213,-0.9295463528454855,0.2766222807841376
2020-04-05,-0.6524234847364062,-0.8883819183308239,-0.39147597885871666,-0.8834667151476511,0.21936774069203607,-0.7162366061596618,-0.9180407930317614,-0.46977463602766467,-0.5507935253232545,0.4405728870078367,-0.5850954350108535,-0.8439728759878962,-0.27281665507752034,-0.9920453768085927,0.23520280889859768,-0.6784243289936992,-0.9020395660684272,-0.37108842293880145,-0.9165395274956107,0.4026866875743035,-0.2152046753631479,-0.7353892436794351,0.8996517615578117,-0.9198598351289041,0.5001111427239363
2020-04-12,-0.2040588765257692,-0.1536003969089559,-0.08353705201849689,-0.10426485096232409,0.8646052589354203,-0.30455569465981863,-0.32782125072965956,-0.18689805809884083,-0.13733218039126818,0.7157568139370925,-0.16915585756902973,-0.22966474315981394,0.018166873650908133,-0.4756273531965814,0.673084801712154,-0.2053087203695402,-0.24851183464465165,-0.10663184026121528,-0.22224491663646972,0.9311630660611004,-1.389527291302333,-0.5636342902651826,-1.2688219211851355,-0.26897319357454263,-1.3574225862609524
2020-04-19,0.12244770676945974,-0.04694238709635413,0.34463001048046293,-0.8747674054543414,0.10786101785281253,0.07001290863087457,-0.17484701590299304,0.24227077802645688,-0.7888843122522216,-0.2630913650067106,0.1701840588737173,0.007107764028582015,0.4262294283358176,-0.928441761214543,-0.11613796663576569,0.13938640891250648,-0.08160328327462589,0.31839240126122764,-0.8493418608047499,-0.2217489158390338,-0.3179776851940692,0.4555042830835973,-1.4265367237951567,0.8109254782362628,-0.7785088983853606
2020-04-26,0.2745983423617706,0.15580566625413036,0.38937202831873075,-0.5989555712243169,-0.5294791082195669,0.18542091452524564,0.008566220494002358,0.20824740461585928,-0.42351876711101,-0.6325395617330982,0.20285343018829213,0.09329603197576304,0.33192118767100426,-0.5670303978617053,-0.6313397547950277,0.23141858055774958,0.10497586354963946,0.2594831975837169,-0.3938753227879287,-0.7033865365093659,-0.6649132619061223,-0.48586841642382755,-0.07690648500629452,-0.4794729705756316,0.38663454429867455
2020-05-03,0.22271498496046874,0.178460673650987,0.3934669860979677,-0.5822483391906864,0.4478396139631202,0.13279086437456336,0.08024348090538222,0.2759995146778119,-0.45542563981892614,0.4561672456128947,0.19333239765785562,0.21167305551276352,0.35101668876532033,-0.4237935524603127,0.5670060248973214,0.11839173727726235,0.0777798985365458,0.2734354617663486,-0.475555552317169,0.5816912495593937,-1.2264721511214312,-1.2562161194676265,-0.6590546615861133,-1.1526431009994522,0.2292471941110145
2020-05-10,0.5508500376438635,0.3725910168202961,0.6321820808779884,-0.7652263219239017,-0.010470329365346333,0.5461491806451129,0.433767560126075,0.6159292033827175,-0.6206367063278951,-0.09982264774409758,0.5500665827903218,0.4057174061965318,0.5661328342922245,-0.5831736650502549,-0.00985354789297982,0.5027725842944195,0.37782379321627174,0.5811680703519296,-0.638543728410334,0.07858988272775734,-1.2526378338255737,-1.1710873166685811,-0.904323596432242,-1.0177891145153282,-0.043676124492153925
2020-05-17,1.0403459995670314,0.9932782056708866,0.8709299080296564,-0.19837048060633108,-0.6111016704808165,1.0152483310887068,1.0008633308548451,0.7849466346108542,-0.15769751258236286,-0.6816838534824202,1.032296530203969,1.1210055766340645,0.6724002547491339,0.2734438652749886,-1.1026372225273908,1.0028604813957465,1.0972634341305134,0.6362766159974096,0.3319488315724232,-1.099486379194683,-0.21327278483488807,-0.06898176566202903,0.04754447544965828,-0.0829740172691538,0.3764713763020237
2020-05-24,0.5405643047996966,0.4333142272496208,0.69273480889973,-0.7391000355856404,-0.47420534198606323,0.5295814739854615,0.3386686238257545,0.6597141865306444,-0.7619449244764297,-0.011272772023571161,0.5153024413895307,0.488998183122806,0.5662785644438039,-0.41388477760254283,-0.3740909594275439,0.5677940347247563,0.41000613422229826,0.7299721704676819,-0.7977248819971289,0.13903467328388724,-0.6078422369010253,-0.5700459308063325,-0.6573289559740743,-0.4589852434233498,0.71178202903805
2020-05-31,1.3942046248858588,1.4312592990214839,1.0862855876891897,0.09146073405212304,1.1330975226708493,1.5095672491598147,1.7523686412542885,1.1365918423012529,0.3305041608065506,1.057590554700261,1.4520219667673506,1.6082955231430487,1.1839192682297137,0.029411628568702303,1.130126803153226,1.4937155930148147,1.7352617276886002,1.199029587131558,0.33139241034893596,1.2557474732583964,-0.9095832567040257,-1.042988435086548,-0.2045988035404901,-1.0525605714896633,0.2676426352850149
2020-06-07,1.3723245075356043,1.4105799697349723,1.2689180306754846,-0.5066401067304105,-0.8088354920293185,1.4290343173921978,1.5009754624107192,1.2975732344808641,-0.35366430810289895,-0.7021816534061895,1.3659295827361178,1.4625766639430928,1.2684390766162201,-0.33674205235383536,-0.9301277216248911,1.3595746210988384,1.4415643967371163,1.3064175829609448,-0.31357198436507405,-0.8647493227564552,-0.6411711223450509,-0.545869011827605,-0.6852803723796013,-0.4351599287020583,0.5692290899027636
2020-06-14,1.4075840595640745,1.609942697575086,1.1704347525816035,1.033439191387244,1.2079699274568088,1.537303472595063,1.7515703164118874,1.201844518277693,0.7124871756491782,0.9368938328123756,1.4351071964562916,1.5980602998893547,1.2088741273709251,0.8265498299034024,1.1076508136081944,1.4672986535689978,1.6412678962892913,1.196736880382244,0.6479771165224371,1.071724594487421,-0.20624260071576914,-0.5779089249669672,0.17283716056326806,-0.6333264468856665,0.3910583530066977
2020-06-21,1.8251264419655175,1.7355402806781712,2.00752072248136,-0.6462868193959848,0.35327750027377774,1.8659795478615604,1.7169564100106405,2.0908318222161144,-0.5329213219774658,0.39363435254532625,1.832560002485179,1.7260745121290686,2.1246295684606578,-0.6136759875904022,0.17528241791857055,1.8085035238182445,1.6349271434935284,2.0997979058249814,-0.8161961731952678,-0.1209370687103374,-1.545614258370229,-1.3078816355903746,-1.5267712166368748,-0.838899040107964,-0.23949577955664622
2020-06-28,1.7319656447053182,1.8020394282710965,1.897111647172393,0.05435412933186358,0.5821723489386744,1.7930397912575018,1.9648222919775018,1.83932297853245,1.3575846680496948,1.2146403699017918,1.7574681208500456,1.7959790503102322,1.9136998265151182,0.12037428935671597,0.8140997811853298,1.846335252834919,1.9413035997205468,1.8751320719100868,0.9721821989821273,1.1392350937566378,-0.935165203487132,-1.0224049192454094,-0.34230821248147647,-0.9230961923954988,0.2306271338440968
2020-07-05,2.4813851592105394,2.4147953543060696,2.5463417927999066,-1.24161274624688,0.05793272449890144,2.5575528912173215,2.426977213751041,2.6314622013644944,-0.7207241488533295,-1.020415880473456,2.446309282335748,2.311740717268292,2.52516630703207,-1.7220009238351384,-0.05610881335069486,2.544025606811115,2.474455335696068,2.549176750286682,0.353437561529464,-1.2963594009763453,2.206675429540659,1.0679733144989285,2.2972706620153884,0.4488005656482539,-1.8078334707569834
